timestamp_iso,timestamp_unix,system,point_id,condition,region,channel,cycle_idx,n_valid,gt_x,gt_y,gt_z,r_AN0,r_AN1,r_AN2,r_AN3,r_AN4,pos_x,pos_y,pos_z,qf
2026-06-11 11:33:48.686,1781166828.686,DWM1001C,2,LOS,punct_interior,5,1,4,1.965,1.0,1.0,1.05,3.03,10.62,17.36,,2.12,-1.01,0.96,70.0
2026-06-11 11:33:48.789,1781166828.79,DWM1001C,2,LOS,punct_interior,5,2,4,1.965,1.0,1.0,1.03,2.98,10.7,17.32,,2.13,-1.02,0.95,63.0
2026-06-11 11:33:48.892,1781166828.893,DWM1001C,2,LOS,punct_interior,5,3,4,1.965,1.0,1.0,1.0,3.03,10.63,17.41,,2.12,-1.04,0.98,73.0
2026-06-11 11:33:48.996,1781166828.996,DWM1001C,2,LOS,punct_interior,5,4,4,1.965,1.0,1.0,1.05,3.0,10.79,17.3,,2.13,-1.02,0.95,53.0
2026-06-11 11:33:49.100,1781166829.101,DWM1001C,2,LOS,punct_interior,5,5,4,1.965,1.0,1.0,0.97,3.01,10.71,17.34,,2.12,-1.03,0.96,67.0
2026-06-11 11:33:49.203,1781166829.204,DWM1001C,2,LOS,punct_interior,5,6,4,1.965,1.0,1.0,1.02,3.04,10.73,17.46,,2.11,-1.02,0.96,61.0
2026-06-11 11:33:49.286,1781166829.286,DWM1001C,2,LOS,punct_interior,5,7,4,1.965,1.0,1.0,0.98,2.95,10.74,17.43,,2.13,-1.02,0.96,63.0
2026-06-11 11:33:49.389,1781166829.389,DWM1001C,2,LOS,punct_interior,5,8,4,1.965,1.0,1.0,1.01,3.05,10.76,17.38,,2.12,-1.01,0.95,58.0
2026-06-11 11:33:49.492,1781166829.492,DWM1001C,2,LOS,punct_interior,5,9,4,1.965,1.0,1.0,1.02,2.99,10.72,17.45,,2.12,-1.01,0.95,62.0
2026-06-11 11:33:49.595,1781166829.595,DWM1001C,2,LOS,punct_interior,5,10,4,1.965,1.0,1.0,1.02,3.01,10.77,17.39,,2.12,-1.0,0.94,57.0
2026-06-11 11:33:49.697,1781166829.698,DWM1001C,2,LOS,punct_interior,5,11,4,1.965,1.0,1.0,1.0,2.95,10.67,17.39,,2.14,-1.02,0.96,69.0
2026-06-11 11:33:49.801,1781166829.801,DWM1001C,2,LOS,punct_interior,5,12,4,1.965,1.0,1.0,0.98,2.96,10.72,17.38,,2.14,-1.03,0.97,65.0
2026-06-11 11:33:49.905,1781166829.905,DWM1001C,2,LOS,punct_interior,5,13,4,1.965,1.0,1.0,1.02,2.93,10.72,17.51,,2.16,-1.03,0.97,62.0
2026-06-11 11:33:49.987,1781166829.987,DWM1001C,2,LOS,punct_interior,5,14,4,1.965,1.0,1.0,1.0,2.99,10.76,17.45,,2.15,-1.02,0.96,60.0
2026-06-11 11:33:50.090,1781166830.09,DWM1001C,2,LOS,punct_interior,5,15,4,1.965,1.0,1.0,0.99,2.92,10.79,17.35,,2.16,-1.0,0.96,57.0
2026-06-11 11:33:50.193,1781166830.193,DWM1001C,2,LOS,punct_interior,5,16,4,1.965,1.0,1.0,1.02,2.91,10.75,17.41,,2.18,-1.0,0.96,59.0
2026-06-11 11:33:50.296,1781166830.297,DWM1001C,2,LOS,punct_interior,5,17,4,1.965,1.0,1.0,0.99,2.95,10.82,17.4,,2.18,-0.98,0.95,54.0
2026-06-11 11:33:50.400,1781166830.4,DWM1001C,2,LOS,punct_interior,5,18,4,1.965,1.0,1.0,1.01,2.96,10.73,17.37,,2.18,-0.99,0.95,61.0
2026-06-11 11:33:50.504,1781166830.504,DWM1001C,2,LOS,punct_interior,5,19,4,1.965,1.0,1.0,0.99,2.96,10.73,17.42,,2.17,-1.0,0.96,63.0
2026-06-11 11:33:50.602,1781166830.602,DWM1001C,2,LOS,punct_interior,5,20,4,1.965,1.0,1.0,1.02,2.94,10.79,17.4,,2.18,-0.99,0.95,55.0
2026-06-11 11:33:50.684,1781166830.684,DWM1001C,2,LOS,punct_interior,5,21,4,1.965,1.0,1.0,1.01,2.9,10.82,17.37,,2.19,-0.97,0.94,52.0
2026-06-11 11:33:50.807,1781166830.808,DWM1001C,2,LOS,punct_interior,5,22,4,1.965,1.0,1.0,1.0,2.99,10.73,17.38,,2.18,-0.98,0.95,63.0
2026-06-11 11:33:50.890,1781166830.89,DWM1001C,2,LOS,punct_interior,5,23,4,1.965,1.0,1.0,1.0,2.91,10.78,17.46,,2.19,-0.98,0.95,57.0
2026-06-11 11:33:50.994,1781166830.994,DWM1001C,2,LOS,punct_interior,5,24,4,1.965,1.0,1.0,1.01,2.94,10.75,17.45,,2.19,-0.99,0.95,60.0
2026-06-11 11:33:51.097,1781166831.098,DWM1001C,2,LOS,punct_interior,5,25,4,1.965,1.0,1.0,0.97,2.99,10.74,17.44,,2.17,-0.99,0.96,63.0
2026-06-11 11:33:51.201,1781166831.201,DWM1001C,2,LOS,punct_interior,5,26,4,1.965,1.0,1.0,1.01,2.92,10.75,17.42,,2.18,-0.99,0.96,60.0
2026-06-11 11:33:51.304,1781166831.305,DWM1001C,2,LOS,punct_interior,5,27,4,1.965,1.0,1.0,1.01,2.94,10.72,17.37,,2.18,-1.0,0.96,63.0
2026-06-11 11:33:51.387,1781166831.388,DWM1001C,2,LOS,punct_interior,5,28,4,1.965,1.0,1.0,1.0,2.95,10.74,17.4,,2.18,-1.0,0.96,61.0
2026-06-11 11:33:51.490,1781166831.49,DWM1001C,2,LOS,punct_interior,5,29,4,1.965,1.0,1.0,1.01,2.95,10.8,17.32,,2.18,-0.99,0.95,54.0
2026-06-11 11:33:51.593,1781166831.593,DWM1001C,2,LOS,punct_interior,5,30,4,1.965,1.0,1.0,1.0,2.97,10.74,17.41,,2.18,-0.99,0.95,61.0
2026-06-11 11:34:20.187,1781166860.188,DWM1001C,3,LOS,punct_interior,5,1,4,2.965,1.0,1.0,1.71,2.0,10.67,17.98,,3.27,-1.16,0.95,53.0
2026-06-11 11:34:20.289,1781166860.29,DWM1001C,3,LOS,punct_interior,5,2,4,2.965,1.0,1.0,1.73,2.02,10.75,18.36,,3.28,-1.15,0.93,48.0
2026-06-11 11:34:20.392,1781166860.393,DWM1001C,3,LOS,punct_interior,5,3,4,2.965,1.0,1.0,1.71,2.01,10.72,18.41,,3.27,-1.15,0.93,50.0
2026-06-11 11:34:20.496,1781166860.496,DWM1001C,3,LOS,punct_interior,5,4,4,2.965,1.0,1.0,1.76,2.07,10.72,18.4,,3.27,-1.15,0.9,49.0
2026-06-11 11:34:20.599,1781166860.6,DWM1001C,3,LOS,punct_interior,5,5,4,2.965,1.0,1.0,1.72,2.05,10.71,18.31,,3.27,-1.15,0.9,49.0
2026-06-11 11:34:20.702,1781166860.703,DWM1001C,3,LOS,punct_interior,5,6,4,2.965,1.0,1.0,1.71,2.05,10.65,18.29,,3.26,-1.16,0.91,53.0
2026-06-11 11:34:20.786,1781166860.786,DWM1001C,3,LOS,punct_interior,5,7,4,2.965,1.0,1.0,1.73,2.03,10.63,18.3,,3.26,-1.18,0.93,55.0
2026-06-11 11:34:20.889,1781166860.89,DWM1001C,3,LOS,punct_interior,5,8,4,2.965,1.0,1.0,1.71,2.06,10.64,18.28,,3.26,-1.19,0.93,53.0
2026-06-11 11:34:20.993,1781166860.993,DWM1001C,3,LOS,punct_interior,5,9,4,2.965,1.0,1.0,1.76,2.04,10.6,18.43,,3.26,-1.21,0.94,55.0
2026-06-11 11:34:21.097,1781166861.097,DWM1001C,3,LOS,punct_interior,5,10,4,2.965,1.0,1.0,1.73,2.04,10.62,18.35,,3.26,-1.22,0.95,55.0
2026-06-11 11:34:21.200,1781166861.2,DWM1001C,3,LOS,punct_interior,5,11,4,2.965,1.0,1.0,1.76,2.05,10.64,18.34,,3.27,-1.22,0.94,53.0
2026-06-11 11:34:21.302,1781166861.302,DWM1001C,3,LOS,punct_interior,5,12,4,2.965,1.0,1.0,1.79,2.11,10.58,18.35,,3.26,-1.23,0.92,54.0
2026-06-11 11:34:21.384,1781166861.384,DWM1001C,3,LOS,punct_interior,5,13,4,2.965,1.0,1.0,1.71,2.08,10.58,18.09,,3.25,-1.24,0.94,55.0
2026-06-11 11:34:21.486,1781166861.487,DWM1001C,3,LOS,punct_interior,5,14,4,2.965,1.0,1.0,1.75,2.08,10.58,18.05,,3.25,-1.25,0.94,55.0
2026-06-11 11:34:21.589,1781166861.59,DWM1001C,3,LOS,punct_interior,5,15,4,2.965,1.0,1.0,1.73,2.05,10.55,17.77,,3.25,-1.27,0.97,58.0
2026-06-11 11:34:21.692,1781166861.693,DWM1001C,3,LOS,punct_interior,5,16,4,2.965,1.0,1.0,1.71,2.12,10.55,17.68,,3.24,-1.28,0.97,56.0
2026-06-11 11:34:21.795,1781166861.796,DWM1001C,3,LOS,punct_interior,5,17,4,2.965,1.0,1.0,1.72,1.98,10.54,18.02,,3.26,-1.3,1.03,61.0
2026-06-11 11:34:21.899,1781166861.899,DWM1001C,3,LOS,punct_interior,5,18,4,2.965,1.0,1.0,1.75,2.0,10.56,18.52,,3.27,-1.3,1.04,59.0
2026-06-11 11:34:22.003,1781166862.003,DWM1001C,3,LOS,punct_interior,5,19,4,2.965,1.0,1.0,1.71,2.08,10.53,18.07,,3.26,-1.31,1.05,58.0
2026-06-11 11:34:22.085,1781166862.086,DWM1001C,3,LOS,punct_interior,5,20,4,2.965,1.0,1.0,1.74,2.05,10.56,18.21,,3.26,-1.31,1.04,58.0
2026-06-11 11:34:22.188,1781166862.188,DWM1001C,3,LOS,punct_interior,5,21,4,2.965,1.0,1.0,1.75,2.1,10.5,18.16,,3.25,-1.32,1.04,59.0
2026-06-11 11:34:22.291,1781166862.291,DWM1001C,3,LOS,punct_interior,5,22,4,2.965,1.0,1.0,1.73,1.99,10.56,18.4,,3.26,-1.32,1.06,60.0
2026-06-11 11:34:22.395,1781166862.395,DWM1001C,3,LOS,punct_interior,5,23,4,2.965,1.0,1.0,1.71,2.09,10.57,17.63,,3.25,-1.31,1.04,55.0
2026-06-11 11:34:22.497,1781166862.498,DWM1001C,3,LOS,punct_interior,5,24,4,2.965,1.0,1.0,1.72,2.09,10.58,18.08,,3.25,-1.3,1.02,55.0
2026-06-11 11:34:22.600,1781166862.6,DWM1001C,3,LOS,punct_interior,5,25,4,2.965,1.0,1.0,1.76,2.09,10.56,18.29,,3.25,-1.3,1.0,56.0
2026-06-11 11:34:22.703,1781166862.704,DWM1001C,3,LOS,punct_interior,5,26,4,2.965,1.0,1.0,1.75,2.05,10.58,18.13,,3.25,-1.3,0.99,56.0
2026-06-11 11:34:22.786,1781166862.786,DWM1001C,3,LOS,punct_interior,5,27,4,2.965,1.0,1.0,1.68,2.1,10.57,18.11,,3.24,-1.29,1.0,55.0
2026-06-11 11:34:22.888,1781166862.889,DWM1001C,3,LOS,punct_interior,5,28,4,2.965,1.0,1.0,1.75,2.1,10.57,17.84,,3.24,-1.29,0.98,55.0
2026-06-11 11:34:22.991,1781166862.992,DWM1001C,3,LOS,punct_interior,5,29,4,2.965,1.0,1.0,1.74,2.04,10.57,17.76,,3.25,-1.3,0.99,58.0
2026-06-11 11:34:23.095,1781166863.095,DWM1001C,3,LOS,punct_interior,5,30,4,2.965,1.0,1.0,1.74,2.1,10.5,17.95,,3.24,-1.31,1.0,59.0
2026-06-11 11:34:54.200,1781166894.201,DWM1001C,4,LOS,punct_interior,5,1,4,3.965,1.0,1.0,2.59,1.29,10.86,17.89,,4.29,-1.21,0.95,58.0
2026-06-11 11:34:54.303,1781166894.304,DWM1001C,4,LOS,punct_interior,5,2,4,3.965,1.0,1.0,2.56,1.29,10.81,17.92,,4.29,-1.22,0.98,62.0
2026-06-11 11:34:54.406,1781166894.407,DWM1001C,4,LOS,punct_interior,5,3,4,3.965,1.0,1.0,2.56,1.26,10.91,17.78,,4.29,-1.2,0.98,55.0
2026-06-11 11:34:54.490,1781166894.491,DWM1001C,4,LOS,punct_interior,5,4,4,3.965,1.0,1.0,2.56,1.31,10.86,17.84,,4.28,-1.2,0.97,56.0
2026-06-11 11:34:54.595,1781166894.595,DWM1001C,4,LOS,punct_interior,5,5,4,3.965,1.0,1.0,2.53,1.34,10.8,17.93,,4.27,-1.22,0.98,58.0
2026-06-11 11:34:54.698,1781166894.698,DWM1001C,4,LOS,punct_interior,5,6,4,3.965,1.0,1.0,2.62,1.32,10.71,17.84,,4.28,-1.26,1.02,70.0
2026-06-11 11:34:54.800,1781166894.801,DWM1001C,4,LOS,punct_interior,5,7,4,3.965,1.0,1.0,2.59,1.34,10.85,17.82,,4.28,-1.25,0.99,56.0
2026-06-11 11:34:54.903,1781166894.904,DWM1001C,4,LOS,punct_interior,5,8,4,3.965,1.0,1.0,2.55,1.32,10.84,17.89,,4.27,-1.24,0.99,57.0
2026-06-11 11:34:54.986,1781166894.986,DWM1001C,4,LOS,punct_interior,5,9,4,3.965,1.0,1.0,2.56,1.3,10.84,17.94,,4.27,-1.24,0.99,58.0
2026-06-11 11:34:55.088,1781166895.088,DWM1001C,4,LOS,punct_interior,5,10,4,3.965,1.0,1.0,2.59,1.31,10.88,17.98,,4.28,-1.23,0.98,55.0
2026-06-11 11:34:55.190,1781166895.191,DWM1001C,4,LOS,punct_interior,5,11,4,3.965,1.0,1.0,2.59,1.27,10.83,17.83,,4.28,-1.23,0.99,62.0
2026-06-11 11:34:55.293,1781166895.293,DWM1001C,4,LOS,punct_interior,5,12,4,3.965,1.0,1.0,2.61,1.27,10.87,17.9,,4.3,-1.23,0.99,60.0
2026-06-11 11:34:55.396,1781166895.397,DWM1001C,4,LOS,punct_interior,5,13,4,3.965,1.0,1.0,2.58,1.32,10.81,18.01,,4.29,-1.23,0.99,60.0
2026-06-11 11:34:55.499,1781166895.5,DWM1001C,4,LOS,punct_interior,5,14,4,3.965,1.0,1.0,2.61,1.31,10.79,17.82,,4.3,-1.25,1.0,64.0
2026-06-11 11:34:55.602,1781166895.602,DWM1001C,4,LOS,punct_interior,5,15,4,3.965,1.0,1.0,2.6,1.33,10.85,17.99,,4.3,-1.24,0.98,57.0
2026-06-11 11:34:55.685,1781166895.685,DWM1001C,4,LOS,punct_interior,5,16,4,3.965,1.0,1.0,2.6,1.32,10.85,17.88,,4.3,-1.24,0.98,58.0
2026-06-11 11:34:55.787,1781166895.788,DWM1001C,4,LOS,punct_interior,5,17,4,3.965,1.0,1.0,2.58,1.32,10.84,17.95,,4.29,-1.24,0.97,58.0
2026-06-11 11:34:55.891,1781166895.892,DWM1001C,4,LOS,punct_interior,5,18,4,3.965,1.0,1.0,2.54,1.33,10.88,17.76,,4.28,-1.22,0.97,54.0
2026-06-11 11:34:55.994,1781166895.995,DWM1001C,4,LOS,punct_interior,5,19,4,3.965,1.0,1.0,2.59,1.32,10.9,17.96,,4.28,-1.21,0.95,53.0
2026-06-11 11:34:56.098,1781166896.098,DWM1001C,4,LOS,punct_interior,5,20,4,3.965,1.0,1.0,2.6,1.29,10.88,17.83,,4.29,-1.21,0.95,57.0
2026-06-11 11:34:56.201,1781166896.202,DWM1001C,4,LOS,punct_interior,5,21,4,3.965,1.0,1.0,2.59,1.3,10.86,17.97,,4.29,-1.21,0.95,58.0
2026-06-11 11:34:56.283,1781166896.284,DWM1001C,4,LOS,punct_interior,5,22,4,3.965,1.0,1.0,2.58,1.31,10.79,17.91,,4.29,-1.23,0.98,63.0
2026-06-11 11:34:56.386,1781166896.387,DWM1001C,4,LOS,punct_interior,5,23,4,3.965,1.0,1.0,2.58,1.31,10.84,17.85,,4.29,-1.23,0.98,58.0
2026-06-11 11:34:56.489,1781166896.49,DWM1001C,4,LOS,punct_interior,5,24,4,3.965,1.0,1.0,2.57,1.3,10.79,17.99,,4.29,-1.24,1.0,64.0
2026-06-11 11:34:56.593,1781166896.593,DWM1001C,4,LOS,punct_interior,5,25,4,3.965,1.0,1.0,2.6,1.32,10.86,17.9,,4.29,-1.24,0.98,57.0
2026-06-11 11:34:56.695,1781166896.695,DWM1001C,4,LOS,punct_interior,5,26,4,3.965,1.0,1.0,2.55,1.3,10.84,17.91,,4.28,-1.23,0.99,59.0
2026-06-11 11:34:56.798,1781166896.798,DWM1001C,4,LOS,punct_interior,5,27,4,3.965,1.0,1.0,2.56,1.3,10.83,17.87,,4.28,-1.24,1.0,60.0
2026-06-11 11:34:56.901,1781166896.902,DWM1001C,4,LOS,punct_interior,5,28,4,3.965,1.0,1.0,2.56,1.29,10.87,17.91,,4.28,-1.23,0.99,57.0
2026-06-11 11:34:57.004,1781166897.004,DWM1001C,4,LOS,punct_interior,5,29,4,3.965,1.0,1.0,2.55,1.33,10.75,17.87,,4.27,-1.25,1.01,64.0
2026-06-11 11:34:57.085,1781166897.086,DWM1001C,4,LOS,punct_interior,5,30,4,3.965,1.0,1.0,2.59,1.3,10.82,18.0,,4.28,-1.25,1.01,61.0
2026-06-11 11:35:29.484,1781166929.484,DWM1001C,5,LOS,punct_interior,5,1,4,4.965,1.0,1.0,3.46,1.14,11.16,17.43,,5.25,-1.21,0.99,58.0
2026-06-11 11:35:29.586,1781166929.587,DWM1001C,5,LOS,punct_interior,5,2,4,4.965,1.0,1.0,3.46,1.17,11.17,17.46,,5.25,-1.2,0.97,56.0
2026-06-11 11:35:29.689,1781166929.689,DWM1001C,5,LOS,punct_interior,5,3,4,4.965,1.0,1.0,3.48,1.11,11.13,17.54,,5.25,-1.21,0.99,63.0
2026-06-11 11:35:29.793,1781166929.793,DWM1001C,5,LOS,punct_interior,5,4,4,4.965,1.0,1.0,3.47,1.15,11.11,17.38,,5.25,-1.22,0.99,62.0
2026-06-11 11:35:29.896,1781166929.896,DWM1001C,5,LOS,punct_interior,5,5,4,4.965,1.0,1.0,3.46,1.14,11.13,17.47,,5.24,-1.22,0.99,61.0
2026-06-11 11:35:29.999,1781166929.999,DWM1001C,5,LOS,punct_interior,5,6,4,4.965,1.0,1.0,3.46,1.17,11.14,17.45,,5.24,-1.21,0.97,58.0
2026-06-11 11:35:30.102,1781166930.103,DWM1001C,5,LOS,punct_interior,5,7,4,4.965,1.0,1.0,3.47,1.16,11.08,17.42,,5.24,-1.23,0.98,65.0
2026-06-11 11:35:30.186,1781166930.186,DWM1001C,5,LOS,punct_interior,5,8,4,4.965,1.0,1.0,3.47,1.17,11.17,17.56,,5.24,-1.21,0.96,56.0
2026-06-11 11:35:30.289,1781166930.289,DWM1001C,5,LOS,punct_interior,5,9,4,4.965,1.0,1.0,3.47,1.15,11.09,17.53,,5.24,-1.22,0.98,64.0
2026-06-11 11:35:30.393,1781166930.394,DWM1001C,5,LOS,punct_interior,5,10,4,4.965,1.0,1.0,3.51,1.15,11.09,17.44,,5.26,-1.24,1.0,64.0
2026-06-11 11:35:30.497,1781166930.497,DWM1001C,5,LOS,punct_interior,5,11,4,4.965,1.0,1.0,3.45,1.18,11.09,17.68,,5.25,-1.24,0.99,62.0
2026-06-11 11:35:30.593,1781166930.594,DWM1001C,5,LOS,punct_interior,5,12,4,4.965,1.0,1.0,3.51,1.15,11.09,17.54,,5.26,-1.25,1.01,64.0
2026-06-11 11:35:30.696,1781166930.696,DWM1001C,5,LOS,punct_interior,5,13,4,4.965,1.0,1.0,3.49,1.15,11.17,17.56,,5.26,-1.23,0.99,57.0
2026-06-11 11:35:30.798,1781166930.798,DWM1001C,5,LOS,punct_interior,5,14,4,4.965,1.0,1.0,3.49,1.17,11.14,17.58,,5.26,-1.23,0.98,58.0
2026-06-11 11:35:30.900,1781166930.9,DWM1001C,5,LOS,punct_interior,5,15,4,4.965,1.0,1.0,3.48,1.17,11.1,17.38,,5.26,-1.23,0.98,62.0
2026-06-11 11:35:30.982,1781166930.983,DWM1001C,5,LOS,punct_interior,5,16,4,4.965,1.0,1.0,3.43,1.17,11.13,17.59,,5.24,-1.23,0.96,60.0
2026-06-11 11:35:31.084,1781166931.085,DWM1001C,5,LOS,punct_interior,5,17,4,4.965,1.0,1.0,3.46,1.2,11.13,17.68,,5.23,-1.22,0.94,57.0
2026-06-11 11:35:31.187,1781166931.188,DWM1001C,5,LOS,punct_interior,5,18,4,4.965,1.0,1.0,3.41,1.16,11.07,17.66,,5.22,-1.23,0.95,65.0
2026-06-11 11:35:31.291,1781166931.292,DWM1001C,5,LOS,punct_interior,5,19,4,4.965,1.0,1.0,3.41,1.14,11.09,18.66,,5.21,-1.23,0.96,65.0
2026-06-11 11:35:31.395,1781166931.395,DWM1001C,5,LOS,punct_interior,5,20,4,4.965,1.0,1.0,3.49,1.16,11.11,18.61,,5.22,-1.23,0.97,61.0
2026-06-11 11:35:31.498,1781166931.499,DWM1001C,5,LOS,punct_interior,5,21,4,4.965,1.0,1.0,3.49,1.15,11.17,18.61,,5.23,-1.22,0.96,57.0
2026-06-11 11:35:31.601,1781166931.602,DWM1001C,5,LOS,punct_interior,5,22,4,4.965,1.0,1.0,3.46,1.19,11.08,17.81,,5.23,-1.23,0.96,62.0
2026-06-11 11:35:31.705,1781166931.705,DWM1001C,5,LOS,punct_interior,5,23,4,4.965,1.0,1.0,3.44,1.18,11.12,18.79,,5.22,-1.22,0.95,59.0
2026-06-11 11:35:31.788,1781166931.788,DWM1001C,5,LOS,punct_interior,5,24,4,4.965,1.0,1.0,3.51,1.2,11.16,18.77,,5.23,-1.22,0.93,56.0
2026-06-11 11:35:31.912,1781166931.912,DWM1001C,5,LOS,punct_interior,5,25,4,4.965,1.0,1.0,3.44,1.12,11.13,18.6,,5.23,-1.22,0.95,62.0
2026-06-11 11:35:31.994,1781166931.994,DWM1001C,5,LOS,punct_interior,5,26,4,4.965,1.0,1.0,3.51,1.17,11.1,17.73,,5.24,-1.23,0.96,62.0
2026-06-11 11:35:32.096,1781166932.097,DWM1001C,5,LOS,punct_interior,5,27,4,4.965,1.0,1.0,3.46,1.16,11.08,17.54,,5.24,-1.24,0.97,64.0
2026-06-11 11:35:32.199,1781166932.2,DWM1001C,5,LOS,punct_interior,5,28,4,4.965,1.0,1.0,3.42,1.17,11.11,17.73,,5.22,-1.23,0.96,61.0
2026-06-11 11:35:32.301,1781166932.302,DWM1001C,5,LOS,punct_interior,5,29,4,4.965,1.0,1.0,3.51,1.2,11.11,17.7,,5.24,-1.23,0.95,59.0
2026-06-11 11:35:32.384,1781166932.385,DWM1001C,5,LOS,punct_interior,5,30,4,4.965,1.0,1.0,3.43,1.16,11.1,17.51,,5.23,-1.23,0.95,62.0
2026-06-11 11:36:02.888,1781166962.889,DWM1001C,7,LOS,punct_interior,5,1,4,1.965,2.0,1.0,1.87,3.34,12.01,17.38,,2.17,-0.43,-0.11,45.0
2026-06-11 11:36:02.992,1781166962.992,DWM1001C,7,LOS,punct_interior,5,2,4,1.965,2.0,1.0,1.87,3.36,11.94,17.15,,2.17,-0.5,-0.11,46.0
2026-06-11 11:36:03.095,1781166963.095,DWM1001C,7,LOS,punct_interior,5,3,4,1.965,2.0,1.0,1.82,3.32,12.17,17.06,,2.17,-0.57,-0.09,44.0
2026-06-11 11:36:03.198,1781166963.198,DWM1001C,7,LOS,punct_interior,5,4,4,1.965,2.0,1.0,1.91,3.35,11.1,17.07,,2.18,-0.6,-0.1,45.0
2026-06-11 11:36:03.300,1781166963.301,DWM1001C,7,LOS,punct_interior,5,5,4,1.965,2.0,1.0,1.83,3.38,10.78,16.96,,2.16,-0.7,-0.08,46.0
2026-06-11 11:36:03.383,1781166963.383,DWM1001C,7,LOS,punct_interior,5,6,4,1.965,2.0,1.0,1.9,3.39,10.72,16.98,,2.16,-0.78,-0.07,47.0
2026-06-11 11:36:03.506,1781166963.507,DWM1001C,7,LOS,punct_interior,5,7,4,1.965,2.0,1.0,1.91,3.33,9.56,16.92,,2.17,-1.14,0.24,94.0
2026-06-11 11:36:03.590,1781166963.591,DWM1001C,7,LOS,punct_interior,5,8,4,1.965,2.0,1.0,1.89,3.34,9.52,16.95,,2.17,-1.38,0.37,86.0
2026-06-11 11:36:03.694,1781166963.694,DWM1001C,7,LOS,punct_interior,5,9,4,1.965,2.0,1.0,1.87,3.41,9.76,17.1,,2.15,-1.53,0.46,84.0
2026-06-11 11:36:03.797,1781166963.798,DWM1001C,7,LOS,punct_interior,5,10,4,1.965,2.0,1.0,1.9,3.41,9.56,17.08,,2.15,-1.7,0.63,94.0
2026-06-11 11:36:03.900,1781166963.901,DWM1001C,7,LOS,punct_interior,5,11,4,1.965,2.0,1.0,1.85,3.33,9.45,17.13,,2.14,-1.82,0.73,92.0
2026-06-11 11:36:04.003,1781166964.003,DWM1001C,7,LOS,punct_interior,5,12,4,1.965,2.0,1.0,1.84,3.41,9.48,17.19,,2.11,-1.91,0.78,89.0
2026-06-11 11:36:04.105,1781166964.106,DWM1001C,7,LOS,punct_interior,5,13,4,1.965,2.0,1.0,1.88,3.43,9.74,16.38,,2.11,-1.93,0.77,84.0
2026-06-11 11:36:04.188,1781166964.189,DWM1001C,7,LOS,punct_interior,5,14,4,1.965,2.0,1.0,1.82,3.39,9.49,16.31,,2.09,-1.99,0.82,90.0
2026-06-11 11:36:04.291,1781166964.292,DWM1001C,7,LOS,punct_interior,5,15,4,1.965,2.0,1.0,1.88,3.36,9.48,17.18,,2.1,-2.03,0.83,89.0
2026-06-11 11:36:04.395,1781166964.396,DWM1001C,7,LOS,punct_interior,5,16,4,1.965,2.0,1.0,1.83,3.38,9.51,16.79,,2.09,-2.06,0.84,89.0
2026-06-11 11:36:04.498,1781166964.499,DWM1001C,7,LOS,punct_interior,5,17,4,1.965,2.0,1.0,1.89,3.38,9.65,17.17,,2.11,-2.07,0.86,90.0
2026-06-11 11:36:04.601,1781166964.601,DWM1001C,7,LOS,punct_interior,5,18,4,1.965,2.0,1.0,1.87,3.37,9.57,17.11,,2.12,-2.1,0.96,95.0
2026-06-11 11:36:04.704,1781166964.705,DWM1001C,7,LOS,punct_interior,5,19,4,1.965,2.0,1.0,1.88,3.36,9.47,17.11,,2.12,-2.12,0.94,89.0
2026-06-11 11:36:04.787,1781166964.787,DWM1001C,7,LOS,punct_interior,5,20,4,1.965,2.0,1.0,1.88,3.34,9.53,17.11,,2.14,-2.15,1.07,95.0
2026-06-11 11:36:04.889,1781166964.889,DWM1001C,7,LOS,punct_interior,5,21,4,1.965,2.0,1.0,1.83,3.39,9.5,17.13,,2.12,-2.15,1.03,89.0
2026-06-11 11:36:04.993,1781166964.993,DWM1001C,7,LOS,punct_interior,5,22,4,1.965,2.0,1.0,1.88,3.39,9.5,17.15,,2.11,-2.15,0.97,87.0
2026-06-11 11:36:05.096,1781166965.097,DWM1001C,7,LOS,punct_interior,5,23,4,1.965,2.0,1.0,1.9,3.36,9.53,17.13,,2.13,-2.17,1.06,95.0
2026-06-11 11:36:05.199,1781166965.2,DWM1001C,7,LOS,punct_interior,5,24,4,1.965,2.0,1.0,1.83,3.37,9.6,17.19,,2.13,-2.17,1.12,95.0
2026-06-11 11:36:05.303,1781166965.303,DWM1001C,7,LOS,punct_interior,5,25,4,1.965,2.0,1.0,1.9,3.32,9.58,17.16,,2.15,-2.17,1.12,94.0
2026-06-11 11:36:05.386,1781166965.387,DWM1001C,7,LOS,punct_interior,5,26,4,1.965,2.0,1.0,1.85,3.41,9.65,17.14,,2.14,-2.15,1.09,91.0
2026-06-11 11:36:05.488,1781166965.489,DWM1001C,7,LOS,punct_interior,5,27,4,1.965,2.0,1.0,1.87,3.37,9.51,17.13,,2.13,-2.15,1.02,87.0
2026-06-11 11:36:05.591,1781166965.592,DWM1001C,7,LOS,punct_interior,5,28,4,1.965,2.0,1.0,1.85,3.37,9.49,17.14,,2.12,-2.15,0.99,89.0
2026-06-11 11:36:05.695,1781166965.695,DWM1001C,7,LOS,punct_interior,5,29,4,1.965,2.0,1.0,1.88,3.39,9.47,16.71,,2.11,-2.16,0.96,88.0
2026-06-11 11:36:05.797,1781166965.798,DWM1001C,7,LOS,punct_interior,5,30,4,1.965,2.0,1.0,1.84,3.33,9.5,17.04,,2.11,-2.15,0.94,90.0
2026-06-11 11:36:18.891,1781166978.892,DWM1001C,8,LOS,punct_interior,5,1,4,2.965,2.0,1.0,2.53,2.56,9.8,16.09,,3.45,-2.09,0.52,75.0
2026-06-11 11:36:18.995,1781166978.996,DWM1001C,8,LOS,punct_interior,5,2,4,2.965,2.0,1.0,2.51,2.61,9.88,15.96,,3.43,-2.07,0.5,70.0
2026-06-11 11:36:19.098,1781166979.099,DWM1001C,8,LOS,punct_interior,5,3,4,2.965,2.0,1.0,2.46,2.6,9.85,16.08,,3.41,-2.06,0.5,72.0
2026-06-11 11:36:19.201,1781166979.202,DWM1001C,8,LOS,punct_interior,5,4,4,2.965,2.0,1.0,2.44,2.6,9.65,16.14,,3.38,-2.1,0.59,81.0
2026-06-11 11:36:19.305,1781166979.305,DWM1001C,8,LOS,punct_interior,5,5,4,2.965,2.0,1.0,2.48,2.62,9.83,16.06,,3.37,-2.09,0.57,72.0
2026-06-11 11:36:19.388,1781166979.389,DWM1001C,8,LOS,punct_interior,5,6,4,2.965,2.0,1.0,2.45,2.64,9.89,16.11,,3.35,-2.07,0.54,69.0
2026-06-11 11:36:19.491,1781166979.492,DWM1001C,8,LOS,punct_interior,5,7,4,2.965,2.0,1.0,2.44,2.61,9.68,16.11,,3.34,-2.1,0.61,79.0
2026-06-11 11:36:19.594,1781166979.594,DWM1001C,8,LOS,punct_interior,5,8,4,2.965,2.0,1.0,2.41,2.61,9.86,16.06,,3.33,-2.08,0.59,71.0
2026-06-11 11:36:19.696,1781166979.696,DWM1001C,8,LOS,punct_interior,5,9,4,2.965,2.0,1.0,2.41,2.58,9.69,16.07,,3.33,-2.11,0.66,80.0
2026-06-11 11:36:19.798,1781166979.798,DWM1001C,8,LOS,punct_interior,5,10,4,2.965,2.0,1.0,2.43,2.62,9.77,16.02,,3.32,-2.11,0.66,75.0
2026-06-11 11:36:19.899,1781166979.9,DWM1001C,8,LOS,punct_interior,5,11,4,2.965,2.0,1.0,2.43,2.64,9.87,16.09,,3.31,-2.08,0.61,69.0
2026-06-11 11:36:20.002,1781166980.003,DWM1001C,8,LOS,punct_interior,5,12,4,2.965,2.0,1.0,2.39,2.6,9.89,16.07,,3.3,-2.06,0.59,70.0
2026-06-11 11:36:20.084,1781166980.085,DWM1001C,8,LOS,punct_interior,5,13,4,2.965,2.0,1.0,2.41,2.66,9.73,16.12,,3.29,-2.08,0.61,75.0
2026-06-11 11:36:20.188,1781166980.188,DWM1001C,8,LOS,punct_interior,5,14,4,2.965,2.0,1.0,2.44,2.59,9.78,16.08,,3.3,-2.08,0.62,75.0
2026-06-11 11:36:20.291,1781166980.291,DWM1001C,8,LOS,punct_interior,5,15,4,2.965,2.0,1.0,2.45,2.66,9.88,16.07,,3.29,-2.06,0.58,69.0
2026-06-11 11:36:20.394,1781166980.394,DWM1001C,8,LOS,punct_interior,5,16,4,2.965,2.0,1.0,2.38,2.6,9.75,16.16,,3.29,-2.08,0.62,76.0
2026-06-11 11:36:20.496,1781166980.497,DWM1001C,8,LOS,punct_interior,5,17,4,2.965,2.0,1.0,2.42,2.61,9.7,16.06,,3.29,-2.11,0.66,78.0
2026-06-11 11:36:20.598,1781166980.599,DWM1001C,8,LOS,punct_interior,5,18,4,2.965,2.0,1.0,2.43,2.58,9.9,16.03,,3.3,-2.08,0.62,70.0
2026-06-11 11:36:20.701,1781166980.702,DWM1001C,8,LOS,punct_interior,5,19,4,2.965,2.0,1.0,2.45,2.56,9.82,16.12,,3.32,-2.07,0.62,75.0
2026-06-11 11:36:20.784,1781166980.784,DWM1001C,8,LOS,punct_interior,5,20,4,2.965,2.0,1.0,2.44,2.61,9.71,16.02,,3.32,-2.1,0.65,78.0
2026-06-11 11:36:20.887,1781166980.887,DWM1001C,8,LOS,punct_interior,5,21,4,2.965,2.0,1.0,2.47,2.63,9.87,16.07,,3.32,-2.08,0.6,70.0
2026-06-11 11:36:20.990,1781166980.991,DWM1001C,8,LOS,punct_interior,5,22,4,2.965,2.0,1.0,2.4,2.56,9.7,15.99,,3.32,-2.1,0.67,80.0
2026-06-11 11:36:21.092,1781166981.093,DWM1001C,8,LOS,punct_interior,5,23,4,2.965,2.0,1.0,2.43,2.6,9.84,15.97,,3.32,-2.09,0.64,72.0
2026-06-11 11:36:21.196,1781166981.197,DWM1001C,8,LOS,punct_interior,5,24,4,2.965,2.0,1.0,2.43,2.64,9.87,16.03,,3.31,-2.07,0.6,69.0
2026-06-11 11:36:21.299,1781166981.3,DWM1001C,8,LOS,punct_interior,5,25,4,2.965,2.0,1.0,2.46,2.6,9.88,16.08,,3.32,-2.05,0.57,70.0
2026-06-11 11:36:21.403,1781166981.403,DWM1001C,8,LOS,punct_interior,5,26,4,2.965,2.0,1.0,2.39,2.6,9.7,16.07,,3.31,-2.08,0.64,79.0
2026-06-11 11:36:21.485,1781166981.486,DWM1001C,8,LOS,punct_interior,5,27,4,2.965,2.0,1.0,2.4,2.58,9.81,16.07,,3.31,-2.08,0.65,75.0
2026-06-11 11:36:21.590,1781166981.59,DWM1001C,8,LOS,punct_interior,5,28,4,2.965,2.0,1.0,2.39,2.59,9.77,16.09,,3.31,-2.09,0.67,76.0
2026-06-11 11:36:21.693,1781166981.693,DWM1001C,8,LOS,punct_interior,5,29,4,2.965,2.0,1.0,2.42,2.62,9.84,16.11,,3.3,-2.07,0.64,72.0
2026-06-11 11:36:21.796,1781166981.796,DWM1001C,8,LOS,punct_interior,5,30,4,2.965,2.0,1.0,2.44,2.63,9.79,16.09,,3.3,-2.08,0.62,73.0
2026-06-11 11:36:30.784,1781166990.784,DWM1001C,9,LOS,punct_interior,5,1,4,3.965,2.0,1.0,2.94,2.03,10.01,16.51,,4.22,-2.07,0.92,78.0
2026-06-11 11:36:30.886,1781166990.887,DWM1001C,9,LOS,punct_interior,5,2,4,3.965,2.0,1.0,2.93,1.98,10.1,16.78,,4.23,-2.05,0.89,76.0
2026-06-11 11:36:30.989,1781166990.99,DWM1001C,9,LOS,punct_interior,5,3,4,3.965,2.0,1.0,2.97,1.98,10.18,16.73,,4.24,-2.02,0.83,72.0
2026-06-11 11:36:31.092,1781166991.093,DWM1001C,9,LOS,punct_interior,5,4,4,3.965,2.0,1.0,2.92,1.99,10.08,16.66,,4.24,-2.01,0.82,76.0
2026-06-11 11:36:31.195,1781166991.195,DWM1001C,9,LOS,punct_interior,5,5,4,3.965,2.0,1.0,2.94,1.99,10.0,17.02,,4.24,-2.03,0.85,80.0
2026-06-11 11:36:31.298,1781166991.299,DWM1001C,9,LOS,punct_interior,5,6,4,3.965,2.0,1.0,2.95,1.99,9.94,16.68,,4.24,-2.06,0.92,84.0
2026-06-11 11:36:31.402,1781166991.402,DWM1001C,9,LOS,punct_interior,5,7,4,3.965,2.0,1.0,2.9,1.99,9.98,16.71,,4.23,-2.07,0.94,81.0
2026-06-11 11:36:31.485,1781166991.486,DWM1001C,9,LOS,punct_interior,5,8,4,3.965,2.0,1.0,2.94,2.02,10.12,16.39,,4.23,-2.04,0.88,72.0
2026-06-11 11:36:31.589,1781166991.59,DWM1001C,9,LOS,punct_interior,5,9,4,3.965,2.0,1.0,2.95,1.98,10.01,16.23,,4.23,-2.05,0.9,81.0
2026-06-11 11:36:31.693,1781166991.693,DWM1001C,9,LOS,punct_interior,5,10,4,3.965,2.0,1.0,2.93,2.0,9.96,16.27,,4.23,-2.07,0.94,82.0
2026-06-11 11:36:31.796,1781166991.797,DWM1001C,9,LOS,punct_interior,5,11,4,3.965,2.0,1.0,2.95,1.99,9.96,16.24,,4.24,-2.09,0.97,83.0
2026-06-11 11:36:31.900,1781166991.9,DWM1001C,9,LOS,punct_interior,5,12,4,3.965,2.0,1.0,2.91,2.0,9.99,16.24,,4.23,-2.09,0.97,80.0
2026-06-11 11:36:32.002,1781166992.003,DWM1001C,9,LOS,punct_interior,5,13,4,3.965,2.0,1.0,2.97,1.99,9.93,16.31,,4.24,-2.11,1.02,85.0
2026-06-11 11:36:32.084,1781166992.085,DWM1001C,9,LOS,punct_interior,5,14,4,3.965,2.0,1.0,2.88,1.97,9.97,16.28,,4.23,-2.11,1.05,83.0
2026-06-11 11:36:32.208,1781166992.209,DWM1001C,9,LOS,punct_interior,5,15,4,3.965,2.0,1.0,2.95,2.0,10.02,16.23,,4.23,-2.1,1.02,80.0
2026-06-11 11:36:32.291,1781166992.291,DWM1001C,9,LOS,punct_interior,5,16,4,3.965,2.0,1.0,2.94,1.99,9.94,16.29,,4.24,-2.12,1.05,84.0
2026-06-11 11:36:32.393,1781166992.393,DWM1001C,9,LOS,punct_interior,5,17,4,3.965,2.0,1.0,2.99,2.03,10.01,16.16,,4.24,-2.11,0.99,79.0
2026-06-11 11:36:32.495,1781166992.496,DWM1001C,9,LOS,punct_interior,5,18,4,3.965,2.0,1.0,2.99,2.0,9.97,16.28,,4.25,-2.11,1.0,83.0
2026-06-11 11:36:32.599,1781166992.599,DWM1001C,9,LOS,punct_interior,5,19,4,3.965,2.0,1.0,2.91,1.98,9.93,16.59,,4.24,-2.13,1.06,85.0
2026-06-11 11:36:32.701,1781166992.702,DWM1001C,9,LOS,punct_interior,5,20,4,3.965,2.0,1.0,2.95,2.0,10.03,16.22,,4.25,-2.11,1.01,79.0
2026-06-11 11:36:32.784,1781166992.785,DWM1001C,9,LOS,punct_interior,5,21,4,3.965,2.0,1.0,2.99,1.99,9.98,16.24,,4.26,-2.12,1.01,83.0
2026-06-11 11:36:32.888,1781166992.889,DWM1001C,9,LOS,punct_interior,5,22,4,3.965,2.0,1.0,2.98,2.02,10.01,16.34,,4.26,-2.11,0.97,79.0
2026-06-11 11:36:32.992,1781166992.992,DWM1001C,9,LOS,punct_interior,5,23,4,3.965,2.0,1.0,2.98,1.99,10.03,16.64,,4.26,-2.1,0.95,80.0
2026-06-11 11:36:33.094,1781166993.095,DWM1001C,9,LOS,punct_interior,5,24,4,3.965,2.0,1.0,2.95,2.05,10.01,16.25,,4.25,-2.09,0.92,77.0
2026-06-11 11:36:33.198,1781166993.198,DWM1001C,9,LOS,punct_interior,5,25,4,3.965,2.0,1.0,2.97,2.0,9.95,16.23,,4.25,-2.11,0.95,84.0
2026-06-11 11:36:33.281,1781166993.281,DWM1001C,9,LOS,punct_interior,5,26,3,3.965,2.0,1.0,2.94,,10.02,16.17,,3.68,-2.04,0.51,95.0
2026-06-11 11:36:33.384,1781166993.384,DWM1001C,9,LOS,punct_interior,5,27,4,3.965,2.0,1.0,2.97,2.07,9.93,16.3,,3.81,-2.06,0.61,80.0
2026-06-11 11:36:33.486,1781166993.487,DWM1001C,9,LOS,punct_interior,5,28,4,3.965,2.0,1.0,2.97,1.99,9.99,16.33,,3.93,-2.08,0.7,82.0
2026-06-11 11:36:33.589,1781166993.59,DWM1001C,9,LOS,punct_interior,5,29,4,3.965,2.0,1.0,2.92,1.99,10.01,16.27,,4.0,-2.08,0.76,79.0
2026-06-11 11:36:33.692,1781166993.693,DWM1001C,9,LOS,punct_interior,5,30,4,3.965,2.0,1.0,2.96,2.01,10.0,16.18,,4.06,-2.08,0.79,80.0
2026-06-11 11:36:53.393,1781167013.394,DWM1001C,10,LOS,punct_interior,5,1,4,4.965,2.0,1.0,3.85,1.74,10.28,17.01,,5.42,-2.07,1.04,70.0
2026-06-11 11:36:53.496,1781167013.496,DWM1001C,10,LOS,punct_interior,5,2,4,4.965,2.0,1.0,3.78,1.84,10.31,17.03,,5.38,-2.08,1.07,82.0
2026-06-11 11:36:53.599,1781167013.599,DWM1001C,10,LOS,punct_interior,5,3,4,4.965,2.0,1.0,3.81,1.79,10.34,17.01,,5.39,-2.07,1.02,71.0
2026-06-11 11:36:53.703,1781167013.703,DWM1001C,10,LOS,punct_interior,5,4,4,4.965,2.0,1.0,3.81,1.77,10.31,16.91,,5.4,-2.06,1.01,74.0
2026-06-11 11:36:53.785,1781167013.786,DWM1001C,10,LOS,punct_interior,5,5,4,4.965,2.0,1.0,3.81,1.83,10.32,16.95,,5.38,-2.08,1.07,81.0
2026-06-11 11:36:53.890,1781167013.89,DWM1001C,10,LOS,punct_interior,5,6,4,4.965,2.0,1.0,3.79,1.81,10.24,16.93,,5.38,-2.08,1.04,76.0
2026-06-11 11:36:53.993,1781167013.994,DWM1001C,10,LOS,punct_interior,5,7,4,4.965,2.0,1.0,3.78,1.81,10.25,16.95,,5.37,-2.08,1.01,75.0
2026-06-11 11:36:54.096,1781167014.096,DWM1001C,10,LOS,punct_interior,5,8,4,4.965,2.0,1.0,3.82,1.81,10.27,16.99,,5.38,-2.09,1.0,74.0
2026-06-11 11:36:54.199,1781167014.2,DWM1001C,10,LOS,punct_interior,5,9,4,4.965,2.0,1.0,3.81,1.82,10.27,16.95,,5.38,-2.09,0.98,74.0
2026-06-11 11:36:54.303,1781167014.303,DWM1001C,10,LOS,punct_interior,5,10,4,4.965,2.0,1.0,3.82,1.82,10.26,16.95,,5.39,-2.09,0.97,74.0
2026-06-11 11:36:54.385,1781167014.386,DWM1001C,10,LOS,punct_interior,5,11,4,4.965,2.0,1.0,3.78,1.83,10.36,16.96,,5.36,-2.08,0.98,79.0
2026-06-11 11:36:54.489,1781167014.49,DWM1001C,10,LOS,punct_interior,5,12,4,4.965,2.0,1.0,3.8,1.82,10.25,17.04,,5.37,-2.09,0.98,75.0
2026-06-11 11:36:54.592,1781167014.593,DWM1001C,10,LOS,punct_interior,5,13,4,4.965,2.0,1.0,3.81,1.81,10.32,16.91,,5.36,-2.1,1.07,82.0
2026-06-11 11:36:54.695,1781167014.696,DWM1001C,10,LOS,punct_interior,5,14,4,4.965,2.0,1.0,3.78,1.82,10.29,16.98,,5.34,-2.11,1.14,84.0
2026-06-11 11:36:54.799,1781167014.799,DWM1001C,10,LOS,punct_interior,5,15,4,4.965,2.0,1.0,3.79,1.78,10.32,16.98,,5.35,-2.09,1.08,73.0
2026-06-11 11:36:54.902,1781167014.903,DWM1001C,10,LOS,punct_interior,5,16,4,4.965,2.0,1.0,3.81,1.81,10.28,16.97,,5.37,-2.08,1.04,73.0
2026-06-11 11:36:54.986,1781167014.986,DWM1001C,10,LOS,punct_interior,5,17,4,4.965,2.0,1.0,3.85,1.79,10.33,16.9,,5.39,-2.07,1.02,72.0
2026-06-11 11:36:55.089,1781167015.09,DWM1001C,10,LOS,punct_interior,5,18,4,4.965,2.0,1.0,3.81,1.77,10.21,17.01,,5.42,-2.07,0.98,69.0
2026-06-11 11:36:55.193,1781167015.193,DWM1001C,10,LOS,punct_interior,5,19,4,4.965,2.0,1.0,3.79,1.8,10.23,16.93,,5.41,-2.09,0.99,77.0
2026-06-11 11:36:55.296,1781167015.296,DWM1001C,10,LOS,punct_interior,5,20,4,4.965,2.0,1.0,3.77,1.84,10.31,16.99,,5.37,-2.09,1.02,82.0
2026-06-11 11:36:55.400,1781167015.4,DWM1001C,10,LOS,punct_interior,5,21,4,4.965,2.0,1.0,3.79,1.85,10.28,16.97,,5.35,-2.11,1.07,83.0
2026-06-11 11:36:55.502,1781167015.503,DWM1001C,10,LOS,punct_interior,5,22,4,4.965,2.0,1.0,3.85,1.83,10.24,16.92,,5.37,-2.11,1.06,75.0
2026-06-11 11:36:55.585,1781167015.585,DWM1001C,10,LOS,punct_interior,5,23,4,4.965,2.0,1.0,3.8,1.81,10.3,17.05,,5.38,-2.1,1.01,72.0
2026-06-11 11:36:55.688,1781167015.689,DWM1001C,10,LOS,punct_interior,5,24,4,4.965,2.0,1.0,3.87,1.79,10.31,16.96,,5.41,-2.09,1.02,73.0
2026-06-11 11:36:55.792,1781167015.792,DWM1001C,10,LOS,punct_interior,5,25,4,4.965,2.0,1.0,3.79,1.78,10.35,17.03,,5.38,-2.09,1.09,82.0
2026-06-11 11:36:55.894,1781167015.895,DWM1001C,10,LOS,punct_interior,5,26,3,4.965,2.0,1.0,3.77,1.78,11.57,,,5.36,-1.76,0.82,62.0
2026-06-11 11:36:55.977,1781167015.977,DWM1001C,10,LOS,punct_interior,5,27,3,4.965,2.0,1.0,3.78,1.78,11.42,,,5.35,-1.56,0.63,62.0
2026-06-11 11:36:56.100,1781167016.1,DWM1001C,10,LOS,punct_interior,5,28,4,4.965,2.0,1.0,3.75,1.8,10.28,16.91,,5.33,-1.71,0.83,85.0
2026-06-11 11:36:56.182,1781167016.183,DWM1001C,10,LOS,punct_interior,5,29,3,4.965,2.0,1.0,3.78,1.79,10.42,,,5.32,-1.78,0.87,77.0
2026-06-11 11:36:56.285,1781167016.285,DWM1001C,10,LOS,punct_interior,5,30,3,4.965,2.0,1.0,3.84,1.76,10.43,,,5.34,-1.84,0.96,78.0
2026-06-11 11:37:56.186,1781167076.187,DWM1001C,12,LOS,punct_interior,5,1,4,1.965,3.0,1.0,2.8,3.73,9.46,15.46,,2.41,-2.63,0.12,60.0
2026-06-11 11:37:56.289,1781167076.289,DWM1001C,12,LOS,punct_interior,5,2,4,1.965,3.0,1.0,2.78,3.69,9.05,15.14,,2.43,-2.66,0.17,79.0
2026-06-11 11:37:56.392,1781167076.393,DWM1001C,12,LOS,punct_interior,5,3,4,1.965,3.0,1.0,2.78,3.85,8.98,15.44,,2.39,-2.69,0.21,82.0
2026-06-11 11:37:56.496,1781167076.497,DWM1001C,12,LOS,punct_interior,5,4,4,1.965,3.0,1.0,2.74,3.76,9.58,15.35,,2.38,-2.57,0.09,61.0
2026-06-11 11:37:56.601,1781167076.601,DWM1001C,12,LOS,punct_interior,5,5,4,1.965,3.0,1.0,2.78,3.85,9.16,15.34,,2.36,-2.58,0.09,74.0
2026-06-11 11:37:56.705,1781167076.705,DWM1001C,12,LOS,punct_interior,5,6,4,1.965,3.0,1.0,2.8,3.74,9.13,16.33,,2.38,-2.6,0.1,75.0
2026-06-11 11:37:56.809,1781167076.809,DWM1001C,12,LOS,punct_interior,5,7,4,1.965,3.0,1.0,2.8,3.87,9.3,15.36,,2.35,-2.57,0.05,67.0
2026-06-11 11:37:56.892,1781167076.892,DWM1001C,12,LOS,punct_interior,5,8,4,1.965,3.0,1.0,2.79,3.74,9.06,15.62,,2.37,-2.61,0.1,78.0
2026-06-11 11:37:56.995,1781167076.995,DWM1001C,12,LOS,punct_interior,5,9,4,1.965,3.0,1.0,2.8,3.76,9.21,15.44,,2.38,-2.6,0.08,72.0
2026-06-11 11:37:57.098,1781167077.098,DWM1001C,12,LOS,punct_interior,5,10,4,1.965,3.0,1.0,2.78,3.8,9.26,16.54,,2.37,-2.58,0.05,70.0
2026-06-11 11:37:57.201,1781167077.202,DWM1001C,12,LOS,punct_interior,5,11,4,1.965,3.0,1.0,2.83,3.79,9.19,15.49,,2.38,-2.58,0.04,71.0
2026-06-11 11:37:57.304,1781167077.305,DWM1001C,12,LOS,punct_interior,5,12,4,1.965,3.0,1.0,2.81,3.75,9.07,16.17,,2.39,-2.62,0.08,77.0
2026-06-11 11:37:57.407,1781167077.408,DWM1001C,12,LOS,punct_interior,5,13,4,1.965,3.0,1.0,2.77,3.78,9.14,16.13,,2.38,-2.62,0.1,75.0
2026-06-11 11:37:57.511,1781167077.511,DWM1001C,12,LOS,punct_interior,5,14,4,1.965,3.0,1.0,2.82,3.79,9.37,16.33,,2.39,-2.57,0.03,64.0
2026-06-11 11:37:57.594,1781167077.594,DWM1001C,12,LOS,punct_interior,5,15,4,1.965,3.0,1.0,2.8,3.76,9.12,15.91,,2.39,-2.59,0.06,75.0
2026-06-11 11:37:57.697,1781167077.697,DWM1001C,12,LOS,punct_interior,5,16,4,1.965,3.0,1.0,2.81,3.79,9.07,15.49,,2.39,-2.62,0.09,77.0
2026-06-11 11:37:57.823,1781167077.824,DWM1001C,12,LOS,punct_interior,5,17,4,1.965,3.0,1.0,2.82,3.76,9.0,15.35,,2.4,-2.66,0.13,80.0
2026-06-11 11:37:57.889,1781167077.889,DWM1001C,12,LOS,punct_interior,5,18,4,1.965,3.0,1.0,2.81,3.8,9.5,15.53,,2.4,-2.57,0.03,61.0
2026-06-11 11:37:57.993,1781167077.994,DWM1001C,12,LOS,punct_interior,5,19,4,1.965,3.0,1.0,2.82,3.77,9.91,15.48,,2.41,-2.41,-0.13,61.0
2026-06-11 11:37:58.098,1781167078.099,DWM1001C,12,LOS,punct_interior,5,20,3,1.965,3.0,1.0,2.79,,9.42,15.37,,2.49,-2.41,-0.1,94.0
2026-06-11 11:37:58.202,1781167078.203,DWM1001C,12,LOS,punct_interior,5,21,4,1.965,3.0,1.0,2.78,3.74,9.05,15.42,,2.47,-2.49,-0.01,79.0
2026-06-11 11:37:58.306,1781167078.306,DWM1001C,12,LOS,punct_interior,5,22,4,1.965,3.0,1.0,2.79,3.79,9.07,15.3,,2.45,-2.54,0.05,78.0
2026-06-11 11:37:58.390,1781167078.391,DWM1001C,12,LOS,punct_interior,5,23,4,1.965,3.0,1.0,2.81,3.74,9.12,15.34,,2.45,-2.57,0.07,75.0
2026-06-11 11:37:58.495,1781167078.496,DWM1001C,12,LOS,punct_interior,5,24,4,1.965,3.0,1.0,2.81,3.79,9.14,15.43,,2.43,-2.59,0.07,74.0
2026-06-11 11:37:58.600,1781167078.6,DWM1001C,12,LOS,punct_interior,5,25,4,1.965,3.0,1.0,2.85,3.75,9.13,15.4,,2.44,-2.61,0.08,73.0
2026-06-11 11:37:58.704,1781167078.705,DWM1001C,12,LOS,punct_interior,5,26,4,1.965,3.0,1.0,2.84,3.79,9.1,15.72,,2.43,-2.63,0.08,74.0
2026-06-11 11:37:58.788,1781167078.789,DWM1001C,12,LOS,punct_interior,5,27,4,1.965,3.0,1.0,2.83,3.8,9.18,15.41,,2.42,-2.62,0.06,71.0
2026-06-11 11:37:58.892,1781167078.893,DWM1001C,12,LOS,punct_interior,5,28,4,1.965,3.0,1.0,2.86,3.73,9.04,15.93,,2.44,-2.65,0.09,76.0
2026-06-11 11:37:59.017,1781167079.018,DWM1001C,12,LOS,punct_interior,5,29,4,1.965,3.0,1.0,2.86,3.8,9.08,15.49,,2.43,-2.66,0.09,75.0
2026-06-11 11:37:59.100,1781167079.101,DWM1001C,12,LOS,punct_interior,5,30,4,1.965,3.0,1.0,2.82,3.79,9.13,16.55,,2.42,-2.66,0.09,74.0
2026-06-11 11:38:13.997,1781167093.998,DWM1001C,13,LOS,punct_interior,5,1,4,2.965,3.0,1.0,3.11,3.19,8.64,15.7,,3.35,-3.22,1.0,93.0
2026-06-11 11:38:14.100,1781167094.1,DWM1001C,13,LOS,punct_interior,5,2,4,2.965,3.0,1.0,3.11,3.28,8.61,15.69,,3.33,-3.21,0.96,91.0
2026-06-11 11:38:14.203,1781167094.204,DWM1001C,13,LOS,punct_interior,5,3,4,2.965,3.0,1.0,3.1,3.23,8.58,15.51,,3.33,-3.22,1.0,94.0
2026-06-11 11:38:14.305,1781167094.306,DWM1001C,13,LOS,punct_interior,5,4,4,2.965,3.0,1.0,3.1,3.25,8.68,15.29,,3.32,-3.19,0.93,89.0
2026-06-11 11:38:14.388,1781167094.388,DWM1001C,13,LOS,punct_interior,5,5,4,2.965,3.0,1.0,3.11,3.24,8.52,15.28,,3.32,-3.19,0.84,88.0
2026-06-11 11:38:14.490,1781167094.49,DWM1001C,13,LOS,punct_interior,5,6,4,2.965,3.0,1.0,3.13,3.29,8.62,15.34,,3.31,-3.19,0.81,90.0
2026-06-11 11:38:14.593,1781167094.594,DWM1001C,13,LOS,punct_interior,5,7,4,2.965,3.0,1.0,3.13,3.27,8.58,15.33,,3.31,-3.19,0.84,92.0
2026-06-11 11:38:14.697,1781167094.698,DWM1001C,13,LOS,punct_interior,5,8,4,2.965,3.0,1.0,3.16,3.19,8.59,15.31,,3.34,-3.21,0.91,94.0
2026-06-11 11:38:14.802,1781167094.802,DWM1001C,13,LOS,punct_interior,5,9,4,2.965,3.0,1.0,3.14,3.3,8.63,15.26,,3.33,-3.2,0.85,89.0
2026-06-11 11:38:14.905,1781167094.906,DWM1001C,13,LOS,punct_interior,5,10,4,2.965,3.0,1.0,3.11,3.29,8.62,15.24,,3.31,-3.19,0.83,89.0
2026-06-11 11:38:15.009,1781167095.009,DWM1001C,13,LOS,punct_interior,5,11,4,2.965,3.0,1.0,3.11,3.21,8.6,15.29,,3.32,-3.2,0.89,94.0
2026-06-11 11:38:15.090,1781167095.091,DWM1001C,13,LOS,punct_interior,5,12,4,2.965,3.0,1.0,3.13,3.18,8.67,15.27,,3.34,-3.18,0.88,91.0
2026-06-11 11:38:15.192,1781167095.193,DWM1001C,13,LOS,punct_interior,5,13,4,2.965,3.0,1.0,3.11,3.3,8.67,15.28,,3.32,-3.17,0.81,87.0
2026-06-11 11:38:15.295,1781167095.296,DWM1001C,13,LOS,punct_interior,5,14,4,2.965,3.0,1.0,3.12,3.19,8.62,15.23,,3.34,-3.17,0.86,93.0
2026-06-11 11:38:15.418,1781167095.419,DWM1001C,13,LOS,punct_interior,5,15,4,2.965,3.0,1.0,3.1,3.22,8.55,15.28,,3.33,-3.17,0.78,87.0
2026-06-11 11:38:15.502,1781167095.502,DWM1001C,13,LOS,punct_interior,5,16,4,2.965,3.0,1.0,3.11,3.21,8.61,15.27,,3.34,-3.18,0.84,93.0
2026-06-11 11:38:15.607,1781167095.607,DWM1001C,13,LOS,punct_interior,5,17,4,2.965,3.0,1.0,3.11,3.2,8.6,15.29,,3.34,-3.19,0.91,94.0
2026-06-11 11:38:15.689,1781167095.69,DWM1001C,13,LOS,punct_interior,5,18,4,2.965,3.0,1.0,3.11,3.19,8.62,15.25,,3.35,-3.19,0.95,94.0
2026-06-11 11:38:15.813,1781167095.814,DWM1001C,13,LOS,punct_interior,5,19,4,2.965,3.0,1.0,3.16,3.2,8.67,15.23,,3.37,-3.18,0.91,91.0
2026-06-11 11:38:15.898,1781167095.898,DWM1001C,13,LOS,punct_interior,5,20,4,2.965,3.0,1.0,3.13,3.29,8.6,15.21,,3.35,-3.19,0.88,90.0
2026-06-11 11:38:16.000,1781167096.001,DWM1001C,13,LOS,punct_interior,5,21,4,2.965,3.0,1.0,3.14,3.23,8.62,15.31,,3.35,-3.19,0.88,92.0
2026-06-11 11:38:16.103,1781167096.104,DWM1001C,13,LOS,punct_interior,5,22,4,2.965,3.0,1.0,3.17,3.25,8.65,15.36,,3.36,-3.18,0.84,90.0
2026-06-11 11:38:16.206,1781167096.207,DWM1001C,13,LOS,punct_interior,5,23,4,2.965,3.0,1.0,3.12,3.25,8.61,15.17,,3.35,-3.19,0.85,92.0
2026-06-11 11:38:16.289,1781167096.29,DWM1001C,13,LOS,punct_interior,5,24,4,2.965,3.0,1.0,3.14,3.21,8.59,15.44,,3.36,-3.2,0.91,94.0
2026-06-11 11:38:16.392,1781167096.393,DWM1001C,13,LOS,punct_interior,5,25,4,2.965,3.0,1.0,3.1,3.21,8.61,15.32,,3.35,-3.2,0.94,93.0
2026-06-11 11:38:16.497,1781167096.497,DWM1001C,13,LOS,punct_interior,5,26,4,2.965,3.0,1.0,3.1,3.22,8.66,15.41,,3.35,-3.19,0.92,91.0
2026-06-11 11:38:16.602,1781167096.602,DWM1001C,13,LOS,punct_interior,5,27,4,2.965,3.0,1.0,3.1,3.29,8.65,16.05,,3.32,-3.17,0.86,89.0
2026-06-11 11:38:16.705,1781167096.706,DWM1001C,13,LOS,punct_interior,5,28,4,2.965,3.0,1.0,3.19,3.19,8.65,15.91,,3.36,-3.18,0.85,91.0
2026-06-11 11:38:16.810,1781167096.81,DWM1001C,13,LOS,punct_interior,5,29,4,2.965,3.0,1.0,3.15,3.2,8.61,15.7,,3.37,-3.19,0.88,93.0
2026-06-11 11:38:16.893,1781167096.893,DWM1001C,13,LOS,punct_interior,5,30,4,2.965,3.0,1.0,3.12,3.25,8.64,15.55,,3.36,-3.18,0.85,90.0
2026-06-11 11:38:28.104,1781167108.105,DWM1001C,14,LOS,punct_interior,5,1,4,3.965,3.0,1.0,3.66,2.92,8.84,16.51,,4.26,-3.16,0.76,90.0
2026-06-11 11:38:28.209,1781167108.209,DWM1001C,14,LOS,punct_interior,5,2,4,3.965,3.0,1.0,3.61,2.94,8.95,16.27,,4.25,-3.16,0.86,91.0
2026-06-11 11:38:28.296,1781167108.297,DWM1001C,14,LOS,punct_interior,5,3,4,3.965,3.0,1.0,3.68,2.88,8.86,16.33,,4.27,-3.17,0.88,91.0
2026-06-11 11:38:28.408,1781167108.408,DWM1001C,14,LOS,punct_interior,5,4,4,3.965,3.0,1.0,3.66,2.96,8.86,16.28,,4.27,-3.17,0.82,87.0
2026-06-11 11:38:28.508,1781167108.508,DWM1001C,14,LOS,punct_interior,5,5,4,3.965,3.0,1.0,3.67,2.89,8.76,16.49,,4.29,-3.18,0.76,87.0
2026-06-11 11:38:28.597,1781167108.598,DWM1001C,14,LOS,punct_interior,5,6,4,3.965,3.0,1.0,3.71,2.91,8.83,16.31,,4.31,-3.2,0.8,91.0
2026-06-11 11:38:28.702,1781167108.702,DWM1001C,14,LOS,punct_interior,5,7,4,3.965,3.0,1.0,3.71,2.94,8.87,16.13,,4.32,-3.19,0.77,88.0
2026-06-11 11:38:28.795,1781167108.795,DWM1001C,14,LOS,punct_interior,5,8,4,3.965,3.0,1.0,3.6,2.94,8.92,16.31,,4.29,-3.17,0.71,84.0
2026-06-11 11:38:28.906,1781167108.906,DWM1001C,14,LOS,punct_interior,5,9,4,3.965,3.0,1.0,3.6,2.91,8.84,16.13,,4.27,-3.17,0.76,89.0
2026-06-11 11:38:28.999,1781167109.0,DWM1001C,14,LOS,punct_interior,5,10,4,3.965,3.0,1.0,3.59,2.9,8.82,16.19,,4.26,-3.18,0.81,90.0
2026-06-11 11:38:29.103,1781167109.104,DWM1001C,14,LOS,punct_interior,5,11,4,3.965,3.0,1.0,3.59,2.85,8.85,15.99,,4.27,-3.19,0.88,91.0
2026-06-11 11:38:29.194,1781167109.195,DWM1001C,14,LOS,punct_interior,5,12,4,3.965,3.0,1.0,3.62,2.9,8.83,16.19,,4.27,-3.2,0.9,91.0
2026-06-11 11:38:29.309,1781167109.31,DWM1001C,14,LOS,punct_interior,5,13,4,3.965,3.0,1.0,3.61,2.91,8.89,15.99,,4.26,-3.18,0.86,87.0
2026-06-11 11:38:29.397,1781167109.397,DWM1001C,14,LOS,punct_interior,5,14,4,3.965,3.0,1.0,3.64,2.92,8.85,16.41,,4.26,-3.18,0.84,89.0
2026-06-11 11:38:29.504,1781167109.504,DWM1001C,14,LOS,punct_interior,5,15,4,3.965,3.0,1.0,3.76,2.91,8.88,16.22,,4.31,-3.19,0.83,90.0
2026-06-11 11:38:29.608,1781167109.609,DWM1001C,14,LOS,punct_interior,5,16,4,3.965,3.0,1.0,3.68,2.94,8.89,16.5,,4.31,-3.18,0.78,87.0
2026-06-11 11:38:29.694,1781167109.694,DWM1001C,14,LOS,punct_interior,5,17,4,3.965,3.0,1.0,3.6,2.9,8.84,16.45,,4.29,-3.18,0.81,89.0
2026-06-11 11:38:29.802,1781167109.803,DWM1001C,14,LOS,punct_interior,5,18,4,3.965,3.0,1.0,3.67,2.91,8.84,15.79,,4.3,-3.19,0.83,91.0
2026-06-11 11:38:29.889,1781167109.89,DWM1001C,14,LOS,punct_interior,5,19,4,3.965,3.0,1.0,3.68,2.91,8.85,16.52,,4.3,-3.2,0.84,90.0
2026-06-11 11:38:29.994,1781167109.994,DWM1001C,14,LOS,punct_interior,5,20,4,3.965,3.0,1.0,3.64,2.89,8.85,16.12,,4.3,-3.2,0.85,90.0
2026-06-11 11:38:30.098,1781167110.098,DWM1001C,14,LOS,punct_interior,5,21,4,3.965,3.0,1.0,3.65,2.93,8.87,16.17,,4.29,-3.19,0.82,88.0
2026-06-11 11:38:30.204,1781167110.205,DWM1001C,14,LOS,punct_interior,5,22,4,3.965,3.0,1.0,3.61,2.89,8.88,16.52,,4.29,-3.18,0.81,89.0
2026-06-11 11:38:30.291,1781167110.291,DWM1001C,14,LOS,punct_interior,5,23,4,3.965,3.0,1.0,3.62,2.95,8.86,16.47,,4.27,-3.17,0.78,86.0
2026-06-11 11:38:30.396,1781167110.396,DWM1001C,14,LOS,punct_interior,5,24,4,3.965,3.0,1.0,3.61,2.93,8.84,15.82,,4.26,-3.18,0.78,88.0
2026-06-11 11:38:30.498,1781167110.498,DWM1001C,14,LOS,punct_interior,5,25,4,3.965,3.0,1.0,3.65,2.92,8.8,16.44,,4.26,-3.19,0.83,91.0
2026-06-11 11:38:30.602,1781167110.603,DWM1001C,14,LOS,punct_interior,5,26,4,3.965,3.0,1.0,3.62,2.92,8.88,16.02,,4.26,-3.18,0.8,87.0
2026-06-11 11:38:30.708,1781167110.708,DWM1001C,14,LOS,punct_interior,5,27,4,3.965,3.0,1.0,3.67,2.91,8.86,16.31,,4.27,-3.18,0.79,89.0
2026-06-11 11:38:30.811,1781167110.812,DWM1001C,14,LOS,punct_interior,5,28,4,3.965,3.0,1.0,3.59,2.94,8.85,16.42,,4.25,-3.18,0.77,87.0
2026-06-11 11:38:30.914,1781167110.915,DWM1001C,14,LOS,punct_interior,5,29,4,3.965,3.0,1.0,3.68,2.92,8.85,16.14,,4.27,-3.18,0.78,90.0
2026-06-11 11:38:30.997,1781167110.997,DWM1001C,14,LOS,punct_interior,5,30,4,3.965,3.0,1.0,3.63,2.92,8.82,16.36,,4.27,-3.19,0.82,90.0
2026-06-11 11:41:19.207,1781167279.208,DWM1001C,15,LOS,punct_interior,5,1,4,4.965,3.0,1.0,4.26,2.76,9.31,15.62,,5.24,-3.07,0.78,82.0
2026-06-11 11:41:19.310,1781167279.311,DWM1001C,15,LOS,punct_interior,5,2,4,4.965,3.0,1.0,4.22,2.74,9.32,15.65,,5.23,-3.06,0.76,82.0
2026-06-11 11:41:19.393,1781167279.393,DWM1001C,15,LOS,punct_interior,5,3,4,4.965,3.0,1.0,4.23,2.75,9.31,15.64,,5.23,-3.06,0.74,81.0
2026-06-11 11:41:19.496,1781167279.497,DWM1001C,15,LOS,punct_interior,5,4,4,4.965,3.0,1.0,4.23,2.74,9.27,15.68,,5.23,-3.07,0.78,84.0
2026-06-11 11:41:19.600,1781167279.601,DWM1001C,15,LOS,punct_interior,5,5,4,4.965,3.0,1.0,4.35,2.78,9.25,15.57,,5.27,-3.1,0.87,83.0
2026-06-11 11:41:19.704,1781167279.705,DWM1001C,15,LOS,punct_interior,5,6,4,4.965,3.0,1.0,4.21,2.82,9.24,15.62,,5.24,-3.09,0.8,82.0
2026-06-11 11:41:19.808,1781167279.809,DWM1001C,15,LOS,punct_interior,5,7,4,4.965,3.0,1.0,4.22,2.76,9.24,15.55,,5.23,-3.1,0.82,84.0
2026-06-11 11:41:19.913,1781167279.914,DWM1001C,15,LOS,punct_interior,5,8,4,4.965,3.0,1.0,4.24,2.74,9.16,15.52,,5.25,-3.11,0.79,80.0
2026-06-11 11:41:19.997,1781167279.997,DWM1001C,15,LOS,punct_interior,5,9,4,4.965,3.0,1.0,4.23,2.76,9.24,15.65,,5.24,-3.11,0.82,85.0
2026-06-11 11:41:20.100,1781167280.1,DWM1001C,15,LOS,punct_interior,5,10,4,4.965,3.0,1.0,4.26,2.77,9.23,15.54,,5.25,-3.12,0.85,84.0
2026-06-11 11:41:20.203,1781167280.204,DWM1001C,15,LOS,punct_interior,5,11,4,4.965,3.0,1.0,4.29,2.75,9.23,15.61,,5.26,-3.14,0.96,85.0
2026-06-11 11:41:20.307,1781167280.307,DWM1001C,15,LOS,punct_interior,5,12,4,4.965,3.0,1.0,4.29,2.76,9.27,15.54,,5.27,-3.14,0.96,83.0
2026-06-11 11:41:20.410,1781167280.411,DWM1001C,15,LOS,punct_interior,5,13,4,4.965,3.0,1.0,4.22,2.74,9.23,15.62,,5.26,-3.14,0.99,86.0
2026-06-11 11:41:20.515,1781167280.515,DWM1001C,15,LOS,punct_interior,5,14,4,4.965,3.0,1.0,4.26,2.74,9.27,15.6,,5.27,-3.14,1.0,84.0
2026-06-11 11:41:20.618,1781167280.619,DWM1001C,15,LOS,punct_interior,5,15,4,4.965,3.0,1.0,4.26,2.78,9.26,15.63,,5.26,-3.13,0.95,83.0
2026-06-11 11:41:20.703,1781167280.703,DWM1001C,15,LOS,punct_interior,5,16,4,4.965,3.0,1.0,4.2,2.74,9.26,15.53,,5.25,-3.12,0.94,85.0
2026-06-11 11:41:20.807,1781167280.807,DWM1001C,15,LOS,punct_interior,5,17,4,4.965,3.0,1.0,4.28,2.79,9.25,15.62,,5.25,-3.12,0.91,83.0
2026-06-11 11:41:20.912,1781167280.913,DWM1001C,15,LOS,punct_interior,5,18,4,4.965,3.0,1.0,4.27,2.74,9.28,15.54,,5.26,-3.12,0.93,84.0
2026-06-11 11:41:21.016,1781167281.016,DWM1001C,15,LOS,punct_interior,5,19,4,4.965,3.0,1.0,4.28,2.8,9.26,15.61,,5.26,-3.12,0.89,82.0
2026-06-11 11:41:21.120,1781167281.121,DWM1001C,15,LOS,punct_interior,5,20,4,4.965,3.0,1.0,4.22,2.76,9.3,15.6,,5.25,-3.1,0.84,82.0
2026-06-11 11:41:21.203,1781167281.204,DWM1001C,15,LOS,punct_interior,5,21,4,4.965,3.0,1.0,4.2,2.75,9.26,15.55,,5.23,-3.1,0.82,84.0
2026-06-11 11:41:21.307,1781167281.307,DWM1001C,15,LOS,punct_interior,5,22,4,4.965,3.0,1.0,4.22,2.74,9.25,15.53,,5.23,-3.1,0.85,85.0
2026-06-11 11:41:21.411,1781167281.411,DWM1001C,15,LOS,punct_interior,5,23,4,4.965,3.0,1.0,4.22,2.79,9.26,15.54,,5.22,-3.1,0.81,82.0
2026-06-11 11:41:21.514,1781167281.515,DWM1001C,15,LOS,punct_interior,5,24,4,4.965,3.0,1.0,4.31,2.77,9.27,15.62,,5.24,-3.11,0.84,83.0
2026-06-11 11:41:21.597,1781167281.598,DWM1001C,15,LOS,punct_interior,5,25,4,4.965,3.0,1.0,4.22,2.74,9.34,15.63,,5.24,-3.08,0.79,81.0
2026-06-11 11:41:21.700,1781167281.7,DWM1001C,15,LOS,punct_interior,5,26,4,4.965,3.0,1.0,4.22,2.76,9.26,15.53,,5.23,-3.08,0.79,83.0
2026-06-11 11:41:21.803,1781167281.803,DWM1001C,15,LOS,punct_interior,5,27,4,4.965,3.0,1.0,4.27,2.76,9.31,15.57,,5.24,-3.08,0.78,81.0
2026-06-11 11:41:21.906,1781167281.906,DWM1001C,15,LOS,punct_interior,5,28,4,4.965,3.0,1.0,4.22,2.77,9.31,15.58,,5.23,-3.07,0.74,81.0
2026-06-11 11:41:22.009,1781167282.01,DWM1001C,15,LOS,punct_interior,5,29,4,4.965,3.0,1.0,4.22,2.74,9.21,15.64,,5.23,-3.09,0.86,87.0
2026-06-11 11:41:22.091,1781167282.091,DWM1001C,15,LOS,punct_interior,5,30,4,4.965,3.0,1.0,4.22,2.81,9.28,15.64,,5.2,-3.11,0.94,89.0
2026-06-11 11:43:26.806,1781167406.807,DWM1001C,18,LOS,punct_interior,5,1,4,2.965,4.0,1.0,3.97,4.23,7.81,15.14,,3.14,-4.08,0.65,93.0
2026-06-11 11:43:26.909,1781167406.91,DWM1001C,18,LOS,punct_interior,5,2,4,2.965,4.0,1.0,3.97,4.17,7.71,15.06,,3.15,-4.08,0.61,92.0
2026-06-11 11:43:27.014,1781167407.014,DWM1001C,18,LOS,punct_interior,5,3,4,2.965,4.0,1.0,3.97,4.15,7.78,14.91,,3.17,-4.07,0.55,90.0
2026-06-11 11:43:27.118,1781167407.118,DWM1001C,18,LOS,punct_interior,5,4,4,2.965,4.0,1.0,4.01,4.15,7.74,15.0,,3.19,-4.07,0.52,91.0
2026-06-11 11:43:27.222,1781167407.223,DWM1001C,18,LOS,punct_interior,5,5,4,2.965,4.0,1.0,3.99,4.21,7.74,14.9,,3.18,-4.09,0.68,96.0
2026-06-11 11:43:27.306,1781167407.307,DWM1001C,18,LOS,punct_interior,5,6,4,2.965,4.0,1.0,3.97,4.21,7.73,14.96,,3.17,-4.08,0.6,90.0
2026-06-11 11:43:27.409,1781167407.409,DWM1001C,18,LOS,punct_interior,5,7,4,2.965,4.0,1.0,4.02,4.14,7.77,15.03,,3.2,-4.07,0.54,91.0
2026-06-11 11:43:27.511,1781167407.512,DWM1001C,18,LOS,punct_interior,5,8,4,2.965,4.0,1.0,3.96,4.19,7.8,15.01,,3.19,-4.08,0.64,95.0
2026-06-11 11:43:27.614,1781167407.615,DWM1001C,18,LOS,punct_interior,5,9,4,2.965,4.0,1.0,3.94,4.17,7.72,14.94,,3.18,-4.07,0.61,92.0
2026-06-11 11:43:27.697,1781167407.697,DWM1001C,18,LOS,punct_interior,5,10,4,2.965,4.0,1.0,4.04,4.2,7.81,14.87,,3.19,-4.08,0.63,94.0
2026-06-11 11:43:27.799,1781167407.799,DWM1001C,18,LOS,punct_interior,5,11,4,2.965,4.0,1.0,3.95,4.25,7.82,14.86,,3.16,-4.07,0.64,92.0
2026-06-11 11:43:27.903,1781167407.904,DWM1001C,18,LOS,punct_interior,5,12,4,2.965,4.0,1.0,3.96,4.23,7.8,14.91,,3.14,-4.07,0.67,93.0
2026-06-11 11:43:28.007,1781167408.007,DWM1001C,18,LOS,punct_interior,5,13,4,2.965,4.0,1.0,4.04,4.25,7.78,14.86,,3.15,-4.08,0.68,94.0
2026-06-11 11:43:28.111,1781167408.112,DWM1001C,18,LOS,punct_interior,5,14,4,2.965,4.0,1.0,3.97,4.18,7.78,14.89,,3.15,-4.09,0.78,96.0
2026-06-11 11:43:28.215,1781167408.216,DWM1001C,18,LOS,punct_interior,5,15,4,2.965,4.0,1.0,3.97,4.24,7.68,14.85,,3.13,-4.09,0.69,90.0
2026-06-11 11:43:28.319,1781167408.32,DWM1001C,18,LOS,punct_interior,5,16,4,2.965,4.0,1.0,4.0,4.21,7.77,14.87,,3.14,-4.1,0.75,95.0
2026-06-11 11:43:28.403,1781167408.404,DWM1001C,18,LOS,punct_interior,5,17,4,2.965,4.0,1.0,3.96,4.23,7.8,14.55,,3.13,-4.09,0.76,94.0
2026-06-11 11:43:28.507,1781167408.508,DWM1001C,18,LOS,punct_interior,5,18,4,2.965,4.0,1.0,3.96,4.21,7.8,14.84,,3.13,-4.09,0.79,94.0
2026-06-11 11:43:28.611,1781167408.612,DWM1001C,18,LOS,punct_interior,5,19,4,2.965,4.0,1.0,4.0,4.16,7.79,14.56,,3.16,-4.1,0.87,97.0
2026-06-11 11:43:28.714,1781167408.715,DWM1001C,18,LOS,punct_interior,5,20,4,2.965,4.0,1.0,3.95,4.17,7.8,14.99,,3.16,-4.1,0.91,96.0
2026-06-11 11:43:28.818,1781167408.819,DWM1001C,18,LOS,punct_interior,5,21,4,2.965,4.0,1.0,3.98,4.19,7.74,14.92,,3.16,-4.09,0.77,90.0
2026-06-11 11:43:28.923,1781167408.924,DWM1001C,18,LOS,punct_interior,5,22,4,2.965,4.0,1.0,3.97,4.23,7.69,14.85,,3.14,-4.09,0.69,91.0
2026-06-11 11:43:29.007,1781167409.008,DWM1001C,18,LOS,punct_interior,5,23,4,2.965,4.0,1.0,3.97,4.23,7.77,14.96,,3.13,-4.09,0.75,95.0
2026-06-11 11:43:29.111,1781167409.112,DWM1001C,18,LOS,punct_interior,5,24,4,2.965,4.0,1.0,4.0,4.21,7.72,14.94,,3.14,-4.09,0.65,90.0
2026-06-11 11:43:29.217,1781167409.217,DWM1001C,18,LOS,punct_interior,5,25,4,2.965,4.0,1.0,4.01,4.16,7.82,14.8,,3.17,-4.09,0.7,95.0
2026-06-11 11:43:29.321,1781167409.322,DWM1001C,18,LOS,punct_interior,5,26,4,2.965,4.0,1.0,3.97,4.16,7.73,14.84,,3.18,-4.08,0.64,92.0
2026-06-11 11:43:29.426,1781167409.427,DWM1001C,18,LOS,punct_interior,5,27,4,2.965,4.0,1.0,3.97,4.16,7.74,14.88,,3.18,-4.07,0.59,91.0
2026-06-11 11:43:29.511,1781167409.512,DWM1001C,18,LOS,punct_interior,5,28,4,2.965,4.0,1.0,4.0,4.19,7.82,14.89,,3.18,-4.07,0.63,94.0
2026-06-11 11:43:29.618,1781167409.618,DWM1001C,18,LOS,punct_interior,5,29,4,2.965,4.0,1.0,3.97,4.18,7.75,14.89,,3.18,-4.06,0.56,90.0
2026-06-11 11:43:29.702,1781167409.703,DWM1001C,18,LOS,punct_interior,5,30,4,2.965,4.0,1.0,4.01,4.21,7.77,14.96,,3.18,-4.08,0.66,96.0
2026-06-11 11:43:39.596,1781167419.596,DWM1001C,19,LOS,punct_interior,5,1,4,3.965,4.0,1.0,4.61,3.66,8.06,14.95,,4.83,-4.13,0.74,88.0
2026-06-11 11:43:39.699,1781167419.7,DWM1001C,19,LOS,punct_interior,5,2,4,3.965,4.0,1.0,4.56,3.69,8.04,14.87,,4.8,-4.12,0.69,88.0
2026-06-11 11:43:39.803,1781167419.803,DWM1001C,19,LOS,punct_interior,5,3,4,3.965,4.0,1.0,4.59,3.65,8.01,14.71,,4.81,-4.14,0.78,88.0
2026-06-11 11:43:39.905,1781167419.905,DWM1001C,19,LOS,punct_interior,5,4,4,3.965,4.0,1.0,4.6,3.64,8.04,15.31,,4.82,-4.14,0.83,88.0
2026-06-11 11:43:40.008,1781167420.008,DWM1001C,19,LOS,punct_interior,5,5,4,3.965,4.0,1.0,4.61,3.62,8.01,15.06,,4.84,-4.14,0.75,86.0
2026-06-11 11:43:40.111,1781167420.111,DWM1001C,19,LOS,punct_interior,5,6,4,3.965,4.0,1.0,4.58,3.63,8.03,14.99,,4.84,-4.14,0.83,88.0
2026-06-11 11:43:40.215,1781167420.215,DWM1001C,19,LOS,punct_interior,5,7,4,3.965,4.0,1.0,4.54,3.63,8.05,14.57,,4.82,-4.14,0.83,88.0
2026-06-11 11:43:40.297,1781167420.298,DWM1001C,19,LOS,punct_interior,5,8,4,3.965,4.0,1.0,4.6,3.59,8.03,14.48,,4.85,-4.13,0.75,86.0
2026-06-11 11:43:40.400,1781167420.4,DWM1001C,19,LOS,punct_interior,5,9,4,3.965,4.0,1.0,4.57,3.67,8.03,14.96,,4.82,-4.12,0.73,88.0
2026-06-11 11:43:40.507,1781167420.507,DWM1001C,19,LOS,punct_interior,5,10,4,3.965,4.0,1.0,4.55,3.67,8.08,14.52,,4.8,-4.11,0.67,88.0
2026-06-11 11:43:40.612,1781167420.613,DWM1001C,19,LOS,punct_interior,5,11,4,3.965,4.0,1.0,4.54,3.62,8.05,14.49,,4.79,-4.11,0.72,88.0
2026-06-11 11:43:40.694,1781167420.694,DWM1001C,19,LOS,punct_interior,5,12,4,3.965,4.0,1.0,4.6,3.64,8.1,14.49,,4.8,-4.1,0.7,88.0
2026-06-11 11:43:40.797,1781167420.797,DWM1001C,19,LOS,punct_interior,5,13,4,3.965,4.0,1.0,4.6,3.63,8.03,14.54,,4.82,-4.12,0.83,88.0
2026-06-11 11:43:40.900,1781167420.9,DWM1001C,19,LOS,punct_interior,5,14,4,3.965,4.0,1.0,4.56,3.6,8.03,14.49,,4.83,-4.11,0.72,86.0
2026-06-11 11:43:41.004,1781167421.005,DWM1001C,19,LOS,punct_interior,5,15,4,3.965,4.0,1.0,4.62,3.65,8.13,14.42,,4.84,-4.1,0.68,88.0
2026-06-11 11:43:41.110,1781167421.11,DWM1001C,19,LOS,punct_interior,5,16,4,3.965,4.0,1.0,4.53,3.65,8.08,14.53,,4.81,-4.09,0.65,88.0
2026-06-11 11:43:41.213,1781167421.214,DWM1001C,19,LOS,punct_interior,5,17,4,3.965,4.0,1.0,4.59,3.69,8.05,14.5,,4.8,-4.1,0.64,88.0
2026-06-11 11:43:41.317,1781167421.317,DWM1001C,19,LOS,punct_interior,5,18,4,3.965,4.0,1.0,4.59,3.59,8.14,14.58,,4.82,-4.09,0.67,88.0
2026-06-11 11:43:41.421,1781167421.422,DWM1001C,19,LOS,punct_interior,5,19,4,3.965,4.0,1.0,4.6,3.67,8.06,14.41,,4.82,-4.09,0.66,88.0
2026-06-11 11:43:41.505,1781167421.506,DWM1001C,19,LOS,punct_interior,5,20,4,3.965,4.0,1.0,4.6,3.61,8.04,14.51,,4.84,-4.09,0.6,85.0
2026-06-11 11:43:41.611,1781167421.611,DWM1001C,19,LOS,punct_interior,5,21,4,3.965,4.0,1.0,4.61,3.64,8.1,14.41,,4.84,-4.09,0.63,88.0
2026-06-11 11:43:41.715,1781167421.715,DWM1001C,19,LOS,punct_interior,5,22,4,3.965,4.0,1.0,4.58,3.67,8.1,14.47,,4.83,-4.08,0.59,88.0
2026-06-11 11:43:41.819,1781167421.819,DWM1001C,19,LOS,punct_interior,5,23,4,3.965,4.0,1.0,4.58,3.66,8.09,14.45,,4.81,-4.08,0.59,88.0
2026-06-11 11:43:41.903,1781167421.903,DWM1001C,19,LOS,punct_interior,5,24,4,3.965,4.0,1.0,4.57,3.65,8.07,14.41,,4.81,-4.09,0.61,88.0
2026-06-11 11:43:42.007,1781167422.007,DWM1001C,19,LOS,punct_interior,5,25,4,3.965,4.0,1.0,4.6,3.65,8.05,14.52,,4.81,-4.1,0.66,88.0
2026-06-11 11:43:42.109,1781167422.109,DWM1001C,19,LOS,punct_interior,5,26,4,3.965,4.0,1.0,4.58,3.64,8.1,14.5,,4.81,-4.09,0.66,88.0
2026-06-11 11:43:42.211,1781167422.212,DWM1001C,19,LOS,punct_interior,5,27,4,3.965,4.0,1.0,4.6,3.69,8.01,14.52,,4.8,-4.11,0.69,88.0
2026-06-11 11:43:42.295,1781167422.296,DWM1001C,19,LOS,punct_interior,5,28,4,3.965,4.0,1.0,4.59,3.61,8.09,14.58,,4.82,-4.11,0.73,88.0
2026-06-11 11:43:42.397,1781167422.398,DWM1001C,19,LOS,punct_interior,5,29,4,3.965,4.0,1.0,4.58,3.69,8.06,14.51,,4.8,-4.11,0.69,88.0
2026-06-11 11:43:42.500,1781167422.5,DWM1001C,19,LOS,punct_interior,5,30,4,3.965,4.0,1.0,4.56,3.62,8.1,14.54,,4.8,-4.1,0.68,88.0
2026-06-11 11:44:09.809,1781167449.809,DWM1001C,20,LOS,punct_interior,5,1,4,4.965,4.0,1.0,5.3,3.78,8.74,14.65,,5.89,-3.99,0.7,84.0
2026-06-11 11:44:09.913,1781167449.913,DWM1001C,20,LOS,punct_interior,5,2,4,4.965,4.0,1.0,5.31,3.76,8.68,14.71,,5.88,-4.01,0.74,84.0
2026-06-11 11:44:10.017,1781167450.017,DWM1001C,20,LOS,punct_interior,5,3,4,4.965,4.0,1.0,5.32,3.74,8.65,14.67,,5.9,-4.01,0.69,85.0
2026-06-11 11:44:10.121,1781167450.122,DWM1001C,20,LOS,punct_interior,5,4,4,4.965,4.0,1.0,5.3,3.75,8.67,14.69,,5.89,-4.03,0.78,84.0
2026-06-11 11:44:10.205,1781167450.206,DWM1001C,20,LOS,punct_interior,5,5,4,4.965,4.0,1.0,5.34,3.72,8.66,14.69,,5.92,-4.03,0.76,85.0
2026-06-11 11:44:10.310,1781167450.31,DWM1001C,20,LOS,punct_interior,5,6,4,4.965,4.0,1.0,5.25,3.74,8.71,14.73,,5.88,-4.01,0.71,83.0
2026-06-11 11:44:10.414,1781167450.415,DWM1001C,20,LOS,punct_interior,5,7,4,4.965,4.0,1.0,5.34,3.76,8.69,14.62,,5.89,-4.03,0.8,84.0
2026-06-11 11:44:10.519,1781167450.519,DWM1001C,20,LOS,punct_interior,5,8,4,4.965,4.0,1.0,5.28,3.71,8.72,14.62,,5.88,-4.03,0.84,84.0
2026-06-11 11:44:10.602,1781167450.603,DWM1001C,20,LOS,punct_interior,5,9,4,4.965,4.0,1.0,5.27,3.72,8.67,14.64,,5.87,-4.04,0.91,83.0
2026-06-11 11:44:10.705,1781167450.706,DWM1001C,20,LOS,punct_interior,5,10,4,4.965,4.0,1.0,5.34,3.73,8.69,14.59,,5.9,-4.03,0.82,85.0
2026-06-11 11:44:10.809,1781167450.809,DWM1001C,20,LOS,punct_interior,5,11,4,4.965,4.0,1.0,5.26,3.74,8.67,14.69,,5.87,-4.03,0.8,83.0
2026-06-11 11:44:10.912,1781167450.913,DWM1001C,20,LOS,punct_interior,5,12,4,4.965,4.0,1.0,5.3,3.75,8.71,14.68,,5.87,-4.02,0.79,84.0
2026-06-11 11:44:11.015,1781167451.015,DWM1001C,20,LOS,punct_interior,5,13,4,4.965,4.0,1.0,5.28,3.72,8.77,14.68,,5.86,-4.0,0.74,84.0
2026-06-11 11:44:11.097,1781167451.098,DWM1001C,20,LOS,punct_interior,5,14,4,4.965,4.0,1.0,5.26,3.72,8.71,14.67,,5.85,-4.0,0.76,83.0
2026-06-11 11:44:11.201,1781167451.201,DWM1001C,20,LOS,punct_interior,5,15,4,4.965,4.0,1.0,5.33,3.73,8.7,14.65,,5.89,-4.0,0.69,85.0
2026-06-11 11:44:11.304,1781167451.304,DWM1001C,20,LOS,punct_interior,5,16,4,4.965,4.0,1.0,5.28,3.74,8.69,14.65,,5.87,-4.0,0.73,84.0
2026-06-11 11:44:11.408,1781167451.409,DWM1001C,20,LOS,punct_interior,5,17,4,4.965,4.0,1.0,5.27,3.73,8.66,14.6,,5.86,-4.02,0.8,83.0
2026-06-11 11:44:11.513,1781167451.514,DWM1001C,20,LOS,punct_interior,5,18,4,4.965,4.0,1.0,5.32,3.73,8.68,14.66,,5.89,-4.01,0.73,85.0
2026-06-11 11:44:11.617,1781167451.617,DWM1001C,20,LOS,punct_interior,5,19,4,4.965,4.0,1.0,5.33,3.76,8.7,14.59,,5.89,-4.02,0.77,84.0
2026-06-11 11:44:11.702,1781167451.702,DWM1001C,20,LOS,punct_interior,5,20,4,4.965,4.0,1.0,5.22,3.76,8.7,14.71,,5.83,-4.03,0.87,82.0
2026-06-11 11:44:11.807,1781167451.807,DWM1001C,20,LOS,punct_interior,5,21,4,4.965,4.0,1.0,5.29,3.73,8.65,14.66,,5.85,-4.02,0.77,84.0
2026-06-11 11:44:11.911,1781167451.911,DWM1001C,20,LOS,punct_interior,5,22,4,4.965,4.0,1.0,5.28,3.74,8.66,14.7,,5.84,-4.03,0.8,83.0
2026-06-11 11:44:12.015,1781167452.015,DWM1001C,20,LOS,punct_interior,5,23,4,4.965,4.0,1.0,5.33,3.74,8.69,14.66,,5.86,-4.04,0.89,84.0
2026-06-11 11:44:12.098,1781167452.098,DWM1001C,20,LOS,punct_interior,5,24,4,4.965,4.0,1.0,5.25,3.73,8.69,14.61,,5.84,-4.03,0.84,83.0
2026-06-11 11:44:12.200,1781167452.201,DWM1001C,20,LOS,punct_interior,5,25,4,4.965,4.0,1.0,5.28,3.76,8.68,14.68,,5.83,-4.03,0.8,83.0
2026-06-11 11:44:12.304,1781167452.305,DWM1001C,20,LOS,punct_interior,5,26,4,4.965,4.0,1.0,5.34,3.72,8.75,14.7,,5.86,-4.03,0.89,84.0
2026-06-11 11:44:12.407,1781167452.407,DWM1001C,20,LOS,punct_interior,5,27,4,4.965,4.0,1.0,5.33,3.73,8.73,14.73,,5.88,-4.03,0.91,84.0
2026-06-11 11:44:12.510,1781167452.511,DWM1001C,20,LOS,punct_interior,5,28,4,4.965,4.0,1.0,5.35,3.73,8.68,14.7,,5.91,-4.03,0.85,85.0
2026-06-11 11:44:12.614,1781167452.614,DWM1001C,20,LOS,punct_interior,5,29,4,4.965,4.0,1.0,5.25,3.75,8.73,14.65,,5.87,-4.01,0.75,83.0
2026-06-11 11:44:12.696,1781167452.697,DWM1001C,20,LOS,punct_interior,5,30,4,4.965,4.0,1.0,5.33,3.76,8.71,14.62,,5.88,-4.02,0.77,84.0
2026-06-11 11:48:01.811,1781167681.811,DWM1001C,22,LOS,punct_interior,5,1,4,1.965,5.0,1.0,4.71,5.64,6.68,13.9,,1.8,-5.0,0.55,93.0
2026-06-11 11:48:01.920,1781167681.92,DWM1001C,22,LOS,punct_interior,5,2,4,1.965,5.0,1.0,4.73,5.63,6.64,13.84,,1.82,-5.0,0.48,89.0
2026-06-11 11:48:02.011,1781167682.012,DWM1001C,22,LOS,punct_interior,5,3,4,1.965,5.0,1.0,4.74,5.63,6.63,13.52,,1.84,-5.0,0.43,89.0
2026-06-11 11:48:02.116,1781167682.117,DWM1001C,22,LOS,punct_interior,5,4,4,1.965,5.0,1.0,4.7,5.62,6.6,13.13,,1.84,-5.01,0.44,90.0
2026-06-11 11:48:02.220,1781167682.22,DWM1001C,22,LOS,punct_interior,5,5,4,1.965,5.0,1.0,4.73,5.68,6.61,13.58,,1.83,-5.01,0.43,88.0
2026-06-11 11:48:02.324,1781167682.324,DWM1001C,22,LOS,punct_interior,5,6,4,1.965,5.0,1.0,4.75,5.64,6.63,13.29,,1.56,-4.92,0.4,88.0
2026-06-11 11:48:02.407,1781167682.408,DWM1001C,22,LOS,punct_interior,5,7,4,1.965,5.0,1.0,4.71,5.62,6.64,13.12,,1.63,-4.94,0.39,89.0
2026-06-11 11:48:02.513,1781167682.514,DWM1001C,22,LOS,punct_interior,5,8,4,1.965,5.0,1.0,4.72,5.66,6.65,13.14,,1.68,-4.96,0.36,88.0
2026-06-11 11:48:02.618,1781167682.619,DWM1001C,22,LOS,punct_interior,5,9,4,1.965,5.0,1.0,4.74,5.63,6.61,13.14,,1.73,-4.97,0.35,89.0
2026-06-11 11:48:02.723,1781167682.724,DWM1001C,22,LOS,punct_interior,5,10,4,1.965,5.0,1.0,4.71,5.54,6.61,13.14,,1.62,-4.94,0.45,86.0
2026-06-11 11:48:02.806,1781167682.807,DWM1001C,22,LOS,punct_interior,5,11,4,1.965,5.0,1.0,4.74,5.6,6.63,13.18,,1.51,-4.91,0.51,86.0
2026-06-11 11:48:02.910,1781167682.911,DWM1001C,22,LOS,punct_interior,5,12,4,1.965,5.0,1.0,4.73,5.64,6.64,13.07,,1.59,-4.93,0.46,88.0
2026-06-11 11:48:03.014,1781167683.015,DWM1001C,22,LOS,punct_interior,5,13,4,1.965,5.0,1.0,4.75,5.59,6.63,13.11,,1.69,-4.95,0.41,90.0
2026-06-11 11:48:03.119,1781167683.12,DWM1001C,22,LOS,punct_interior,5,14,4,1.965,5.0,1.0,4.72,5.63,6.68,13.16,,1.63,-4.93,0.4,85.0
2026-06-11 11:48:03.203,1781167683.204,DWM1001C,22,LOS,punct_interior,5,15,4,1.965,5.0,1.0,4.72,5.58,6.58,13.17,,1.48,-4.89,0.47,87.0
2026-06-11 11:48:03.307,1781167683.308,DWM1001C,22,LOS,punct_interior,5,16,4,1.965,5.0,1.0,4.72,5.6,6.63,13.08,,1.49,-4.89,0.47,86.0
2026-06-11 11:48:03.411,1781167683.412,DWM1001C,22,LOS,punct_interior,5,17,4,1.965,5.0,1.0,4.73,5.66,6.54,13.18,,1.33,-4.85,0.42,88.0
2026-06-11 11:48:03.514,1781167683.515,DWM1001C,22,LOS,punct_interior,5,18,4,1.965,5.0,1.0,4.7,5.65,6.59,13.15,,1.45,-4.9,0.45,90.0
2026-06-11 11:48:03.618,1781167683.618,DWM1001C,22,LOS,punct_interior,5,19,4,1.965,5.0,1.0,4.7,5.63,6.62,13.19,,1.37,-4.88,0.53,86.0
2026-06-11 11:48:03.700,1781167683.701,DWM1001C,22,LOS,punct_interior,5,20,4,1.965,5.0,1.0,4.71,5.68,6.62,13.08,,1.46,-4.92,0.49,88.0
2026-06-11 11:48:03.826,1781167683.826,DWM1001C,22,LOS,punct_interior,5,21,4,1.965,5.0,1.0,4.72,5.69,6.57,13.2,,1.33,-4.88,0.5,87.0
2026-06-11 11:48:03.909,1781167683.91,DWM1001C,22,LOS,punct_interior,5,22,4,1.965,5.0,1.0,4.71,5.65,6.58,13.21,,1.22,-4.86,0.59,87.0
2026-06-11 11:48:04.014,1781167684.015,DWM1001C,22,LOS,punct_interior,5,23,4,1.965,5.0,1.0,4.74,5.69,6.57,13.17,,1.16,-4.84,0.52,87.0
2026-06-11 11:48:04.118,1781167684.119,DWM1001C,22,LOS,punct_interior,5,24,4,1.965,5.0,1.0,4.72,5.7,6.54,13.23,,1.03,-4.82,0.6,88.0
2026-06-11 11:48:04.223,1781167684.223,DWM1001C,22,LOS,punct_interior,5,25,4,1.965,5.0,1.0,4.71,5.63,6.59,13.16,,1.06,-4.83,0.69,86.0
2026-06-11 11:48:04.306,1781167684.307,DWM1001C,22,LOS,punct_interior,5,26,4,1.965,5.0,1.0,4.72,5.6,6.58,13.12,,1.28,-4.89,0.64,91.0
2026-06-11 11:48:04.411,1781167684.411,DWM1001C,22,LOS,punct_interior,5,27,4,1.965,5.0,1.0,4.71,5.59,6.61,13.17,,1.23,-4.85,0.55,87.0
2026-06-11 11:48:04.515,1781167684.515,DWM1001C,22,LOS,punct_interior,5,28,4,1.965,5.0,1.0,4.71,5.62,6.62,13.12,,1.4,-4.89,0.51,90.0
2026-06-11 11:48:04.619,1781167684.62,DWM1001C,22,LOS,punct_interior,5,29,4,1.965,5.0,1.0,4.71,5.62,6.55,13.08,,1.52,-4.94,0.54,91.0
2026-06-11 11:48:04.702,1781167684.703,DWM1001C,22,LOS,punct_interior,5,30,4,1.965,5.0,1.0,4.73,5.63,6.57,13.24,,1.61,-4.97,0.53,90.0
2026-06-11 11:48:14.815,1781167694.815,DWM1001C,23,LOS,punct_interior,5,1,3,2.965,5.0,1.0,4.91,5.33,6.77,,,2.79,-5.04,0.32,92.0
2026-06-11 11:48:14.918,1781167694.919,DWM1001C,23,LOS,punct_interior,5,2,4,2.965,5.0,1.0,4.94,5.34,6.7,14.13,,2.79,-5.06,0.38,94.0
2026-06-11 11:48:15.022,1781167695.023,DWM1001C,23,LOS,punct_interior,5,3,4,2.965,5.0,1.0,4.9,5.33,6.79,14.11,,2.77,-5.06,0.38,91.0
2026-06-11 11:48:15.127,1781167695.128,DWM1001C,23,LOS,punct_interior,5,4,4,2.965,5.0,1.0,4.96,5.33,6.84,14.13,,2.78,-5.05,0.32,89.0
2026-06-11 11:48:15.232,1781167695.232,DWM1001C,23,LOS,punct_interior,5,5,4,2.965,5.0,1.0,4.95,5.33,6.82,13.69,,2.79,-5.04,0.29,90.0
2026-06-11 11:48:15.315,1781167695.315,DWM1001C,23,LOS,punct_interior,5,6,4,2.965,5.0,1.0,4.91,5.24,6.8,14.06,,2.82,-5.05,0.34,94.0
2026-06-11 11:48:15.418,1781167695.418,DWM1001C,23,LOS,punct_interior,5,7,4,2.965,5.0,1.0,4.92,5.25,6.75,14.11,,2.84,-5.06,0.42,95.0
2026-06-11 11:48:15.523,1781167695.523,DWM1001C,23,LOS,punct_interior,5,8,4,2.965,5.0,1.0,4.91,5.33,6.81,14.11,,2.82,-5.05,0.38,91.0
2026-06-11 11:48:15.627,1781167695.628,DWM1001C,23,LOS,punct_interior,5,9,4,2.965,5.0,1.0,4.88,5.3,6.84,14.1,,2.8,-5.04,0.36,91.0
2026-06-11 11:48:15.732,1781167695.732,DWM1001C,23,LOS,punct_interior,5,10,4,2.965,5.0,1.0,4.96,5.31,6.8,14.12,,2.81,-5.04,0.34,91.0
2026-06-11 11:48:15.815,1781167695.816,DWM1001C,23,LOS,punct_interior,5,11,4,2.965,5.0,1.0,4.95,5.33,6.83,14.12,,2.81,-5.04,0.31,90.0
2026-06-11 11:48:15.919,1781167695.919,DWM1001C,23,LOS,punct_interior,5,12,4,2.965,5.0,1.0,4.97,5.34,6.85,14.15,,2.82,-5.03,0.26,89.0
2026-06-11 11:48:16.023,1781167696.024,DWM1001C,23,LOS,punct_interior,5,13,4,2.965,5.0,1.0,4.96,5.37,6.86,14.12,,2.8,-5.02,0.2,88.0
2026-06-11 11:48:16.128,1781167696.129,DWM1001C,23,LOS,punct_interior,5,14,4,2.965,5.0,1.0,4.94,5.34,6.81,14.11,,2.79,-5.03,0.21,90.0
2026-06-11 11:48:16.212,1781167696.212,DWM1001C,23,LOS,punct_interior,5,15,4,2.965,5.0,1.0,4.93,5.33,6.82,14.04,,2.79,-5.03,0.22,90.0
2026-06-11 11:48:16.317,1781167696.317,DWM1001C,23,LOS,punct_interior,5,16,4,2.965,5.0,1.0,4.93,5.33,6.85,14.11,,2.79,-5.02,0.2,89.0
2026-06-11 11:48:16.421,1781167696.422,DWM1001C,23,LOS,punct_interior,5,17,4,2.965,5.0,1.0,4.96,5.36,6.84,14.08,,2.78,-5.02,0.18,89.0
2026-06-11 11:48:16.526,1781167696.526,DWM1001C,23,LOS,punct_interior,5,18,4,2.965,5.0,1.0,4.94,5.34,6.82,14.09,,2.78,-5.02,0.18,90.0
2026-06-11 11:48:16.630,1781167696.631,DWM1001C,23,LOS,punct_interior,5,19,4,2.965,5.0,1.0,4.95,5.28,6.82,14.05,,2.81,-5.03,0.21,92.0
2026-06-11 11:48:16.714,1781167696.715,DWM1001C,23,LOS,punct_interior,5,20,4,2.965,5.0,1.0,4.92,5.32,6.88,14.11,,2.8,-5.01,0.18,89.0
2026-06-11 11:48:16.818,1781167696.818,DWM1001C,23,LOS,punct_interior,5,21,4,2.965,5.0,1.0,4.93,5.28,6.85,14.05,,2.82,-5.01,0.2,91.0
2026-06-11 11:48:16.922,1781167696.923,DWM1001C,23,LOS,punct_interior,5,22,4,2.965,5.0,1.0,4.9,5.36,6.83,14.06,,2.78,-5.01,0.2,89.0
2026-06-11 11:48:17.026,1781167697.027,DWM1001C,23,LOS,punct_interior,5,23,4,2.965,5.0,1.0,4.91,5.28,6.82,14.11,,2.8,-5.01,0.24,92.0
2026-06-11 11:48:17.110,1781167697.111,DWM1001C,23,LOS,punct_interior,5,24,4,2.965,5.0,1.0,4.91,5.33,6.81,14.07,,2.78,-5.02,0.25,91.0
2026-06-11 11:48:17.234,1781167697.235,DWM1001C,23,LOS,punct_interior,5,25,4,2.965,5.0,1.0,4.94,5.34,6.83,14.11,,2.78,-5.02,0.24,90.0
2026-06-11 11:48:17.318,1781167697.319,DWM1001C,23,LOS,punct_interior,5,26,4,2.965,5.0,1.0,4.96,5.13,6.84,14.06,,2.88,-5.03,0.33,96.0
2026-06-11 11:48:17.423,1781167697.424,DWM1001C,23,LOS,punct_interior,5,27,4,2.965,5.0,1.0,4.89,5.36,6.91,14.13,,2.82,-5.01,0.25,86.0
2026-06-11 11:48:17.527,1781167697.527,DWM1001C,23,LOS,punct_interior,5,28,4,2.965,5.0,1.0,4.88,5.33,6.84,14.14,,2.79,-5.0,0.25,90.0
2026-06-11 11:48:17.631,1781167697.631,DWM1001C,23,LOS,punct_interior,5,29,4,2.965,5.0,1.0,4.93,5.36,6.81,14.01,,2.77,-5.01,0.24,90.0
2026-06-11 11:48:17.735,1781167697.735,DWM1001C,23,LOS,punct_interior,5,30,4,2.965,5.0,1.0,4.94,5.33,6.78,14.11,,2.78,-5.02,0.26,91.0
2026-06-11 11:48:25.901,1781167705.902,DWM1001C,24,LOS,punct_interior,5,1,4,3.965,5.0,1.0,5.31,4.84,7.32,13.82,,4.44,-5.04,0.31,89.0
2026-06-11 11:48:26.004,1781167706.005,DWM1001C,24,LOS,punct_interior,5,2,4,3.965,5.0,1.0,5.34,4.89,6.84,13.91,,4.39,-5.09,0.3,91.0
2026-06-11 11:48:26.108,1781167706.108,DWM1001C,24,LOS,punct_interior,5,3,4,3.965,5.0,1.0,5.37,5.1,7.73,13.85,,4.28,-4.95,-0.03,83.0
2026-06-11 11:48:26.211,1781167706.212,DWM1001C,24,LOS,punct_interior,5,4,4,3.965,5.0,1.0,5.37,5.0,7.12,13.83,,4.23,-4.98,0.02,91.0
2026-06-11 11:48:26.315,1781167706.315,DWM1001C,24,LOS,punct_interior,5,5,4,3.965,5.0,1.0,5.34,4.6,7.21,13.88,,4.35,-4.99,0.12,87.0
2026-06-11 11:48:26.419,1781167706.419,DWM1001C,24,LOS,punct_interior,5,6,4,3.965,5.0,1.0,5.32,5.1,7.26,13.75,,4.23,-4.97,-0.0,83.0
2026-06-11 11:48:26.530,1781167706.53,DWM1001C,24,LOS,punct_interior,5,7,4,3.965,5.0,1.0,5.31,5.08,7.08,13.87,,4.14,-4.99,-0.0,90.0
2026-06-11 11:48:26.606,1781167706.607,DWM1001C,24,LOS,punct_interior,5,8,3,3.965,5.0,1.0,5.31,4.89,,13.8,,4.15,-4.82,1.14,82.0
2026-06-11 11:48:26.706,1781167706.706,DWM1001C,24,LOS,punct_interior,5,9,4,3.965,5.0,1.0,5.31,4.86,6.87,13.9,,4.17,-4.91,0.91,90.0
2026-06-11 11:48:26.807,1781167706.808,DWM1001C,24,LOS,punct_interior,5,10,4,3.965,5.0,1.0,5.32,4.96,7.08,13.7,,4.15,-4.96,0.79,92.0
2026-06-11 11:48:26.912,1781167706.913,DWM1001C,24,LOS,punct_interior,5,11,3,3.965,5.0,1.0,5.34,5.06,7.26,,,4.1,-4.95,0.51,84.0
2026-06-11 11:48:27.008,1781167707.009,DWM1001C,24,LOS,punct_interior,5,12,4,3.965,5.0,1.0,5.32,5.2,7.07,13.84,,3.99,-4.97,0.32,86.0
2026-06-11 11:48:27.117,1781167707.118,DWM1001C,24,LOS,punct_interior,5,13,4,3.965,5.0,1.0,5.32,5.19,7.16,13.82,,3.91,-4.97,0.14,84.0
2026-06-11 11:48:27.214,1781167707.215,DWM1001C,24,LOS,punct_interior,5,14,4,3.965,5.0,1.0,5.31,5.16,7.17,13.86,,3.87,-4.96,0.02,84.0
2026-06-11 11:48:27.310,1781167707.31,DWM1001C,24,LOS,punct_interior,5,15,4,3.965,5.0,1.0,5.29,5.26,6.86,13.8,,3.78,-5.01,0.03,91.0
2026-06-11 11:48:27.408,1781167707.409,DWM1001C,24,LOS,punct_interior,5,16,4,3.965,5.0,1.0,5.35,4.66,7.13,13.82,,4.0,-5.03,0.13,88.0
2026-06-11 11:48:27.513,1781167707.513,DWM1001C,24,LOS,punct_interior,5,17,4,3.965,5.0,1.0,5.33,5.16,7.14,13.91,,3.94,-5.02,0.03,85.0
2026-06-11 11:48:27.607,1781167707.608,DWM1001C,24,LOS,punct_interior,5,18,4,3.965,5.0,1.0,5.33,5.13,7.09,13.88,,3.91,-5.02,-0.01,88.0
2026-06-11 11:48:27.721,1781167707.721,DWM1001C,24,LOS,punct_interior,5,19,4,3.965,5.0,1.0,5.32,4.63,6.95,13.77,,4.09,-5.06,0.11,88.0
2026-06-11 11:48:27.822,1781167707.822,DWM1001C,24,LOS,punct_interior,5,20,4,3.965,5.0,1.0,5.43,4.95,7.37,13.88,,4.15,-5.02,0.04,84.0
2026-06-11 11:48:27.902,1781167707.902,DWM1001C,24,LOS,punct_interior,5,21,4,3.965,5.0,1.0,5.33,5.2,6.93,13.84,,4.03,-5.05,0.04,91.0
2026-06-11 11:48:28.014,1781167708.015,DWM1001C,24,LOS,punct_interior,5,22,4,3.965,5.0,1.0,5.36,4.89,6.85,13.89,,4.1,-5.1,0.1,90.0
2026-06-11 11:48:28.122,1781167708.123,DWM1001C,24,LOS,punct_interior,5,23,4,3.965,5.0,1.0,5.33,5.01,7.1,13.86,,4.08,-5.09,0.12,91.0
2026-06-11 11:48:28.207,1781167708.207,DWM1001C,24,LOS,punct_interior,5,24,4,3.965,5.0,1.0,5.35,4.97,6.9,13.88,,4.09,-5.12,0.18,92.0
2026-06-11 11:48:28.319,1781167708.319,DWM1001C,24,LOS,punct_interior,5,25,4,3.965,5.0,1.0,5.39,4.93,6.94,13.75,,4.13,-5.14,0.25,92.0
2026-06-11 11:48:28.406,1781167708.407,DWM1001C,24,LOS,punct_interior,5,26,4,3.965,5.0,1.0,5.35,5.29,7.06,13.77,,3.99,-5.12,0.08,84.0
2026-06-11 11:48:28.515,1781167708.515,DWM1001C,24,LOS,punct_interior,5,27,4,3.965,5.0,1.0,5.33,4.98,6.85,13.82,,4.01,-5.14,0.17,93.0
2026-06-11 11:48:28.618,1781167708.619,DWM1001C,24,LOS,punct_interior,5,28,4,3.965,5.0,1.0,5.35,4.68,6.85,13.81,,4.17,-5.17,0.3,90.0
2026-06-11 11:48:28.702,1781167708.703,DWM1001C,24,LOS,punct_interior,5,29,4,3.965,5.0,1.0,5.32,5.1,7.33,13.74,,4.09,-5.09,0.1,83.0
2026-06-11 11:48:28.808,1781167708.809,DWM1001C,24,LOS,punct_interior,5,30,4,3.965,5.0,1.0,5.33,5.07,7.86,13.83,,4.04,-4.93,-0.21,83.0
2026-06-11 11:48:48.409,1781167728.409,DWM1001C,25,LOS,punct_interior,5,1,4,4.965,5.0,1.0,6.12,4.68,7.47,13.83,,5.22,-5.01,0.65,82.0
2026-06-11 11:48:48.512,1781167728.512,DWM1001C,25,LOS,punct_interior,5,2,3,4.965,5.0,1.0,6.41,4.73,7.43,,,,,,
2026-06-11 11:48:48.616,1781167728.617,DWM1001C,25,LOS,punct_interior,5,3,4,4.965,5.0,1.0,6.42,4.68,7.33,13.83,,,,,
2026-06-11 11:48:48.719,1781167728.72,DWM1001C,25,LOS,punct_interior,5,4,4,4.965,5.0,1.0,6.36,4.69,7.27,13.82,,,,,
2026-06-11 11:48:48.819,1781167728.82,DWM1001C,25,LOS,punct_interior,5,5,4,4.965,5.0,1.0,6.05,4.68,7.91,14.05,,5.41,-5.01,0.72,83.0
2026-06-11 11:48:48.901,1781167728.901,DWM1001C,25,LOS,punct_interior,5,6,3,4.965,5.0,1.0,6.06,4.75,8.03,,,5.51,-4.98,0.67,87.0
2026-06-11 11:48:49.023,1781167729.023,DWM1001C,25,LOS,punct_interior,5,7,4,4.965,5.0,1.0,6.37,4.73,7.96,,19.54,,,,
2026-06-11 11:48:49.106,1781167729.107,DWM1001C,25,LOS,punct_interior,5,8,4,4.965,5.0,1.0,6.39,4.68,8.03,13.72,,5.86,-5.0,0.63,82.0
2026-06-11 11:48:49.211,1781167729.212,DWM1001C,25,LOS,punct_interior,5,9,3,4.965,5.0,1.0,6.03,4.73,7.65,,,5.87,-5.04,0.69,88.0
2026-06-11 11:48:49.314,1781167729.315,DWM1001C,25,LOS,punct_interior,5,10,4,4.965,5.0,1.0,6.35,4.71,7.99,,21.15,,,,
2026-06-11 11:48:49.418,1781167729.419,DWM1001C,25,LOS,punct_interior,5,11,4,4.965,5.0,1.0,6.45,4.65,7.95,13.78,,5.16,-4.78,0.39,78.0
2026-06-11 11:48:49.522,1781167729.522,DWM1001C,25,LOS,punct_interior,5,12,4,4.965,5.0,1.0,6.14,4.74,7.58,,21.28,,,,
2026-06-11 11:48:49.625,1781167729.625,DWM1001C,25,LOS,punct_interior,5,13,4,4.965,5.0,1.0,6.4,4.68,7.97,14.04,,5.6,-4.87,0.58,82.0
2026-06-11 11:48:49.708,1781167729.709,DWM1001C,25,LOS,punct_interior,5,14,3,4.965,5.0,1.0,5.81,4.72,8.01,,,5.55,-4.83,0.4,85.0
2026-06-11 11:48:49.813,1781167729.813,DWM1001C,25,LOS,punct_interior,5,15,3,4.965,5.0,1.0,6.04,4.69,7.67,,,5.67,-4.9,0.41,88.0
2026-06-11 11:48:49.918,1781167729.919,DWM1001C,25,LOS,punct_interior,5,16,3,4.965,5.0,1.0,6.03,4.69,7.98,,,5.73,-4.9,0.39,87.0
2026-06-11 11:48:50.021,1781167730.022,DWM1001C,25,LOS,punct_interior,5,17,4,4.965,5.0,1.0,6.37,4.7,7.96,14.13,,6.0,-4.94,0.4,82.0
2026-06-11 11:48:50.125,1781167730.126,DWM1001C,25,LOS,punct_interior,5,18,4,4.965,5.0,1.0,6.37,4.72,7.93,,21.82,,,,
2026-06-11 11:48:50.209,1781167730.21,DWM1001C,25,LOS,punct_interior,5,19,4,4.965,5.0,1.0,6.02,4.71,7.99,13.82,,5.95,-4.94,0.5,84.0
2026-06-11 11:48:50.313,1781167730.314,DWM1001C,25,LOS,punct_interior,5,20,3,4.965,5.0,1.0,6.41,4.71,7.98,,,,,,
2026-06-11 11:48:50.418,1781167730.418,DWM1001C,25,LOS,punct_interior,5,21,4,4.965,5.0,1.0,6.41,4.67,7.97,13.8,,5.23,-4.7,0.23,78.0
2026-06-11 11:48:50.523,1781167730.523,DWM1001C,25,LOS,punct_interior,5,22,3,4.965,5.0,1.0,6.42,4.69,7.9,,,,,,
2026-06-11 11:48:50.626,1781167730.627,DWM1001C,25,LOS,punct_interior,5,23,4,4.965,5.0,1.0,6.39,4.68,7.87,13.81,,4.62,-4.53,0.1,77.0
2026-06-11 11:48:50.733,1781167730.733,DWM1001C,25,LOS,punct_interior,5,24,4,4.965,5.0,1.0,6.43,4.72,7.96,13.95,,5.19,-4.71,0.51,82.0
2026-06-11 11:48:50.816,1781167730.816,DWM1001C,25,LOS,punct_interior,5,25,4,4.965,5.0,1.0,6.39,4.72,7.94,,21.12,,,,
2026-06-11 11:48:50.920,1781167730.921,DWM1001C,25,LOS,punct_interior,5,26,4,4.965,5.0,1.0,6.37,4.69,7.98,13.76,,5.6,-4.84,0.93,82.0
2026-06-11 11:48:51.024,1781167731.024,DWM1001C,25,LOS,punct_interior,5,27,3,4.965,5.0,1.0,6.06,4.71,7.94,,,5.68,-4.87,0.84,87.0
2026-06-11 11:48:51.107,1781167731.108,DWM1001C,25,LOS,punct_interior,5,28,3,4.965,5.0,1.0,6.06,4.72,7.96,,,5.74,-4.88,0.71,87.0
2026-06-11 11:48:51.212,1781167731.212,DWM1001C,25,LOS,punct_interior,5,29,3,4.965,5.0,1.0,5.83,4.69,7.92,,,5.67,-4.87,0.6,85.0
2026-06-11 11:48:51.316,1781167731.316,DWM1001C,25,LOS,punct_interior,5,30,4,4.965,5.0,1.0,6.06,4.68,8.0,,21.25,,,,
2026-06-11 12:19:19.406,1781169559.406,DWM1001C,27,LOS,punct_interior,5,1,4,1.965,6.0,1.0,5.55,6.15,5.45,12.36,,2.2,-6.05,0.56,90.0
2026-06-11 12:19:19.488,1781169559.489,DWM1001C,27,LOS,punct_interior,5,2,4,1.965,6.0,1.0,5.54,6.16,5.49,12.34,,2.21,-6.06,0.67,94.0
2026-06-11 12:19:19.592,1781169559.593,DWM1001C,27,LOS,punct_interior,5,3,4,1.965,6.0,1.0,5.58,6.17,5.44,12.34,,2.22,-6.06,0.53,90.0
2026-06-11 12:19:19.675,1781169559.676,DWM1001C,27,LOS,punct_interior,5,4,3,1.965,6.0,1.0,5.55,6.23,5.46,,,2.18,-6.07,0.63,99.0
2026-06-11 12:19:19.798,1781169559.799,DWM1001C,27,LOS,punct_interior,5,5,4,1.965,6.0,1.0,5.55,6.46,5.43,12.35,,2.02,-6.06,0.52,89.0
2026-06-11 12:19:19.882,1781169559.882,DWM1001C,27,LOS,punct_interior,5,6,4,1.965,6.0,1.0,5.56,6.46,5.47,12.34,,1.92,-6.06,0.57,89.0
2026-06-11 12:19:20.007,1781169560.007,DWM1001C,27,LOS,punct_interior,5,7,4,1.965,6.0,1.0,5.57,6.51,5.49,12.4,,1.81,-6.05,0.59,89.0
2026-06-11 12:19:20.090,1781169560.091,DWM1001C,27,LOS,punct_interior,5,8,4,1.965,6.0,1.0,5.57,6.46,5.47,12.36,,1.76,-6.05,0.61,89.0
2026-06-11 12:19:20.194,1781169560.195,DWM1001C,27,LOS,punct_interior,5,9,4,1.965,6.0,1.0,5.53,6.45,5.48,12.39,,1.72,-6.06,0.68,89.0
2026-06-11 12:19:20.298,1781169560.299,DWM1001C,27,LOS,punct_interior,5,10,4,1.965,6.0,1.0,5.56,6.11,5.48,12.39,,1.87,-6.05,0.54,90.0
2026-06-11 12:19:20.382,1781169560.382,DWM1001C,27,LOS,punct_interior,5,11,4,1.965,6.0,1.0,5.55,6.43,5.41,12.43,,1.8,-6.04,0.46,89.0
2026-06-11 12:19:20.484,1781169560.485,DWM1001C,27,LOS,punct_interior,5,12,4,1.965,6.0,1.0,5.55,6.53,5.47,12.41,,1.71,-6.05,0.59,89.0
2026-06-11 12:19:20.587,1781169560.587,DWM1001C,27,LOS,punct_interior,5,13,4,1.965,6.0,1.0,5.54,6.09,5.48,12.38,,1.86,-6.04,0.49,90.0
2026-06-11 12:19:20.689,1781169560.69,DWM1001C,27,LOS,punct_interior,5,14,4,1.965,6.0,1.0,5.57,6.52,5.5,12.36,,1.77,-6.04,0.5,89.0
2026-06-11 12:19:20.793,1781169560.793,DWM1001C,27,LOS,punct_interior,5,15,4,1.965,6.0,1.0,5.53,6.46,5.51,12.41,,1.71,-6.03,0.55,89.0
2026-06-11 12:19:20.896,1781169560.896,DWM1001C,27,LOS,punct_interior,5,16,4,1.965,6.0,1.0,5.57,6.47,5.45,12.39,,1.68,-6.05,0.61,89.0
2026-06-11 12:19:20.999,1781169560.999,DWM1001C,27,LOS,punct_interior,5,17,4,1.965,6.0,1.0,5.56,6.17,5.46,12.35,,1.81,-6.04,0.49,91.0
2026-06-11 12:19:21.102,1781169561.103,DWM1001C,27,LOS,punct_interior,5,18,4,1.965,6.0,1.0,5.58,6.13,5.49,12.41,,1.95,-6.05,0.56,95.0
2026-06-11 12:19:21.206,1781169561.207,DWM1001C,27,LOS,punct_interior,5,19,4,1.965,6.0,1.0,5.52,6.12,5.54,12.36,,2.03,-6.05,0.61,93.0
2026-06-11 12:19:21.310,1781169561.31,DWM1001C,27,LOS,punct_interior,5,20,4,1.965,6.0,1.0,5.56,6.2,5.51,12.41,,2.06,-6.05,0.61,91.0
2026-06-11 12:19:21.393,1781169561.394,DWM1001C,27,LOS,punct_interior,5,21,4,1.965,6.0,1.0,5.55,6.44,5.47,12.37,,1.95,-6.05,0.65,89.0
2026-06-11 12:19:21.497,1781169561.497,DWM1001C,27,LOS,punct_interior,5,22,4,1.965,6.0,1.0,5.61,6.56,5.47,12.39,,1.83,-6.05,0.62,89.0
2026-06-11 12:19:21.600,1781169561.601,DWM1001C,27,LOS,punct_interior,5,23,4,1.965,6.0,1.0,5.57,6.29,5.42,12.38,,1.87,-6.05,0.5,89.0
2026-06-11 12:19:21.704,1781169561.704,DWM1001C,27,LOS,punct_interior,5,24,4,1.965,6.0,1.0,5.56,6.16,5.48,12.33,,1.96,-6.06,0.61,94.0
2026-06-11 12:19:21.787,1781169561.788,DWM1001C,27,LOS,punct_interior,5,25,4,1.965,6.0,1.0,5.58,6.26,5.46,12.35,,1.98,-6.07,0.64,91.0
2026-06-11 12:19:21.890,1781169561.891,DWM1001C,27,LOS,punct_interior,5,26,4,1.965,6.0,1.0,5.53,6.23,5.45,12.34,,1.99,-6.06,0.53,90.0
2026-06-11 12:19:21.993,1781169561.993,DWM1001C,27,LOS,punct_interior,5,27,4,1.965,6.0,1.0,5.54,6.2,5.45,12.37,,2.02,-6.05,0.43,90.0
2026-06-11 12:19:22.095,1781169562.096,DWM1001C,27,LOS,punct_interior,5,28,4,1.965,6.0,1.0,5.52,6.16,5.46,12.38,,2.06,-6.04,0.38,91.0
2026-06-11 12:19:22.198,1781169562.198,DWM1001C,27,LOS,punct_interior,5,29,4,1.965,6.0,1.0,5.58,6.21,5.47,12.34,,2.09,-6.05,0.47,93.0
2026-06-11 12:19:22.302,1781169562.303,DWM1001C,27,LOS,punct_interior,5,30,4,1.965,6.0,1.0,5.58,6.48,5.49,12.36,,1.97,-6.05,0.48,89.0
2026-06-11 12:19:34.391,1781169574.392,DWM1001C,28,LOS,punct_interior,5,1,4,2.965,6.0,1.0,5.86,5.67,5.88,12.08,,2.45,-5.7,0.29,91.0
2026-06-11 12:19:34.493,1781169574.494,DWM1001C,28,LOS,punct_interior,5,2,4,2.965,6.0,1.0,5.86,6.56,5.87,12.16,,2.34,-5.76,0.16,88.0
2026-06-11 12:19:34.597,1781169574.597,DWM1001C,28,LOS,punct_interior,5,3,4,2.965,6.0,1.0,5.94,5.64,5.98,12.05,,2.77,-5.83,0.27,94.0
2026-06-11 12:19:34.681,1781169574.681,DWM1001C,28,LOS,punct_interior,5,4,4,2.965,6.0,1.0,5.95,6.22,5.95,12.14,,2.81,-5.87,0.18,90.0
2026-06-11 12:19:34.784,1781169574.785,DWM1001C,28,LOS,punct_interior,5,5,4,2.965,6.0,1.0,5.97,6.19,5.95,12.18,,2.86,-5.9,0.12,91.0
2026-06-11 12:19:34.888,1781169574.889,DWM1001C,28,LOS,punct_interior,5,6,4,2.965,6.0,1.0,5.95,5.8,5.93,12.14,,2.72,-5.84,0.23,91.0
2026-06-11 12:19:34.993,1781169574.993,DWM1001C,28,LOS,punct_interior,5,7,4,2.965,6.0,1.0,5.89,6.17,5.9,12.12,,2.76,-5.88,0.21,93.0
2026-06-11 12:19:35.096,1781169575.097,DWM1001C,28,LOS,punct_interior,5,8,4,2.965,6.0,1.0,5.92,5.69,5.88,12.06,,2.66,-5.81,0.24,91.0
2026-06-11 12:19:35.180,1781169575.181,DWM1001C,28,LOS,punct_interior,5,9,4,2.965,6.0,1.0,5.89,5.65,5.89,12.17,,2.51,-5.72,0.21,90.0
2026-06-11 12:19:35.284,1781169575.284,DWM1001C,28,LOS,punct_interior,5,10,4,2.965,6.0,1.0,5.87,5.73,5.81,12.03,,2.45,-5.71,0.29,91.0
2026-06-11 12:19:35.388,1781169575.388,DWM1001C,28,LOS,punct_interior,5,11,4,2.965,6.0,1.0,5.92,5.6,5.83,12.12,,2.36,-5.66,0.35,92.0
2026-06-11 12:19:35.491,1781169575.492,DWM1001C,28,LOS,punct_interior,5,12,4,2.965,6.0,1.0,5.91,5.71,5.87,12.16,,2.29,-5.64,0.47,92.0
2026-06-11 12:19:35.595,1781169575.595,DWM1001C,28,LOS,punct_interior,5,13,4,2.965,6.0,1.0,5.93,5.66,5.96,12.12,,2.71,-5.74,0.48,94.0
2026-06-11 12:19:35.678,1781169575.678,DWM1001C,28,LOS,punct_interior,5,14,4,2.965,6.0,1.0,5.94,6.1,5.95,12.17,,2.59,-5.74,0.4,91.0
2026-06-11 12:19:35.781,1781169575.781,DWM1001C,28,LOS,punct_interior,5,15,4,2.965,6.0,1.0,5.91,5.71,6.02,12.11,,2.58,-5.71,0.37,91.0
2026-06-11 12:19:35.884,1781169575.885,DWM1001C,28,LOS,punct_interior,5,16,4,2.965,6.0,1.0,5.93,5.72,6.04,12.17,,2.55,-5.67,0.35,91.0
2026-06-11 12:19:35.988,1781169575.989,DWM1001C,28,LOS,punct_interior,5,17,4,2.965,6.0,1.0,5.89,5.65,5.89,12.13,,2.47,-5.64,0.42,91.0
2026-06-11 12:19:36.092,1781169576.093,DWM1001C,28,LOS,punct_interior,5,18,4,2.965,6.0,1.0,5.95,5.63,5.84,12.18,,2.33,-5.61,0.49,92.0
2026-06-11 12:19:36.196,1781169576.197,DWM1001C,28,LOS,punct_interior,5,19,4,2.965,6.0,1.0,5.9,5.66,5.98,12.09,,2.74,-5.71,0.47,94.0
2026-06-11 12:19:36.280,1781169576.28,DWM1001C,28,LOS,punct_interior,5,20,4,2.965,6.0,1.0,5.9,6.13,5.88,12.19,,2.57,-5.72,0.47,92.0
2026-06-11 12:19:36.384,1781169576.385,DWM1001C,28,LOS,punct_interior,5,21,4,2.965,6.0,1.0,5.95,6.61,5.82,12.11,,2.44,-5.79,0.28,89.0
2026-06-11 12:19:36.488,1781169576.489,DWM1001C,28,LOS,punct_interior,5,22,4,2.965,6.0,1.0,5.93,5.65,5.88,12.23,,2.83,-5.86,0.25,91.0
2026-06-11 12:19:36.593,1781169576.593,DWM1001C,28,LOS,punct_interior,5,23,4,2.965,6.0,1.0,5.86,6.1,6.02,12.15,,2.87,-5.87,0.19,91.0
2026-06-11 12:19:36.696,1781169576.697,DWM1001C,28,LOS,punct_interior,5,24,4,2.965,6.0,1.0,5.9,6.21,6.01,12.15,,2.86,-5.88,0.1,88.0
2026-06-11 12:19:36.779,1781169576.78,DWM1001C,28,LOS,punct_interior,5,25,4,2.965,6.0,1.0,5.94,6.54,5.96,12.17,,2.69,-5.89,-0.04,88.0
2026-06-11 12:19:36.883,1781169576.883,DWM1001C,28,LOS,punct_interior,5,26,4,2.965,6.0,1.0,5.86,5.65,5.92,12.13,,2.59,-5.8,0.08,91.0
2026-06-11 12:19:36.987,1781169576.987,DWM1001C,28,LOS,punct_interior,5,27,4,2.965,6.0,1.0,5.93,5.63,5.89,12.09,,2.96,-5.87,0.11,91.0
2026-06-11 12:19:37.091,1781169577.091,DWM1001C,28,LOS,punct_interior,5,28,4,2.965,6.0,1.0,5.95,5.64,5.88,12.07,,3.24,-5.92,0.15,91.0
2026-06-11 12:19:37.195,1781169577.195,DWM1001C,28,LOS,punct_interior,5,29,4,2.965,6.0,1.0,5.91,5.7,5.89,12.14,,2.98,-5.83,0.23,91.0
2026-06-11 12:19:37.299,1781169577.299,DWM1001C,28,LOS,punct_interior,5,30,4,2.965,6.0,1.0,5.88,6.19,5.9,12.12,,2.94,-5.87,0.2,92.0
2026-06-11 12:19:53.990,1781169593.99,DWM1001C,29,LOS,punct_interior,5,1,4,3.965,6.0,1.0,6.37,5.95,6.15,12.0,,3.02,-5.8,0.07,92.0
2026-06-11 12:19:54.093,1781169594.093,DWM1001C,29,LOS,punct_interior,5,2,4,3.965,6.0,1.0,6.18,5.99,6.05,11.98,,2.99,-5.81,0.12,94.0
2026-06-11 12:19:54.195,1781169594.196,DWM1001C,29,LOS,punct_interior,5,3,4,3.965,6.0,1.0,6.06,5.96,6.09,12.01,,3.16,-5.86,0.15,93.0
2026-06-11 12:19:54.277,1781169594.278,DWM1001C,29,LOS,punct_interior,5,4,4,3.965,6.0,1.0,6.74,5.95,6.09,11.99,,3.67,-6.01,0.18,88.0
2026-06-11 12:19:54.380,1781169594.38,DWM1001C,29,LOS,punct_interior,5,5,4,3.965,6.0,1.0,6.11,5.97,6.15,12.07,,3.49,-5.95,0.14,91.0
2026-06-11 12:19:54.482,1781169594.483,DWM1001C,29,LOS,punct_interior,5,6,4,3.965,6.0,1.0,6.46,5.94,6.09,11.93,,3.39,-5.92,0.17,94.0
2026-06-11 12:19:54.585,1781169594.585,DWM1001C,29,LOS,punct_interior,5,7,4,3.965,6.0,1.0,6.59,5.95,6.1,11.93,,3.75,-6.03,0.17,89.0
2026-06-11 12:19:54.688,1781169594.688,DWM1001C,29,LOS,punct_interior,5,8,4,3.965,6.0,1.0,6.1,5.94,6.09,11.97,,3.57,-5.98,0.19,94.0
2026-06-11 12:19:54.790,1781169594.79,DWM1001C,29,LOS,punct_interior,5,9,4,3.965,6.0,1.0,6.15,5.95,6.09,11.92,,3.46,-5.94,0.2,94.0
2026-06-11 12:19:54.892,1781169594.893,DWM1001C,29,LOS,punct_interior,5,10,4,3.965,6.0,1.0,6.48,6.02,6.09,11.98,,3.34,-5.92,0.15,91.0
2026-06-11 12:19:54.995,1781169594.995,DWM1001C,29,LOS,punct_interior,5,11,4,3.965,6.0,1.0,6.14,6.0,6.07,11.93,,3.27,-5.9,0.14,93.0
2026-06-11 12:19:55.077,1781169595.077,DWM1001C,29,LOS,punct_interior,5,12,4,3.965,6.0,1.0,6.14,6.0,6.09,12.01,,3.18,-5.88,0.14,92.0
2026-06-11 12:19:55.179,1781169595.18,DWM1001C,29,LOS,punct_interior,5,13,4,3.965,6.0,1.0,6.15,5.97,6.09,11.94,,3.16,-5.87,0.15,93.0
2026-06-11 12:19:55.282,1781169595.283,DWM1001C,29,LOS,punct_interior,5,14,4,3.965,6.0,1.0,6.52,5.96,6.08,11.94,,3.14,-5.86,0.16,94.0
2026-06-11 12:19:55.385,1781169595.385,DWM1001C,29,LOS,punct_interior,5,15,4,3.965,6.0,1.0,6.49,5.95,6.12,12.04,,3.09,-5.84,0.17,93.0
2026-06-11 12:19:55.487,1781169595.488,DWM1001C,29,LOS,punct_interior,5,16,4,3.965,6.0,1.0,6.16,5.95,6.13,11.97,,3.09,-5.83,0.15,93.0
2026-06-11 12:19:55.590,1781169595.591,DWM1001C,29,LOS,punct_interior,5,17,4,3.965,6.0,1.0,6.11,5.97,6.08,11.96,,3.07,-5.83,0.16,93.0
2026-06-11 12:19:55.693,1781169595.693,DWM1001C,29,LOS,punct_interior,5,18,4,3.965,6.0,1.0,6.1,5.94,6.09,11.93,,3.08,-5.83,0.18,94.0
2026-06-11 12:19:55.796,1781169595.796,DWM1001C,29,LOS,punct_interior,5,19,4,3.965,6.0,1.0,6.15,5.98,6.09,12.0,,3.05,-5.83,0.18,93.0
2026-06-11 12:19:55.878,1781169595.879,DWM1001C,29,LOS,punct_interior,5,20,4,3.965,6.0,1.0,6.08,5.95,6.06,11.9,,3.06,-5.84,0.21,95.0
2026-06-11 12:19:55.981,1781169595.982,DWM1001C,29,LOS,punct_interior,5,21,4,3.965,6.0,1.0,6.08,5.96,6.11,12.03,,3.03,-5.83,0.2,93.0
2026-06-11 12:19:56.084,1781169596.085,DWM1001C,29,LOS,punct_interior,5,22,4,3.965,6.0,1.0,6.07,5.93,6.11,11.95,,3.05,-5.83,0.2,94.0
2026-06-11 12:19:56.187,1781169596.188,DWM1001C,29,LOS,punct_interior,5,23,4,3.965,6.0,1.0,6.16,5.99,6.09,11.95,,3.06,-5.83,0.17,92.0
2026-06-11 12:19:56.290,1781169596.291,DWM1001C,29,LOS,punct_interior,5,24,4,3.965,6.0,1.0,6.07,5.93,6.04,11.98,,3.02,-5.83,0.26,96.0
2026-06-11 12:19:56.393,1781169596.393,DWM1001C,29,LOS,punct_interior,5,25,4,3.965,6.0,1.0,6.16,5.96,6.08,11.9,,3.05,-5.84,0.24,94.0
2026-06-11 12:19:56.495,1781169596.495,DWM1001C,29,LOS,punct_interior,5,26,4,3.965,6.0,1.0,6.06,5.97,6.12,11.93,,3.07,-5.84,0.2,92.0
2026-06-11 12:19:56.577,1781169596.577,DWM1001C,29,LOS,punct_interior,5,27,4,3.965,6.0,1.0,6.08,5.99,6.07,11.96,,3.06,-5.84,0.19,93.0
2026-06-11 12:19:56.681,1781169596.681,DWM1001C,29,LOS,punct_interior,5,28,4,3.965,6.0,1.0,6.08,5.94,6.1,11.94,,3.07,-5.84,0.2,94.0
2026-06-11 12:19:56.786,1781169596.786,DWM1001C,29,LOS,punct_interior,5,29,4,3.965,6.0,1.0,6.06,5.96,6.09,11.96,,3.06,-5.84,0.2,94.0
2026-06-11 12:19:56.889,1781169596.89,DWM1001C,29,LOS,punct_interior,5,30,4,3.965,6.0,1.0,6.05,5.99,6.13,11.88,,3.11,-5.84,0.15,91.0
2026-06-11 12:23:38.488,1781169818.489,DWM1001C,30,LOS,punct_interior,5,1,4,4.965,6.0,1.0,6.72,5.71,6.54,12.77,,5.67,-6.23,0.41,83.0
2026-06-11 12:23:38.592,1781169818.592,DWM1001C,30,LOS,punct_interior,5,2,4,4.965,6.0,1.0,6.78,5.7,6.52,12.64,,5.71,-6.24,0.41,82.0
2026-06-11 12:23:38.695,1781169818.695,DWM1001C,30,LOS,punct_interior,5,3,4,4.965,6.0,1.0,6.79,5.67,6.53,12.74,,5.77,-6.27,0.55,82.0
2026-06-11 12:23:38.778,1781169818.779,DWM1001C,30,LOS,punct_interior,5,4,4,4.965,6.0,1.0,6.73,5.68,6.49,12.79,,5.77,-6.27,0.5,82.0
2026-06-11 12:23:38.882,1781169818.883,DWM1001C,30,LOS,punct_interior,5,5,4,4.965,6.0,1.0,6.77,5.67,6.46,12.75,,4.84,-6.0,0.46,91.0
2026-06-11 12:23:38.985,1781169818.986,DWM1001C,30,LOS,punct_interior,5,6,4,4.965,6.0,1.0,6.82,5.64,6.51,13.09,,5.16,-6.09,0.57,81.0
2026-06-11 12:23:39.088,1781169819.089,DWM1001C,30,LOS,punct_interior,5,7,4,4.965,6.0,1.0,6.76,5.67,6.53,12.84,,5.33,-6.13,0.54,82.0
2026-06-11 12:23:39.193,1781169819.193,DWM1001C,30,LOS,punct_interior,5,8,4,4.965,6.0,1.0,6.8,5.68,6.55,13.19,,5.49,-6.18,0.59,82.0
2026-06-11 12:23:39.276,1781169819.277,DWM1001C,30,LOS,punct_interior,5,9,4,4.965,6.0,1.0,6.76,5.69,6.52,12.93,,5.57,-6.2,0.51,81.0
2026-06-11 12:23:39.380,1781169819.381,DWM1001C,30,LOS,punct_interior,5,10,4,4.965,6.0,1.0,6.76,5.67,6.48,12.69,,5.65,-6.23,0.62,83.0
2026-06-11 12:23:39.484,1781169819.485,DWM1001C,30,LOS,punct_interior,5,11,4,4.965,6.0,1.0,6.77,5.68,6.54,12.87,,5.7,-6.24,0.56,81.0
2026-06-11 12:23:39.588,1781169819.589,DWM1001C,30,LOS,punct_interior,5,12,4,4.965,6.0,1.0,6.81,5.64,6.49,12.84,,4.74,-5.97,0.65,93.0
2026-06-11 12:23:39.692,1781169819.693,DWM1001C,30,LOS,punct_interior,5,13,4,4.965,6.0,1.0,6.81,5.69,6.56,13.02,,5.04,-6.05,0.63,81.0
2026-06-11 12:23:39.796,1781169819.797,DWM1001C,30,LOS,punct_interior,5,14,4,4.965,6.0,1.0,6.81,5.66,6.52,12.77,,5.29,-6.11,0.57,79.0
2026-06-11 12:23:39.880,1781169819.88,DWM1001C,30,LOS,punct_interior,5,15,4,4.965,6.0,1.0,6.78,5.72,6.56,12.94,,5.42,-6.16,0.65,84.0
2026-06-11 12:23:39.984,1781169819.985,DWM1001C,30,LOS,punct_interior,5,16,4,4.965,6.0,1.0,6.8,5.69,6.53,13.18,,5.54,-6.2,0.64,82.0
2026-06-11 12:23:40.089,1781169820.09,DWM1001C,30,LOS,punct_interior,5,17,4,4.965,6.0,1.0,6.81,5.74,6.47,12.94,,5.62,-6.23,0.58,82.0
2026-06-11 12:23:40.194,1781169820.194,DWM1001C,30,LOS,punct_interior,5,18,4,4.965,6.0,1.0,6.81,5.65,6.52,13.15,,5.72,-6.25,0.52,79.0
2026-06-11 12:23:40.277,1781169820.278,DWM1001C,30,LOS,punct_interior,5,19,4,4.965,6.0,1.0,6.79,5.68,6.6,13.1,,5.77,-6.24,0.48,80.0
2026-06-11 12:23:40.381,1781169820.381,DWM1001C,30,LOS,punct_interior,5,20,4,4.965,6.0,1.0,6.79,5.66,6.54,12.92,,5.82,-6.26,0.56,82.0
2026-06-11 12:23:40.485,1781169820.485,DWM1001C,30,LOS,punct_interior,5,21,4,4.965,6.0,1.0,6.8,5.7,6.56,12.94,,5.83,-6.26,0.5,81.0
2026-06-11 12:23:40.588,1781169820.588,DWM1001C,30,LOS,punct_interior,5,22,4,4.965,6.0,1.0,6.83,5.69,6.49,12.76,,5.88,-6.28,0.45,79.0
2026-06-11 12:23:40.691,1781169820.692,DWM1001C,30,LOS,punct_interior,5,23,4,4.965,6.0,1.0,6.77,5.66,6.58,13.05,,5.89,-6.27,0.44,81.0
2026-06-11 12:23:40.793,1781169820.794,DWM1001C,30,LOS,punct_interior,5,24,4,4.965,6.0,1.0,6.81,5.67,6.5,13.11,,5.92,-6.28,0.41,79.0
2026-06-11 12:23:40.876,1781169820.876,DWM1001C,30,LOS,punct_interior,5,25,4,4.965,6.0,1.0,6.79,5.68,6.55,12.88,,5.92,-6.28,0.44,81.0
2026-06-11 12:23:40.979,1781169820.979,DWM1001C,30,LOS,punct_interior,5,26,4,4.965,6.0,1.0,6.82,5.66,6.55,12.97,,5.95,-6.28,0.39,79.0
2026-06-11 12:23:41.103,1781169821.103,DWM1001C,30,LOS,punct_interior,5,27,4,4.965,6.0,1.0,6.79,5.68,6.53,13.28,,5.95,-6.29,0.48,82.0
2026-06-11 12:23:41.186,1781169821.186,DWM1001C,30,LOS,punct_interior,5,28,4,4.965,6.0,1.0,6.83,5.69,6.54,13.15,,5.97,-6.34,0.89,80.0
2026-06-11 12:23:41.289,1781169821.29,DWM1001C,30,LOS,punct_interior,5,29,4,4.965,6.0,1.0,6.86,5.7,6.53,12.97,,6.0,-6.37,1.17,81.0
2026-06-11 12:23:41.393,1781169821.393,DWM1001C,30,LOS,punct_interior,5,30,4,4.965,6.0,1.0,6.81,5.72,6.53,13.21,,5.97,-6.35,0.96,81.0
2026-06-11 12:24:47.781,1781169887.781,DWM1001C,32,LOS,punct_interior,5,1,4,1.965,7.0,1.0,6.52,7.43,4.73,11.44,,1.24,-6.92,0.63,91.0
2026-06-11 12:24:47.884,1781169887.885,DWM1001C,32,LOS,punct_interior,5,2,4,1.965,7.0,1.0,6.59,7.61,4.73,11.45,,1.21,-6.92,0.6,92.0
2026-06-11 12:24:47.987,1781169887.988,DWM1001C,32,LOS,punct_interior,5,3,4,1.965,7.0,1.0,6.61,7.51,4.76,11.48,,1.19,-6.91,0.65,92.0
2026-06-11 12:24:48.091,1781169888.091,DWM1001C,32,LOS,punct_interior,5,4,4,1.965,7.0,1.0,6.6,7.46,4.78,11.43,,1.19,-6.93,0.89,91.0
2026-06-11 12:24:48.195,1781169888.195,DWM1001C,32,LOS,punct_interior,5,5,3,1.965,7.0,1.0,6.51,,4.76,11.43,,1.21,-6.92,0.83,97.0
2026-06-11 12:24:48.277,1781169888.278,DWM1001C,32,LOS,punct_interior,5,6,4,1.965,7.0,1.0,6.57,7.49,4.72,11.45,,1.23,-6.94,1.04,91.0
2026-06-11 12:24:48.380,1781169888.38,DWM1001C,32,LOS,punct_interior,5,7,4,1.965,7.0,1.0,6.55,7.52,4.76,11.45,,1.22,-6.93,0.9,91.0
2026-06-11 12:24:48.482,1781169888.482,DWM1001C,32,LOS,punct_interior,5,8,4,1.965,7.0,1.0,6.56,7.56,4.73,11.39,,1.25,-6.92,0.8,91.0
2026-06-11 12:24:48.584,1781169888.584,DWM1001C,32,LOS,punct_interior,5,9,4,1.965,7.0,1.0,6.55,7.51,4.72,11.39,,1.26,-6.92,0.75,91.0
2026-06-11 12:24:48.687,1781169888.687,DWM1001C,32,LOS,punct_interior,5,10,4,1.965,7.0,1.0,6.59,7.56,4.73,11.38,,1.23,-6.96,1.01,92.0
2026-06-11 12:24:48.790,1781169888.791,DWM1001C,32,LOS,punct_interior,5,11,4,1.965,7.0,1.0,6.58,7.56,4.73,11.4,,1.21,-6.97,1.17,92.0
2026-06-11 12:24:48.893,1781169888.893,DWM1001C,32,LOS,punct_interior,5,12,4,1.965,7.0,1.0,6.55,7.49,4.76,11.45,,1.21,-6.95,1.02,91.0
2026-06-11 12:24:48.997,1781169888.997,DWM1001C,32,LOS,punct_interior,5,13,4,1.965,7.0,1.0,6.54,7.62,4.77,11.45,,1.18,-6.96,1.17,92.0
2026-06-11 12:24:49.079,1781169889.08,DWM1001C,32,LOS,punct_interior,5,14,4,1.965,7.0,1.0,6.55,7.52,4.77,11.48,,1.18,-6.94,1.01,92.0
2026-06-11 12:24:49.183,1781169889.183,DWM1001C,32,LOS,punct_interior,5,15,4,1.965,7.0,1.0,6.6,7.58,4.72,11.43,,1.17,-6.94,0.87,92.0
2026-06-11 12:24:49.287,1781169889.287,DWM1001C,32,LOS,punct_interior,5,16,4,1.965,7.0,1.0,6.58,7.54,4.74,11.45,,1.17,-6.93,0.77,92.0
2026-06-11 12:24:49.390,1781169889.391,DWM1001C,32,LOS,punct_interior,5,17,4,1.965,7.0,1.0,6.54,7.47,4.76,11.4,,1.19,-6.95,1.02,91.0
2026-06-11 12:24:49.494,1781169889.495,DWM1001C,32,LOS,punct_interior,5,18,4,1.965,7.0,1.0,6.5,7.52,4.75,11.48,,1.15,-6.93,0.82,92.0
2026-06-11 12:24:49.598,1781169889.598,DWM1001C,32,LOS,punct_interior,5,19,4,1.965,7.0,1.0,6.56,7.56,4.71,11.44,,1.12,-6.97,1.15,92.0
2026-06-11 12:24:49.681,1781169889.681,DWM1001C,32,LOS,punct_interior,5,20,4,1.965,7.0,1.0,6.58,7.57,4.73,11.45,,1.13,-6.96,1.0,92.0
2026-06-11 12:24:49.784,1781169889.784,DWM1001C,32,LOS,punct_interior,5,21,4,1.965,7.0,1.0,6.56,7.5,4.77,11.47,,1.14,-6.94,0.87,91.0
2026-06-11 12:24:49.890,1781169889.89,DWM1001C,32,LOS,punct_interior,5,22,4,1.965,7.0,1.0,6.57,7.49,4.72,11.52,,1.18,-6.93,0.78,91.0
2026-06-11 12:24:49.994,1781169889.994,DWM1001C,32,LOS,punct_interior,5,23,4,1.965,7.0,1.0,6.56,7.51,4.76,11.46,,1.18,-6.92,0.71,91.0
2026-06-11 12:24:50.097,1781169890.098,DWM1001C,32,LOS,punct_interior,5,24,4,1.965,7.0,1.0,6.56,7.55,4.76,11.47,,1.18,-6.91,0.65,92.0
2026-06-11 12:24:50.181,1781169890.181,DWM1001C,32,LOS,punct_interior,5,25,4,1.965,7.0,1.0,6.61,7.5,4.73,11.42,,1.22,-6.96,0.97,91.0
2026-06-11 12:24:50.284,1781169890.285,DWM1001C,32,LOS,punct_interior,5,26,4,1.965,7.0,1.0,6.55,7.48,4.77,11.48,,1.23,-6.97,1.19,91.0
2026-06-11 12:24:50.388,1781169890.389,DWM1001C,32,LOS,punct_interior,5,27,4,1.965,7.0,1.0,6.56,7.55,4.76,11.41,,1.26,-6.95,0.97,91.0
2026-06-11 12:24:50.492,1781169890.492,DWM1001C,32,LOS,punct_interior,5,28,4,1.965,7.0,1.0,6.55,7.54,4.75,11.42,,1.27,-6.94,0.84,91.0
2026-06-11 12:24:50.595,1781169890.596,DWM1001C,32,LOS,punct_interior,5,29,4,1.965,7.0,1.0,6.59,7.56,4.72,11.45,,1.23,-6.93,0.78,92.0
2026-06-11 12:24:50.698,1781169890.699,DWM1001C,32,LOS,punct_interior,5,30,4,1.965,7.0,1.0,6.57,7.51,4.76,11.47,,1.22,-6.92,0.7,92.0
2026-06-11 12:25:11.495,1781169911.496,DWM1001C,33,LOS,punct_interior,5,1,4,2.965,7.0,1.0,6.69,7.38,4.9,11.12,,2.0,-7.05,1.71,89.0
2026-06-11 12:25:11.578,1781169911.579,DWM1001C,33,LOS,punct_interior,5,2,4,2.965,7.0,1.0,6.68,7.32,4.91,11.14,,2.0,-7.06,1.84,88.0
2026-06-11 12:25:11.682,1781169911.683,DWM1001C,33,LOS,punct_interior,5,3,4,2.965,7.0,1.0,6.65,7.3,4.86,11.18,,1.99,-7.06,1.86,89.0
2026-06-11 12:25:11.786,1781169911.787,DWM1001C,33,LOS,punct_interior,5,4,4,2.965,7.0,1.0,6.76,7.33,4.94,11.18,,2.0,-7.07,1.97,88.0
2026-06-11 12:25:11.890,1781169911.891,DWM1001C,33,LOS,punct_interior,5,5,4,2.965,7.0,1.0,6.7,7.39,4.89,11.16,,1.98,-7.08,2.04,89.0
2026-06-11 12:25:11.994,1781169911.994,DWM1001C,33,LOS,punct_interior,5,6,4,2.965,7.0,1.0,6.73,7.32,4.9,11.12,,2.01,-7.09,2.09,88.0
2026-06-11 12:25:12.077,1781169912.077,DWM1001C,33,LOS,punct_interior,5,7,4,2.965,7.0,1.0,6.69,7.36,4.94,11.18,,2.0,-7.09,2.15,88.0
2026-06-11 12:25:12.183,1781169912.183,DWM1001C,33,LOS,punct_interior,5,8,4,2.965,7.0,1.0,6.66,7.38,4.86,11.19,,1.97,-7.09,2.14,89.0
2026-06-11 12:25:12.285,1781169912.286,DWM1001C,33,LOS,punct_interior,5,9,4,2.965,7.0,1.0,6.73,7.37,4.93,11.19,,1.96,-7.1,2.19,88.0
2026-06-11 12:25:12.390,1781169912.39,DWM1001C,33,LOS,punct_interior,5,10,4,2.965,7.0,1.0,6.73,7.32,4.91,11.14,,1.99,-7.1,2.2,88.0
2026-06-11 12:25:12.493,1781169912.493,DWM1001C,33,LOS,punct_interior,5,11,4,2.965,7.0,1.0,6.74,7.37,4.91,11.15,,1.99,-7.11,2.23,88.0
2026-06-11 12:25:12.597,1781169912.598,DWM1001C,33,LOS,punct_interior,5,12,4,2.965,7.0,1.0,6.67,7.32,4.89,11.2,,1.98,-7.09,2.19,89.0
2026-06-11 12:25:12.680,1781169912.681,DWM1001C,33,LOS,punct_interior,5,13,4,2.965,7.0,1.0,6.66,7.37,4.95,11.18,,1.93,-7.1,2.26,89.0
2026-06-11 12:25:12.784,1781169912.784,DWM1001C,33,LOS,punct_interior,5,14,4,2.965,7.0,1.0,6.67,7.29,4.93,11.2,,1.95,-7.09,2.23,89.0
2026-06-11 12:25:12.888,1781169912.889,DWM1001C,33,LOS,punct_interior,5,15,4,2.965,7.0,1.0,6.7,7.35,4.94,11.22,,1.94,-7.08,2.24,89.0
2026-06-11 12:25:12.991,1781169912.992,DWM1001C,33,LOS,punct_interior,5,16,4,2.965,7.0,1.0,6.71,7.36,4.92,11.17,,1.95,-7.09,2.26,88.0
2026-06-11 12:25:13.074,1781169913.074,DWM1001C,33,LOS,punct_interior,5,17,4,2.965,7.0,1.0,6.71,7.28,4.9,11.25,,1.98,-7.04,1.72,89.0
2026-06-11 12:25:13.176,1781169913.177,DWM1001C,33,LOS,punct_interior,5,18,4,2.965,7.0,1.0,6.72,7.35,4.94,11.17,,1.99,-7.05,1.88,88.0
2026-06-11 12:25:13.278,1781169913.279,DWM1001C,33,LOS,punct_interior,5,19,4,2.965,7.0,1.0,6.75,7.31,4.93,11.22,,2.03,-7.01,1.38,89.0
2026-06-11 12:25:13.380,1781169913.381,DWM1001C,33,LOS,punct_interior,5,20,4,2.965,7.0,1.0,6.71,6.96,4.9,11.19,,2.07,-6.95,1.15,93.0
2026-06-11 12:25:13.483,1781169913.484,DWM1001C,33,LOS,punct_interior,5,21,4,2.965,7.0,1.0,6.68,7.36,4.9,11.1,,2.01,-7.0,1.45,89.0
2026-06-11 12:25:13.587,1781169913.588,DWM1001C,33,LOS,punct_interior,5,22,4,2.965,7.0,1.0,6.7,7.33,4.92,11.17,,2.01,-7.02,1.65,88.0
2026-06-11 12:25:13.690,1781169913.69,DWM1001C,33,LOS,punct_interior,5,23,4,2.965,7.0,1.0,6.68,7.39,4.93,11.18,,2.0,-7.05,1.83,88.0
2026-06-11 12:25:13.793,1781169913.794,DWM1001C,33,LOS,punct_interior,5,24,4,2.965,7.0,1.0,6.68,7.38,4.95,11.18,,2.0,-7.07,1.98,88.0
2026-06-11 12:25:13.897,1781169913.897,DWM1001C,33,LOS,punct_interior,5,25,4,2.965,7.0,1.0,6.74,7.32,4.96,11.14,,2.02,-7.08,2.08,88.0
2026-06-11 12:25:13.979,1781169913.98,DWM1001C,33,LOS,punct_interior,5,26,4,2.965,7.0,1.0,6.72,7.33,4.91,11.24,,2.04,-7.03,1.54,89.0
2026-06-11 12:25:14.083,1781169914.083,DWM1001C,33,LOS,punct_interior,5,27,4,2.965,7.0,1.0,6.67,7.37,4.92,11.2,,2.01,-7.05,1.72,89.0
2026-06-11 12:25:14.187,1781169914.187,DWM1001C,33,LOS,punct_interior,5,28,4,2.965,7.0,1.0,6.7,7.32,4.95,11.16,,2.02,-7.06,1.87,88.0
2026-06-11 12:25:14.290,1781169914.291,DWM1001C,33,LOS,punct_interior,5,29,4,2.965,7.0,1.0,6.7,7.4,4.94,11.2,,2.0,-7.07,2.0,88.0
2026-06-11 12:25:14.394,1781169914.395,DWM1001C,33,LOS,punct_interior,5,30,4,2.965,7.0,1.0,6.71,7.33,4.92,11.19,,2.0,-7.07,2.05,88.0
2026-06-11 13:46:29.407,1781174789.408,DWM1001C,34,LOS,punct_interior,5,1,4,3.965,7.0,1.0,7.43,6.71,5.23,11.05,,3.0,-6.69,0.47,97.0
2026-06-11 13:46:29.511,1781174789.512,DWM1001C,34,LOS,punct_interior,5,2,4,3.965,7.0,1.0,7.47,6.68,5.24,11.1,,3.02,-6.69,0.49,97.0
2026-06-11 13:46:29.615,1781174789.615,DWM1001C,34,LOS,punct_interior,5,3,4,3.965,7.0,1.0,7.26,6.71,5.27,11.05,,3.07,-6.7,0.45,96.0
2026-06-11 13:46:29.719,1781174789.719,DWM1001C,34,LOS,punct_interior,5,4,4,3.965,7.0,1.0,7.33,6.61,5.25,11.04,,3.09,-6.69,0.35,93.0
2026-06-11 13:46:29.823,1781174789.824,DWM1001C,34,LOS,punct_interior,5,5,4,3.965,7.0,1.0,7.29,6.94,5.22,11.07,,3.07,-6.71,0.22,90.0
2026-06-11 13:46:29.907,1781174789.907,DWM1001C,34,LOS,punct_interior,5,6,4,3.965,7.0,1.0,7.28,6.76,5.25,11.04,,3.1,-6.72,0.21,95.0
2026-06-11 13:46:30.031,1781174790.031,DWM1001C,34,LOS,punct_interior,5,7,4,3.965,7.0,1.0,7.27,6.65,5.26,11.09,,3.11,-6.71,0.32,98.0
2026-06-11 13:46:30.135,1781174790.136,DWM1001C,34,LOS,punct_interior,5,8,4,3.965,7.0,1.0,7.31,6.75,5.27,11.41,,2.95,-6.67,0.35,95.0
2026-06-11 13:46:30.218,1781174790.219,DWM1001C,34,LOS,punct_interior,5,9,4,3.965,7.0,1.0,7.32,6.7,5.22,11.1,,2.97,-6.68,0.41,97.0
2026-06-11 13:46:30.322,1781174790.323,DWM1001C,34,LOS,punct_interior,5,10,4,3.965,7.0,1.0,7.27,6.72,5.25,11.05,,3.02,-6.69,0.4,96.0
2026-06-11 13:46:30.405,1781174790.406,DWM1001C,34,LOS,punct_interior,5,11,4,3.965,7.0,1.0,7.36,6.75,5.21,11.1,,3.02,-6.7,0.4,96.0
2026-06-11 13:46:30.509,1781174790.509,DWM1001C,34,LOS,punct_interior,5,12,4,3.965,7.0,1.0,7.3,6.74,5.22,11.09,,3.03,-6.71,0.39,96.0
2026-06-11 13:46:30.612,1781174790.613,DWM1001C,34,LOS,punct_interior,5,13,4,3.965,7.0,1.0,7.35,6.72,5.25,11.07,,3.06,-6.71,0.38,96.0
2026-06-11 13:46:30.716,1781174790.716,DWM1001C,34,LOS,punct_interior,5,14,4,3.965,7.0,1.0,7.34,6.73,5.27,11.14,,3.05,-6.7,0.35,95.0
2026-06-11 13:46:30.819,1781174790.819,DWM1001C,34,LOS,punct_interior,5,15,4,3.965,7.0,1.0,7.26,6.65,5.25,11.11,,3.06,-6.7,0.44,98.0
2026-06-11 13:46:30.924,1781174790.924,DWM1001C,34,LOS,punct_interior,5,16,4,3.965,7.0,1.0,7.28,6.68,5.25,11.1,,3.06,-6.7,0.46,97.0
2026-06-11 13:46:31.028,1781174791.028,DWM1001C,34,LOS,punct_interior,5,17,4,3.965,7.0,1.0,7.31,6.71,5.2,11.04,,3.07,-6.71,0.5,98.0
2026-06-11 13:46:31.111,1781174791.112,DWM1001C,34,LOS,punct_interior,5,18,4,3.965,7.0,1.0,7.37,6.68,5.23,11.05,,3.09,-6.72,0.53,98.0
2026-06-11 13:46:31.215,1781174791.215,DWM1001C,34,LOS,punct_interior,5,19,4,3.965,7.0,1.0,7.32,6.68,5.22,11.08,,3.09,-6.72,0.55,98.0
2026-06-11 13:46:31.317,1781174791.318,DWM1001C,34,LOS,punct_interior,5,20,4,3.965,7.0,1.0,7.32,6.64,5.23,11.06,,3.09,-6.7,0.43,93.0
2026-06-11 13:46:31.419,1781174791.42,DWM1001C,34,LOS,punct_interior,5,21,4,3.965,7.0,1.0,7.31,6.76,5.23,11.06,,3.1,-6.71,0.39,96.0
2026-06-11 13:46:31.521,1781174791.522,DWM1001C,34,LOS,punct_interior,5,22,4,3.965,7.0,1.0,7.3,6.67,5.24,11.15,,3.07,-6.7,0.45,97.0
2026-06-11 13:46:31.603,1781174791.603,DWM1001C,34,LOS,punct_interior,5,23,4,3.965,7.0,1.0,7.29,6.7,5.23,11.17,,3.03,-6.69,0.47,97.0
2026-06-11 13:46:31.727,1781174791.728,DWM1001C,34,LOS,punct_interior,5,24,4,3.965,7.0,1.0,7.3,6.66,5.23,11.1,,3.04,-6.7,0.54,98.0
2026-06-11 13:46:31.810,1781174791.81,DWM1001C,34,LOS,punct_interior,5,25,4,3.965,7.0,1.0,7.28,6.67,5.24,11.1,,3.05,-6.7,0.57,98.0
2026-06-11 13:46:31.913,1781174791.913,DWM1001C,34,LOS,punct_interior,5,26,4,3.965,7.0,1.0,7.22,6.68,5.26,11.15,,3.04,-6.69,0.55,97.0
2026-06-11 13:46:32.015,1781174792.016,DWM1001C,34,LOS,punct_interior,5,27,4,3.965,7.0,1.0,7.25,6.69,5.23,11.08,,3.06,-6.7,0.55,97.0
2026-06-11 13:46:32.120,1781174792.12,DWM1001C,34,LOS,punct_interior,5,28,4,3.965,7.0,1.0,7.31,6.67,5.23,11.12,,3.05,-6.7,0.6,98.0
2026-06-11 13:46:32.224,1781174792.225,DWM1001C,34,LOS,punct_interior,5,29,4,3.965,7.0,1.0,7.28,6.69,5.25,11.02,,3.09,-6.71,0.58,97.0
2026-06-11 13:46:32.309,1781174792.31,DWM1001C,34,LOS,punct_interior,5,30,4,3.965,7.0,1.0,7.28,6.7,5.24,11.09,,3.09,-6.71,0.55,97.0
2026-06-11 13:46:58.715,1781174818.716,DWM1001C,35,LOS,punct_interior,5,1,4,4.965,7.0,1.0,7.66,6.63,5.86,12.62,,1.6,-5.88,-0.04,90.0
2026-06-11 13:46:58.818,1781174818.819,DWM1001C,35,LOS,punct_interior,5,2,4,4.965,7.0,1.0,7.7,6.57,5.81,12.65,,1.28,-5.8,0.08,91.0
2026-06-11 13:46:58.920,1781174818.921,DWM1001C,35,LOS,punct_interior,5,3,4,4.965,7.0,1.0,7.66,6.64,5.81,12.59,,1.09,-5.76,0.11,91.0
2026-06-11 13:46:59.022,1781174819.023,DWM1001C,35,LOS,punct_interior,5,4,4,4.965,7.0,1.0,7.67,6.58,5.87,12.54,,1.06,-5.74,0.15,90.0
2026-06-11 13:46:59.104,1781174819.105,DWM1001C,35,LOS,punct_interior,5,5,4,4.965,7.0,1.0,7.7,6.57,5.81,11.82,,1.46,-5.84,-0.01,88.0
2026-06-11 13:46:59.207,1781174819.208,DWM1001C,35,LOS,punct_interior,5,6,4,4.965,7.0,1.0,7.69,6.55,5.83,11.65,,1.85,-5.93,-0.15,87.0
2026-06-11 13:46:59.310,1781174819.311,DWM1001C,35,LOS,punct_interior,5,7,4,4.965,7.0,1.0,7.69,6.62,5.8,11.63,,2.13,-6.01,-0.28,87.0
2026-06-11 13:46:59.414,1781174819.414,DWM1001C,35,LOS,punct_interior,5,8,4,4.965,7.0,1.0,7.7,6.6,5.84,11.7,,2.33,-6.06,-0.38,87.0
2026-06-11 13:46:59.516,1781174819.517,DWM1001C,35,LOS,punct_interior,5,9,4,4.965,7.0,1.0,7.69,6.6,5.84,11.72,,2.47,-6.09,-0.45,87.0
2026-06-11 13:46:59.619,1781174819.62,DWM1001C,35,LOS,punct_interior,5,10,4,4.965,7.0,1.0,7.66,6.6,5.84,11.73,,2.57,-6.11,-0.5,87.0
2026-06-11 13:46:59.722,1781174819.722,DWM1001C,35,LOS,punct_interior,5,11,4,4.965,7.0,1.0,7.65,6.58,5.84,11.81,,3.46,-6.42,-0.06,84.0
2026-06-11 13:46:59.804,1781174819.805,DWM1001C,35,LOS,punct_interior,5,12,4,4.965,7.0,1.0,7.68,6.62,5.83,12.1,,3.11,-6.32,-0.12,89.0
2026-06-11 13:46:59.907,1781174819.908,DWM1001C,35,LOS,punct_interior,5,13,4,4.965,7.0,1.0,7.72,6.59,5.85,12.18,,2.82,-6.22,-0.13,89.0
2026-06-11 13:47:00.011,1781174820.011,DWM1001C,35,LOS,punct_interior,5,14,4,4.965,7.0,1.0,7.67,6.54,5.87,12.07,,2.67,-6.16,-0.18,88.0
2026-06-11 13:47:00.113,1781174820.113,DWM1001C,35,LOS,punct_interior,5,15,4,4.965,7.0,1.0,7.7,6.56,5.84,12.59,,2.17,-6.04,0.06,90.0
2026-06-11 13:47:00.216,1781174820.216,DWM1001C,35,LOS,punct_interior,5,16,4,4.965,7.0,1.0,7.69,6.64,5.83,12.58,,1.8,-5.95,0.11,90.0
2026-06-11 13:47:00.320,1781174820.32,DWM1001C,35,LOS,punct_interior,5,17,4,4.965,7.0,1.0,7.67,6.52,5.82,12.56,,1.54,-5.88,0.28,90.0
2026-06-11 13:47:00.403,1781174820.404,DWM1001C,35,LOS,punct_interior,5,18,3,4.965,7.0,1.0,7.63,6.54,,12.51,,2.66,-5.73,-0.41,92.0
2026-06-11 13:47:00.527,1781174820.527,DWM1001C,35,LOS,punct_interior,5,19,4,4.965,7.0,1.0,7.74,6.58,5.84,12.61,,2.13,-5.7,-0.25,90.0
2026-06-11 13:47:00.609,1781174820.61,DWM1001C,35,LOS,punct_interior,5,20,4,4.965,7.0,1.0,7.72,6.62,5.82,12.52,,1.82,-5.71,-0.06,90.0
2026-06-11 13:47:00.712,1781174820.713,DWM1001C,35,LOS,punct_interior,5,21,4,4.965,7.0,1.0,7.68,6.62,5.84,12.5,,2.91,-6.14,0.37,84.0
2026-06-11 13:47:00.815,1781174820.816,DWM1001C,35,LOS,punct_interior,5,22,4,4.965,7.0,1.0,7.69,6.63,5.88,12.54,,2.44,-6.05,0.46,89.0
2026-06-11 13:47:00.917,1781174820.918,DWM1001C,35,LOS,punct_interior,5,23,4,4.965,7.0,1.0,7.71,6.6,5.87,12.48,,2.13,-5.98,0.44,89.0
2026-06-11 13:47:01.021,1781174821.022,DWM1001C,35,LOS,punct_interior,5,24,4,4.965,7.0,1.0,7.68,6.56,5.8,12.55,,1.78,-5.91,0.5,90.0
2026-06-11 13:47:01.124,1781174821.125,DWM1001C,35,LOS,punct_interior,5,25,4,4.965,7.0,1.0,7.72,6.57,5.87,12.53,,1.58,-5.86,0.45,89.0
2026-06-11 13:47:01.208,1781174821.208,DWM1001C,35,LOS,punct_interior,5,26,4,4.965,7.0,1.0,7.69,6.62,5.85,12.58,,2.73,-6.24,0.69,84.0
2026-06-11 13:47:01.311,1781174821.312,DWM1001C,35,LOS,punct_interior,5,27,4,4.965,7.0,1.0,7.67,6.64,5.86,12.56,,2.27,-6.11,0.62,90.0
2026-06-11 13:47:01.415,1781174821.415,DWM1001C,35,LOS,punct_interior,5,28,4,4.965,7.0,1.0,7.72,6.56,5.86,12.49,,1.97,-6.01,0.51,89.0
2026-06-11 13:47:01.519,1781174821.519,DWM1001C,35,LOS,punct_interior,5,29,4,4.965,7.0,1.0,7.66,6.58,5.84,12.5,,1.73,-5.94,0.47,89.0
2026-06-11 13:47:01.623,1781174821.623,DWM1001C,35,LOS,punct_interior,5,30,4,4.965,7.0,1.0,7.67,6.54,5.84,12.57,,1.49,-5.87,0.46,90.0
2026-06-11 13:47:32.021,1781174852.022,DWM1001C,37,LOS,punct_interior,5,1,4,1.965,8.0,1.0,7.49,8.57,3.7,10.47,,1.11,-7.94,0.81,93.0
2026-06-11 13:47:32.124,1781174852.124,DWM1001C,37,LOS,punct_interior,5,2,4,1.965,8.0,1.0,7.47,8.49,3.74,10.51,,1.0,-7.95,0.79,94.0
2026-06-11 13:47:32.206,1781174852.206,DWM1001C,37,LOS,punct_interior,5,3,4,1.965,8.0,1.0,7.47,8.49,3.73,10.46,,1.07,-7.93,0.61,92.0
2026-06-11 13:47:32.308,1781174852.309,DWM1001C,37,LOS,punct_interior,5,4,4,1.965,8.0,1.0,7.51,8.49,3.73,10.54,,1.07,-7.91,0.47,93.0
2026-06-11 13:47:32.411,1781174852.411,DWM1001C,37,LOS,punct_interior,5,5,4,1.965,8.0,1.0,7.5,8.47,3.69,10.39,,1.15,-7.91,0.37,92.0
2026-06-11 13:47:32.513,1781174852.514,DWM1001C,37,LOS,punct_interior,5,6,4,1.965,8.0,1.0,7.48,8.49,3.73,10.48,,1.17,-7.9,0.29,93.0
2026-06-11 13:47:32.618,1781174852.618,DWM1001C,37,LOS,punct_interior,5,7,4,1.965,8.0,1.0,7.51,8.51,3.72,10.55,,1.13,-7.89,0.26,93.0
2026-06-11 13:47:32.721,1781174852.722,DWM1001C,37,LOS,punct_interior,5,8,4,1.965,8.0,1.0,7.5,8.5,3.75,10.53,,1.16,-7.89,0.38,93.0
2026-06-11 13:47:32.804,1781174852.805,DWM1001C,37,LOS,punct_interior,5,9,4,1.965,8.0,1.0,7.51,8.42,3.64,10.46,,1.15,-7.91,0.38,93.0
2026-06-11 13:47:32.907,1781174852.908,DWM1001C,37,LOS,punct_interior,5,10,4,1.965,8.0,1.0,7.52,8.48,3.7,10.52,,1.07,-7.93,0.51,93.0
2026-06-11 13:47:33.010,1781174853.01,DWM1001C,37,LOS,punct_interior,5,11,4,1.965,8.0,1.0,7.52,8.47,3.7,10.5,,1.03,-7.95,0.61,93.0
2026-06-11 13:47:33.114,1781174853.114,DWM1001C,37,LOS,punct_interior,5,12,4,1.965,8.0,1.0,7.48,8.42,3.7,10.49,,1.06,-7.93,0.51,93.0
2026-06-11 13:47:33.218,1781174853.219,DWM1001C,37,LOS,punct_interior,5,13,4,1.965,8.0,1.0,7.46,8.51,3.72,10.51,,1.08,-7.91,0.43,93.0
2026-06-11 13:47:33.322,1781174853.322,DWM1001C,37,LOS,punct_interior,5,14,4,1.965,8.0,1.0,7.5,8.42,3.68,10.54,,1.05,-7.91,0.43,93.0
2026-06-11 13:47:33.425,1781174853.426,DWM1001C,37,LOS,punct_interior,5,15,4,1.965,8.0,1.0,7.5,8.58,3.72,10.5,,1.08,-7.9,0.35,93.0
2026-06-11 13:47:33.530,1781174853.531,DWM1001C,37,LOS,punct_interior,5,16,4,1.965,8.0,1.0,7.5,8.49,3.72,10.43,,0.99,-7.95,0.54,94.0
2026-06-11 13:47:33.615,1781174853.616,DWM1001C,37,LOS,punct_interior,5,17,4,1.965,8.0,1.0,7.44,8.53,3.73,10.52,,1.03,-7.92,0.46,93.0
2026-06-11 13:47:33.721,1781174853.721,DWM1001C,37,LOS,punct_interior,5,18,4,1.965,8.0,1.0,7.48,8.48,3.72,10.53,,1.04,-7.91,0.39,93.0
2026-06-11 13:47:33.804,1781174853.805,DWM1001C,37,LOS,punct_interior,5,19,4,1.965,8.0,1.0,7.49,8.47,3.72,10.46,,1.1,-7.9,0.3,92.0
2026-06-11 13:47:33.907,1781174853.908,DWM1001C,37,LOS,punct_interior,5,20,4,1.965,8.0,1.0,7.52,8.48,3.71,10.54,,1.03,-7.92,0.45,93.0
2026-06-11 13:47:34.012,1781174854.012,DWM1001C,37,LOS,punct_interior,5,21,4,1.965,8.0,1.0,7.49,8.44,3.66,10.54,,1.01,-7.92,0.47,93.0
2026-06-11 13:47:34.116,1781174854.117,DWM1001C,37,LOS,punct_interior,5,22,4,1.965,8.0,1.0,7.5,8.51,3.68,10.49,,1.03,-7.92,0.41,93.0
2026-06-11 13:47:34.220,1781174854.22,DWM1001C,37,LOS,punct_interior,5,23,4,1.965,8.0,1.0,7.51,8.48,3.69,10.5,,1.05,-7.91,0.34,93.0
2026-06-11 13:47:34.322,1781174854.323,DWM1001C,37,LOS,punct_interior,5,24,4,1.965,8.0,1.0,7.55,8.53,3.68,10.49,,1.06,-7.92,0.28,93.0
2026-06-11 13:47:34.405,1781174854.405,DWM1001C,37,LOS,punct_interior,5,25,4,1.965,8.0,1.0,7.49,8.46,3.66,10.5,,1.06,-7.92,0.31,93.0
2026-06-11 13:47:34.528,1781174854.529,DWM1001C,37,LOS,punct_interior,5,26,4,1.965,8.0,1.0,7.53,8.39,3.7,10.54,,1.08,-7.96,0.72,91.0
2026-06-11 13:47:34.632,1781174854.633,DWM1001C,37,LOS,punct_interior,5,27,4,1.965,8.0,1.0,7.51,8.55,3.68,10.46,,1.11,-7.94,0.58,93.0
2026-06-11 13:47:34.715,1781174854.715,DWM1001C,37,LOS,punct_interior,5,28,4,1.965,8.0,1.0,7.53,8.39,3.67,10.42,,1.11,-7.95,0.55,93.0
2026-06-11 13:47:34.819,1781174854.82,DWM1001C,37,LOS,punct_interior,5,29,4,1.965,8.0,1.0,7.51,8.48,3.68,10.42,,1.15,-7.94,0.44,92.0
2026-06-11 13:47:34.922,1781174854.923,DWM1001C,37,LOS,punct_interior,5,30,4,1.965,8.0,1.0,7.51,8.46,3.71,10.51,,1.14,-7.93,0.36,93.0
2026-06-11 13:47:44.004,1781174864.005,DWM1001C,38,LOS,punct_interior,5,1,4,2.965,8.0,1.0,7.71,8.19,3.91,10.35,,1.97,-7.93,0.81,91.0
2026-06-11 13:47:44.109,1781174864.109,DWM1001C,38,LOS,punct_interior,5,2,4,2.965,8.0,1.0,7.74,8.2,3.99,10.37,,1.99,-7.91,0.57,87.0
2026-06-11 13:47:44.212,1781174864.212,DWM1001C,38,LOS,punct_interior,5,3,4,2.965,8.0,1.0,7.67,8.17,3.96,10.28,,2.04,-7.9,0.42,90.0
2026-06-11 13:47:44.315,1781174864.315,DWM1001C,38,LOS,punct_interior,5,4,4,2.965,8.0,1.0,7.64,7.92,3.98,10.23,,2.13,-7.88,0.5,94.0
2026-06-11 13:47:44.418,1781174864.419,DWM1001C,38,LOS,punct_interior,5,5,4,2.965,8.0,1.0,7.66,8.19,3.97,10.27,,2.1,-7.92,0.89,89.0
2026-06-11 13:47:44.522,1781174864.522,DWM1001C,38,LOS,punct_interior,5,6,4,2.965,8.0,1.0,7.66,8.28,3.94,10.22,,2.02,-7.97,1.25,86.0
2026-06-11 13:47:44.626,1781174864.626,DWM1001C,38,LOS,punct_interior,5,7,4,2.965,8.0,1.0,7.66,8.15,3.96,10.17,,2.07,-8.0,1.44,90.0
2026-06-11 13:47:44.710,1781174864.71,DWM1001C,38,LOS,punct_interior,5,8,4,2.965,8.0,1.0,7.62,8.21,3.93,10.29,,2.04,-8.01,1.57,89.0
2026-06-11 13:47:44.814,1781174864.815,DWM1001C,38,LOS,punct_interior,5,9,4,2.965,8.0,1.0,7.65,8.14,3.92,10.25,,2.08,-7.98,1.21,92.0
2026-06-11 13:47:44.919,1781174864.92,DWM1001C,38,LOS,punct_interior,5,10,4,2.965,8.0,1.0,7.7,8.22,3.94,10.27,,2.09,-7.96,0.88,88.0
2026-06-11 13:47:45.023,1781174865.023,DWM1001C,38,LOS,punct_interior,5,11,4,2.965,8.0,1.0,7.69,8.17,3.93,10.32,,2.09,-7.94,0.69,91.0
2026-06-11 13:47:45.105,1781174865.106,DWM1001C,38,LOS,punct_interior,5,12,4,2.965,8.0,1.0,7.67,8.21,3.95,10.36,,2.07,-7.92,0.51,89.0
2026-06-11 13:47:45.208,1781174865.209,DWM1001C,38,LOS,punct_interior,5,13,4,2.965,8.0,1.0,7.68,8.17,4.02,10.19,,2.1,-7.96,0.93,88.0
2026-06-11 13:47:45.312,1781174865.313,DWM1001C,38,LOS,punct_interior,5,14,4,2.965,8.0,1.0,7.65,8.22,3.94,10.27,,2.07,-7.98,1.2,89.0
2026-06-11 13:47:45.415,1781174865.416,DWM1001C,38,LOS,punct_interior,5,15,4,2.965,8.0,1.0,7.7,8.21,3.98,10.28,,2.09,-7.96,0.85,87.0
2026-06-11 13:47:45.518,1781174865.519,DWM1001C,38,LOS,punct_interior,5,16,4,2.965,8.0,1.0,7.66,8.21,3.96,10.21,,2.09,-7.99,1.17,88.0
2026-06-11 13:47:45.622,1781174865.622,DWM1001C,38,LOS,punct_interior,5,17,4,2.965,8.0,1.0,7.65,7.85,3.94,10.26,,2.13,-7.93,0.97,92.0
2026-06-11 13:47:45.705,1781174865.705,DWM1001C,38,LOS,punct_interior,5,18,4,2.965,8.0,1.0,7.68,8.25,3.99,10.24,,2.1,-7.97,1.29,86.0
2026-06-11 13:47:45.829,1781174865.83,DWM1001C,38,LOS,punct_interior,5,19,4,2.965,8.0,1.0,7.66,8.21,3.94,10.26,,2.08,-7.99,1.47,89.0
2026-06-11 13:47:45.914,1781174865.914,DWM1001C,38,LOS,punct_interior,5,20,4,2.965,8.0,1.0,7.69,8.13,3.94,10.26,,2.12,-7.96,1.13,91.0
2026-06-11 13:47:46.016,1781174866.017,DWM1001C,38,LOS,punct_interior,5,21,4,2.965,8.0,1.0,7.66,8.22,3.95,10.3,,2.07,-7.98,1.35,88.0
2026-06-11 13:47:46.118,1781174866.119,DWM1001C,38,LOS,punct_interior,5,22,4,2.965,8.0,1.0,7.63,8.2,3.92,10.3,,2.04,-7.99,1.48,90.0
2026-06-11 13:47:46.222,1781174866.222,DWM1001C,38,LOS,punct_interior,5,23,4,2.965,8.0,1.0,7.71,8.24,3.93,10.34,,2.04,-7.97,1.1,89.0
2026-06-11 13:47:46.325,1781174866.326,DWM1001C,38,LOS,punct_interior,5,24,4,2.965,8.0,1.0,7.64,8.25,4.0,10.24,,1.98,-8.0,1.42,86.0
2026-06-11 13:47:46.429,1781174866.429,DWM1001C,38,LOS,punct_interior,5,25,4,2.965,8.0,1.0,7.69,8.16,3.95,10.35,,2.0,-7.96,1.09,90.0
2026-06-11 13:47:46.511,1781174866.512,DWM1001C,38,LOS,punct_interior,5,26,4,2.965,8.0,1.0,7.69,8.21,3.93,10.27,,2.04,-7.94,0.82,90.0
2026-06-11 13:47:46.615,1781174866.616,DWM1001C,38,LOS,punct_interior,5,27,4,2.965,8.0,1.0,7.64,8.19,3.96,10.3,,2.02,-7.96,1.12,89.0
2026-06-11 13:47:46.719,1781174866.72,DWM1001C,38,LOS,punct_interior,5,28,4,2.965,8.0,1.0,7.63,8.19,3.93,10.28,,2.01,-7.98,1.31,90.0
2026-06-11 13:47:46.824,1781174866.824,DWM1001C,38,LOS,punct_interior,5,29,4,2.965,8.0,1.0,7.66,8.21,3.96,10.34,,2.02,-7.95,0.96,88.0
2026-06-11 13:47:46.909,1781174866.91,DWM1001C,38,LOS,punct_interior,5,30,4,2.965,8.0,1.0,7.67,8.16,3.94,10.33,,2.04,-7.93,0.75,91.0
2026-06-11 13:48:15.415,1781174895.416,DWM1001C,39,LOS,punct_interior,5,1,4,3.965,8.0,1.0,7.95,7.7,4.41,10.04,,3.11,-7.67,0.22,91.0
2026-06-11 13:48:15.519,1781174895.519,DWM1001C,39,LOS,punct_interior,5,2,4,3.965,8.0,1.0,7.95,7.71,4.38,10.09,,3.14,-7.68,0.17,92.0
2026-06-11 13:48:15.621,1781174895.622,DWM1001C,39,LOS,punct_interior,5,3,4,3.965,8.0,1.0,7.95,7.72,4.41,11.23,,2.56,-7.54,0.19,92.0
2026-06-11 13:48:15.704,1781174895.704,DWM1001C,39,LOS,punct_interior,5,4,4,3.965,8.0,1.0,7.97,7.6,4.38,10.67,,2.49,-7.51,0.28,93.0
2026-06-11 13:48:15.829,1781174895.83,DWM1001C,39,LOS,punct_interior,5,5,4,3.965,8.0,1.0,7.95,7.61,4.37,10.26,,2.62,-7.53,0.28,95.0
2026-06-11 13:48:15.912,1781174895.913,DWM1001C,39,LOS,punct_interior,5,6,4,3.965,8.0,1.0,7.94,7.69,4.38,10.67,,2.53,-7.5,0.25,92.0
2026-06-11 13:48:16.014,1781174896.015,DWM1001C,39,LOS,punct_interior,5,7,4,3.965,8.0,1.0,7.95,7.65,4.42,11.31,,2.04,-7.38,0.29,93.0
2026-06-11 13:48:16.117,1781174896.117,DWM1001C,39,LOS,punct_interior,5,8,4,3.965,8.0,1.0,7.96,7.63,4.41,11.2,,1.77,-7.31,0.29,92.0
2026-06-11 13:48:16.220,1781174896.221,DWM1001C,39,LOS,punct_interior,5,9,4,3.965,8.0,1.0,7.97,7.65,4.38,11.24,,1.49,-7.24,0.28,93.0
2026-06-11 13:48:16.303,1781174896.303,DWM1001C,39,LOS,punct_interior,5,10,4,3.965,8.0,1.0,7.94,7.68,4.4,11.21,,1.34,-7.21,0.28,92.0
2026-06-11 13:48:16.406,1781174896.406,DWM1001C,39,LOS,punct_interior,5,11,4,3.965,8.0,1.0,7.96,7.63,4.41,11.27,,1.17,-7.16,0.28,93.0
2026-06-11 13:48:16.509,1781174896.509,DWM1001C,39,LOS,punct_interior,5,12,4,3.965,8.0,1.0,7.95,7.67,4.42,11.25,,1.08,-7.14,0.33,92.0
2026-06-11 13:48:16.612,1781174896.613,DWM1001C,39,LOS,punct_interior,5,13,4,3.965,8.0,1.0,7.95,7.58,4.39,11.22,,1.0,-7.11,0.29,92.0
2026-06-11 13:48:16.717,1781174896.718,DWM1001C,39,LOS,punct_interior,5,14,4,3.965,8.0,1.0,7.98,7.74,4.44,11.14,,1.07,-7.14,0.36,92.0
2026-06-11 13:48:16.822,1781174896.822,DWM1001C,39,LOS,punct_interior,5,15,4,3.965,8.0,1.0,7.96,7.65,4.39,11.22,,1.01,-7.13,0.41,92.0
2026-06-11 13:48:16.927,1781174896.927,DWM1001C,39,LOS,punct_interior,5,16,4,3.965,8.0,1.0,7.99,7.69,4.38,11.24,,0.92,-7.11,0.36,93.0
2026-06-11 13:48:17.010,1781174897.01,DWM1001C,39,LOS,punct_interior,5,17,4,3.965,8.0,1.0,7.92,7.61,4.38,11.22,,0.87,-7.1,0.33,92.0
2026-06-11 13:48:17.113,1781174897.114,DWM1001C,39,LOS,punct_interior,5,18,4,3.965,8.0,1.0,7.97,7.68,4.38,11.21,,0.86,-7.1,0.37,92.0
2026-06-11 13:48:17.216,1781174897.217,DWM1001C,39,LOS,punct_interior,5,19,4,3.965,8.0,1.0,7.96,7.66,4.43,11.23,,0.87,-7.09,0.34,92.0
2026-06-11 13:48:17.320,1781174897.321,DWM1001C,39,LOS,punct_interior,5,20,4,3.965,8.0,1.0,7.95,7.62,4.36,11.23,,0.82,-7.09,0.36,93.0
2026-06-11 13:48:17.424,1781174897.424,DWM1001C,39,LOS,punct_interior,5,21,4,3.965,8.0,1.0,7.99,7.7,4.4,11.18,,0.87,-7.11,0.47,92.0
2026-06-11 13:48:17.508,1781174897.508,DWM1001C,39,LOS,punct_interior,5,22,3,3.965,8.0,1.0,7.99,7.65,,11.19,,1.74,-7.03,-0.26,92.0
2026-06-11 13:48:17.612,1781174897.613,DWM1001C,39,LOS,punct_interior,5,23,4,3.965,8.0,1.0,7.96,7.64,4.4,11.26,,1.47,-7.03,-0.12,93.0
2026-06-11 13:48:17.717,1781174897.717,DWM1001C,39,LOS,punct_interior,5,24,4,3.965,8.0,1.0,7.96,7.7,4.38,11.22,,1.3,-7.05,0.04,92.0
2026-06-11 13:48:17.820,1781174897.82,DWM1001C,39,LOS,punct_interior,5,25,4,3.965,8.0,1.0,7.97,7.63,4.37,11.23,,1.14,-7.05,0.13,93.0
2026-06-11 13:48:17.925,1781174897.925,DWM1001C,39,LOS,punct_interior,5,26,4,3.965,8.0,1.0,7.97,7.67,4.38,11.24,,1.03,-7.06,0.16,93.0
2026-06-11 13:48:18.029,1781174898.03,DWM1001C,39,LOS,punct_interior,5,27,4,3.965,8.0,1.0,7.97,7.66,4.41,11.16,,1.05,-7.08,0.25,92.0
2026-06-11 13:48:18.112,1781174898.113,DWM1001C,39,LOS,punct_interior,5,28,4,3.965,8.0,1.0,7.9,7.62,4.41,11.24,,0.99,-7.08,0.36,92.0
2026-06-11 13:48:18.216,1781174898.216,DWM1001C,39,LOS,punct_interior,5,29,4,3.965,8.0,1.0,7.97,7.66,4.42,11.24,,0.96,-7.08,0.36,92.0
2026-06-11 13:48:18.320,1781174898.321,DWM1001C,39,LOS,punct_interior,5,30,4,3.965,8.0,1.0,7.96,7.64,4.4,11.2,,0.95,-7.08,0.35,92.0
2026-06-11 13:59:08.999,1781175549.0,DWM1001C,40,LOS,punct_interior,5,1,4,4.965,8.0,1.0,8.77,7.53,5.04,11.05,,2.41,-6.98,-0.92,86.0
2026-06-11 13:59:09.122,1781175549.123,DWM1001C,40,LOS,punct_interior,5,2,4,4.965,8.0,1.0,8.77,7.53,5.09,10.98,,2.49,-7.0,-0.94,85.0
2026-06-11 13:59:09.207,1781175549.207,DWM1001C,40,LOS,punct_interior,5,3,4,4.965,8.0,1.0,8.53,7.58,5.11,10.96,,2.56,-7.02,-0.99,84.0
2026-06-11 13:59:09.311,1781175549.311,DWM1001C,40,LOS,punct_interior,5,4,4,4.965,8.0,1.0,8.79,7.52,5.03,11.01,,2.57,-7.03,-0.96,85.0
2026-06-11 13:59:09.416,1781175549.416,DWM1001C,40,LOS,punct_interior,5,5,4,4.965,8.0,1.0,8.75,7.56,5.03,11.03,,2.57,-7.03,-0.95,86.0
2026-06-11 13:59:09.519,1781175549.52,DWM1001C,40,LOS,punct_interior,5,6,4,4.965,8.0,1.0,8.77,7.55,5.07,11.06,,2.56,-7.03,-0.96,86.0
2026-06-11 13:59:09.604,1781175549.604,DWM1001C,40,LOS,punct_interior,5,7,4,4.965,8.0,1.0,8.8,7.56,5.03,11.08,,2.53,-7.03,-0.94,86.0
2026-06-11 13:59:09.707,1781175549.708,DWM1001C,40,LOS,punct_interior,5,8,4,4.965,8.0,1.0,8.84,7.58,5.03,11.17,,2.47,-7.02,-0.93,87.0
2026-06-11 13:59:09.811,1781175549.812,DWM1001C,40,LOS,punct_interior,5,9,4,4.965,8.0,1.0,8.46,7.6,5.04,10.15,,2.87,-7.15,-0.87,84.0
2026-06-11 13:59:09.914,1781175549.915,DWM1001C,40,LOS,punct_interior,5,10,4,4.965,8.0,1.0,8.85,7.54,5.04,11.14,,2.74,-7.11,-0.87,87.0
2026-06-11 13:59:10.017,1781175550.018,DWM1001C,40,LOS,punct_interior,5,11,4,4.965,8.0,1.0,8.79,7.61,5.05,11.07,,2.68,-7.09,-0.91,86.0
2026-06-11 13:59:10.120,1781175550.121,DWM1001C,40,LOS,punct_interior,5,12,4,4.965,8.0,1.0,8.8,7.59,5.07,11.11,,2.62,-7.07,-0.94,86.0
2026-06-11 13:59:10.203,1781175550.204,DWM1001C,40,LOS,punct_interior,5,13,4,4.965,8.0,1.0,8.84,7.56,5.1,11.1,,2.59,-7.05,-0.96,86.0
2026-06-11 13:59:10.307,1781175550.308,DWM1001C,40,LOS,punct_interior,5,14,4,4.965,8.0,1.0,8.53,7.53,5.05,11.07,,2.57,-7.04,-0.94,86.0
2026-06-11 13:59:10.410,1781175550.411,DWM1001C,40,LOS,punct_interior,5,15,4,4.965,8.0,1.0,8.81,7.58,5.07,11.09,,2.55,-7.04,-0.96,86.0
2026-06-11 13:59:10.514,1781175550.514,DWM1001C,40,LOS,punct_interior,5,16,4,4.965,8.0,1.0,8.76,7.52,5.06,11.11,,2.53,-7.03,-0.95,86.0
2026-06-11 13:59:10.618,1781175550.618,DWM1001C,40,LOS,punct_interior,5,17,4,4.965,8.0,1.0,8.79,7.55,5.07,11.14,,2.5,-7.02,-0.95,87.0
2026-06-11 13:59:10.720,1781175550.721,DWM1001C,40,LOS,punct_interior,5,18,4,4.965,8.0,1.0,8.82,7.59,5.07,11.13,,2.47,-7.01,-0.96,87.0
2026-06-11 13:59:10.824,1781175550.825,DWM1001C,40,LOS,punct_interior,5,19,4,4.965,8.0,1.0,8.75,7.53,5.08,11.13,,2.46,-7.0,-0.95,86.0
2026-06-11 13:59:10.927,1781175550.928,DWM1001C,40,LOS,punct_interior,5,20,4,4.965,8.0,1.0,8.85,7.52,5.12,11.03,,2.52,-7.01,-0.97,85.0
2026-06-11 13:59:11.010,1781175551.01,DWM1001C,40,LOS,punct_interior,5,21,4,4.965,8.0,1.0,8.8,7.57,5.12,11.08,,2.54,-7.01,-1.0,86.0
2026-06-11 13:59:11.113,1781175551.114,DWM1001C,40,LOS,punct_interior,5,22,4,4.965,8.0,1.0,8.47,7.56,5.08,11.08,,2.53,-7.01,-1.0,86.0
2026-06-11 13:59:11.217,1781175551.217,DWM1001C,40,LOS,punct_interior,5,23,4,4.965,8.0,1.0,8.81,7.58,5.06,11.1,,2.51,-7.01,-0.99,86.0
2026-06-11 13:59:11.321,1781175551.321,DWM1001C,40,LOS,punct_interior,5,24,4,4.965,8.0,1.0,8.55,7.6,5.1,11.04,,2.54,-7.02,-1.02,85.0
2026-06-11 13:59:11.405,1781175551.405,DWM1001C,40,LOS,punct_interior,5,25,4,4.965,8.0,1.0,8.81,7.5,5.12,11.14,,2.53,-7.0,-1.01,86.0
2026-06-11 13:59:11.509,1781175551.51,DWM1001C,40,LOS,punct_interior,5,26,4,4.965,8.0,1.0,8.85,7.67,5.12,11.08,,2.53,-7.02,-1.06,85.0
2026-06-11 13:59:11.613,1781175551.614,DWM1001C,40,LOS,punct_interior,5,27,4,4.965,8.0,1.0,8.79,7.55,5.08,11.12,,2.51,-7.01,-1.04,86.0
2026-06-11 13:59:11.716,1781175551.716,DWM1001C,40,LOS,punct_interior,5,28,4,4.965,8.0,1.0,8.81,7.56,5.15,11.16,,2.5,-7.0,-1.05,86.0
2026-06-11 13:59:11.818,1781175551.818,DWM1001C,40,LOS,punct_interior,5,29,4,4.965,8.0,1.0,8.54,7.56,5.09,11.06,,2.52,-7.0,-1.04,86.0
2026-06-11 13:59:11.900,1781175551.9,DWM1001C,40,LOS,punct_interior,5,30,4,4.965,8.0,1.0,8.8,7.57,5.07,11.12,,2.5,-7.0,-1.03,86.0
2026-06-11 14:04:53.029,1781175893.03,DWM1001C,42,LOS,punct_interior,5,1,4,1.965,9.0,1.0,8.53,9.42,2.76,9.7,,1.07,-8.96,0.98,94.0
2026-06-11 14:04:53.133,1781175893.133,DWM1001C,42,LOS,punct_interior,5,2,4,1.965,9.0,1.0,8.52,9.38,2.76,9.65,,1.08,-8.96,1.05,92.0
2026-06-11 14:04:53.216,1781175893.216,DWM1001C,42,LOS,punct_interior,5,3,4,1.965,9.0,1.0,8.54,9.4,2.75,9.69,,1.08,-8.96,1.06,94.0
2026-06-11 14:04:53.319,1781175893.319,DWM1001C,42,LOS,punct_interior,5,4,4,1.965,9.0,1.0,8.5,9.38,2.79,9.72,,1.07,-8.95,1.08,93.0
2026-06-11 14:04:53.422,1781175893.423,DWM1001C,42,LOS,punct_interior,5,5,4,1.965,9.0,1.0,8.49,9.37,2.78,9.74,,1.0,-8.95,0.94,95.0
2026-06-11 14:04:53.525,1781175893.526,DWM1001C,42,LOS,punct_interior,5,6,4,1.965,9.0,1.0,8.55,9.4,2.74,9.74,,0.92,-8.96,1.02,95.0
2026-06-11 14:04:53.629,1781175893.629,DWM1001C,42,LOS,punct_interior,5,7,4,1.965,9.0,1.0,8.55,9.35,2.75,9.73,,0.95,-8.95,0.96,94.0
2026-06-11 14:04:53.732,1781175893.732,DWM1001C,42,LOS,punct_interior,5,8,4,1.965,9.0,1.0,8.51,8.99,2.79,9.7,,0.95,-8.91,1.05,94.0
2026-06-11 14:04:53.814,1781175893.815,DWM1001C,42,LOS,punct_interior,5,9,4,1.965,9.0,1.0,8.53,9.36,2.78,9.67,,0.99,-8.93,1.12,93.0
2026-06-11 14:04:53.917,1781175893.918,DWM1001C,42,LOS,punct_interior,5,10,4,1.965,9.0,1.0,8.53,9.43,2.81,9.7,,1.0,-8.94,1.19,93.0
2026-06-11 14:04:54.020,1781175894.021,DWM1001C,42,LOS,punct_interior,5,11,4,1.965,9.0,1.0,8.55,9.41,2.75,9.7,,1.0,-8.95,1.16,94.0
2026-06-11 14:04:54.123,1781175894.124,DWM1001C,42,LOS,punct_interior,5,12,4,1.965,9.0,1.0,8.47,9.43,2.76,9.78,,0.92,-8.95,1.17,95.0
2026-06-11 14:04:54.226,1781175894.227,DWM1001C,42,LOS,punct_interior,5,13,4,1.965,9.0,1.0,8.57,9.33,2.74,9.71,,0.98,-8.97,1.22,92.0
2026-06-11 14:04:54.329,1781175894.33,DWM1001C,42,LOS,punct_interior,5,14,4,1.965,9.0,1.0,8.55,9.45,2.75,9.72,,0.92,-8.97,1.06,95.0
2026-06-11 14:04:54.432,1781175894.433,DWM1001C,42,LOS,punct_interior,5,15,4,1.965,9.0,1.0,8.56,9.41,2.74,9.73,,0.9,-9.0,1.23,93.0
2026-06-11 14:04:54.514,1781175894.515,DWM1001C,42,LOS,punct_interior,5,16,4,1.965,9.0,1.0,8.5,9.42,2.75,9.73,,0.86,-9.0,1.27,95.0
2026-06-11 14:04:54.618,1781175894.618,DWM1001C,42,LOS,punct_interior,5,17,4,1.965,9.0,1.0,8.5,9.43,2.75,9.63,,0.95,-8.99,1.23,92.0
2026-06-11 14:04:54.721,1781175894.721,DWM1001C,42,LOS,punct_interior,5,18,4,1.965,9.0,1.0,8.55,9.38,2.74,9.7,,0.94,-8.97,0.95,94.0
2026-06-11 14:04:54.824,1781175894.824,DWM1001C,42,LOS,punct_interior,5,19,4,1.965,9.0,1.0,8.59,9.43,2.79,9.73,,0.93,-8.99,1.05,94.0
2026-06-11 14:04:54.927,1781175894.928,DWM1001C,42,LOS,punct_interior,5,20,4,1.965,9.0,1.0,8.51,9.45,2.76,9.67,,0.98,-8.98,1.06,93.0
2026-06-11 14:04:55.030,1781175895.03,DWM1001C,42,LOS,punct_interior,5,21,4,1.965,9.0,1.0,8.54,9.4,2.78,9.71,,0.99,-8.97,1.1,94.0
2026-06-11 14:04:55.132,1781175895.133,DWM1001C,42,LOS,punct_interior,5,22,4,1.965,9.0,1.0,8.53,9.42,2.75,9.73,,0.92,-8.99,1.2,94.0
2026-06-11 14:04:55.215,1781175895.216,DWM1001C,42,LOS,punct_interior,5,23,4,1.965,9.0,1.0,8.52,9.43,2.74,9.7,,0.88,-9.0,1.27,95.0
2026-06-11 14:04:55.318,1781175895.318,DWM1001C,42,LOS,punct_interior,5,24,4,1.965,9.0,1.0,8.54,9.33,2.74,9.68,,0.93,-8.99,1.17,94.0
2026-06-11 14:04:55.422,1781175895.422,DWM1001C,42,LOS,punct_interior,5,25,4,1.965,9.0,1.0,8.5,9.34,2.78,9.71,,0.97,-8.97,1.11,94.0
2026-06-11 14:04:55.525,1781175895.525,DWM1001C,42,LOS,punct_interior,5,26,4,1.965,9.0,1.0,8.52,9.4,2.78,9.76,,0.95,-8.97,1.09,94.0
2026-06-11 14:04:55.628,1781175895.628,DWM1001C,42,LOS,punct_interior,5,27,4,1.965,9.0,1.0,8.54,9.38,2.77,9.63,,1.0,-8.97,1.16,92.0
2026-06-11 14:04:55.732,1781175895.732,DWM1001C,42,LOS,punct_interior,5,28,4,1.965,9.0,1.0,8.53,9.36,2.74,9.71,,0.98,-8.96,0.9,94.0
2026-06-11 14:04:55.814,1781175895.815,DWM1001C,42,LOS,punct_interior,5,29,4,1.965,9.0,1.0,8.51,9.45,2.74,9.74,,0.91,-8.97,1.0,95.0
2026-06-11 14:04:55.916,1781175895.917,DWM1001C,42,LOS,punct_interior,5,30,4,1.965,9.0,1.0,8.48,9.44,2.77,9.7,,0.93,-8.95,0.78,94.0
2026-06-11 14:05:45.723,1781175945.724,DWM1001C,43,LOS,punct_interior,5,1,4,2.965,9.0,1.0,8.58,9.07,3.02,9.3,,2.25,-8.95,1.34,90.0
2026-06-11 14:05:45.826,1781175945.827,DWM1001C,43,LOS,punct_interior,5,2,4,2.965,9.0,1.0,8.57,9.02,3.05,9.27,,2.24,-8.97,1.47,90.0
2026-06-11 14:05:45.929,1781175945.929,DWM1001C,43,LOS,punct_interior,5,3,4,2.965,9.0,1.0,8.59,9.02,3.05,9.26,,2.24,-8.98,1.57,90.0
2026-06-11 14:05:46.031,1781175946.032,DWM1001C,43,LOS,punct_interior,5,4,4,2.965,9.0,1.0,8.69,9.03,3.03,9.31,,2.27,-8.95,1.18,90.0
2026-06-11 14:05:46.135,1781175946.135,DWM1001C,43,LOS,punct_interior,5,5,4,2.965,9.0,1.0,8.66,9.07,3.06,9.42,,2.26,-8.92,0.85,88.0
2026-06-11 14:05:46.237,1781175946.237,DWM1001C,43,LOS,punct_interior,5,6,4,2.965,9.0,1.0,8.62,9.01,3.04,9.45,,2.23,-8.89,0.66,90.0
2026-06-11 14:05:46.319,1781175946.319,DWM1001C,43,LOS,punct_interior,5,7,4,2.965,9.0,1.0,8.6,8.97,3.03,9.17,,2.26,-8.89,0.49,90.0
2026-06-11 14:05:46.421,1781175946.422,DWM1001C,43,LOS,punct_interior,5,8,4,2.965,9.0,1.0,8.63,8.99,3.05,9.26,,2.3,-8.89,0.37,91.0
2026-06-11 14:05:46.525,1781175946.525,DWM1001C,43,LOS,punct_interior,5,9,4,2.965,9.0,1.0,8.59,9.02,3.06,9.45,,2.27,-8.86,0.27,88.0
2026-06-11 14:05:46.627,1781175946.628,DWM1001C,43,LOS,punct_interior,5,10,4,2.965,9.0,1.0,8.64,8.93,3.06,9.61,,2.18,-8.82,0.31,94.0
2026-06-11 14:05:46.730,1781175946.731,DWM1001C,43,LOS,punct_interior,5,11,4,2.965,9.0,1.0,8.64,9.04,3.06,9.56,,2.13,-8.8,0.24,90.0
2026-06-11 14:05:46.833,1781175946.833,DWM1001C,43,LOS,punct_interior,5,12,4,2.965,9.0,1.0,8.65,9.01,3.06,9.17,,2.2,-8.87,0.65,91.0
2026-06-11 14:05:46.936,1781175946.936,DWM1001C,43,LOS,punct_interior,5,13,4,2.965,9.0,1.0,8.65,9.04,3.05,9.25,,2.22,-8.91,0.96,90.0
2026-06-11 14:05:47.038,1781175947.038,DWM1001C,43,LOS,punct_interior,5,14,4,2.965,9.0,1.0,8.56,9.05,3.08,9.29,,2.22,-8.93,1.21,88.0
2026-06-11 14:05:47.120,1781175947.121,DWM1001C,43,LOS,punct_interior,5,15,4,2.965,9.0,1.0,8.62,9.03,3.06,9.2,,2.25,-8.96,1.39,90.0
2026-06-11 14:05:47.223,1781175947.224,DWM1001C,43,LOS,punct_interior,5,16,4,2.965,9.0,1.0,8.65,9.08,3.05,9.21,,2.26,-8.99,1.54,88.0
2026-06-11 14:05:47.327,1781175947.327,DWM1001C,43,LOS,punct_interior,5,17,4,2.965,9.0,1.0,8.64,8.98,3.01,9.29,,2.3,-8.96,1.2,91.0
2026-06-11 14:05:47.430,1781175947.43,DWM1001C,43,LOS,punct_interior,5,18,4,2.965,9.0,1.0,8.58,9.01,3.03,9.28,,2.28,-8.97,1.34,92.0
2026-06-11 14:05:47.532,1781175947.533,DWM1001C,43,LOS,punct_interior,5,19,4,2.965,9.0,1.0,8.63,9.07,3.07,9.36,,2.27,-8.93,0.98,89.0
2026-06-11 14:05:47.635,1781175947.635,DWM1001C,43,LOS,punct_interior,5,20,4,2.965,9.0,1.0,8.67,9.0,3.08,9.34,,2.3,-8.91,0.73,90.0
2026-06-11 14:05:47.738,1781175947.739,DWM1001C,43,LOS,punct_interior,5,21,4,2.965,9.0,1.0,8.61,9.0,3.07,9.25,,2.31,-8.93,1.01,91.0
2026-06-11 14:05:47.821,1781175947.821,DWM1001C,43,LOS,punct_interior,5,22,4,2.965,9.0,1.0,8.66,8.94,3.07,9.36,,2.32,-8.9,0.79,91.0
2026-06-11 14:05:47.924,1781175947.924,DWM1001C,43,LOS,punct_interior,5,23,4,2.965,9.0,1.0,8.62,8.97,3.06,9.27,,2.35,-8.89,0.61,91.0
2026-06-11 14:05:48.026,1781175948.027,DWM1001C,43,LOS,punct_interior,5,24,4,2.965,9.0,1.0,8.64,9.0,3.06,9.24,,2.35,-8.92,0.92,91.0
2026-06-11 14:05:48.129,1781175948.13,DWM1001C,43,LOS,punct_interior,5,25,4,2.965,9.0,1.0,8.63,8.99,3.06,9.31,,2.36,-8.9,0.69,90.0
2026-06-11 14:05:48.232,1781175948.232,DWM1001C,43,LOS,punct_interior,5,26,4,2.965,9.0,1.0,8.63,8.97,3.06,9.31,,2.38,-8.88,0.53,91.0
2026-06-11 14:05:48.335,1781175948.336,DWM1001C,43,LOS,punct_interior,5,27,4,2.965,9.0,1.0,8.61,9.03,3.03,9.39,,2.34,-8.87,0.41,89.0
2026-06-11 14:05:48.438,1781175948.438,DWM1001C,43,LOS,punct_interior,5,28,4,2.965,9.0,1.0,8.63,8.98,3.09,9.31,,2.36,-8.86,0.3,90.0
2026-06-11 14:05:48.520,1781175948.52,DWM1001C,43,LOS,punct_interior,5,29,4,2.965,9.0,1.0,8.58,8.95,3.05,9.3,,2.37,-8.85,0.25,91.0
2026-06-11 14:05:48.623,1781175948.623,DWM1001C,43,LOS,punct_interior,5,30,4,2.965,9.0,1.0,8.62,9.0,3.06,9.31,,2.37,-8.85,0.19,90.0
2026-06-11 14:07:25.043,1781176045.043,DWM1001C,44,LOS,punct_interior,5,1,4,3.965,9.0,1.0,8.85,8.68,3.57,8.93,,3.58,-8.8,0.05,88.0
2026-06-11 14:07:25.147,1781176045.147,DWM1001C,44,LOS,punct_interior,5,2,4,3.965,9.0,1.0,8.84,8.61,3.6,9.01,,3.57,-8.79,0.08,87.0
2026-06-11 14:07:25.250,1781176045.251,DWM1001C,44,LOS,punct_interior,5,3,4,3.965,9.0,1.0,8.84,8.71,3.56,8.9,,3.58,-8.8,0.08,88.0
2026-06-11 14:07:25.355,1781176045.355,DWM1001C,44,LOS,punct_interior,5,4,4,3.965,9.0,1.0,8.96,8.7,3.55,8.93,,3.58,-8.81,0.08,87.0
2026-06-11 14:07:25.459,1781176045.459,DWM1001C,44,LOS,punct_interior,5,5,4,3.965,9.0,1.0,8.87,8.63,3.58,9.08,,3.54,-8.79,0.06,86.0
2026-06-11 14:07:25.543,1781176045.543,DWM1001C,44,LOS,punct_interior,5,6,4,3.965,9.0,1.0,8.84,8.7,3.55,9.06,,3.51,-8.78,0.02,85.0
2026-06-11 14:07:25.646,1781176045.647,DWM1001C,44,LOS,punct_interior,5,7,4,3.965,9.0,1.0,8.9,8.7,3.57,9.11,,3.47,-8.77,-0.03,84.0
2026-06-11 14:07:25.750,1781176045.751,DWM1001C,44,LOS,punct_interior,5,8,4,3.965,9.0,1.0,8.89,8.7,3.55,9.06,,3.45,-8.77,-0.05,85.0
2026-06-11 14:07:25.854,1781176045.855,DWM1001C,44,LOS,punct_interior,5,9,4,3.965,9.0,1.0,8.89,8.76,3.59,9.04,,3.45,-8.77,-0.11,84.0
2026-06-11 14:07:25.957,1781176045.957,DWM1001C,44,LOS,punct_interior,5,10,4,3.965,9.0,1.0,8.92,8.7,3.56,9.46,,3.29,-8.72,-0.19,84.0
2026-06-11 14:07:26.040,1781176046.04,DWM1001C,44,LOS,punct_interior,5,11,4,3.965,9.0,1.0,8.87,8.61,3.58,8.93,,3.38,-8.74,-0.05,89.0
2026-06-11 14:07:26.144,1781176046.145,DWM1001C,44,LOS,punct_interior,5,12,4,3.965,9.0,1.0,8.87,8.71,3.57,8.99,,3.41,-8.75,-0.05,86.0
2026-06-11 14:07:26.247,1781176046.248,DWM1001C,44,LOS,punct_interior,5,13,4,3.965,9.0,1.0,8.93,8.66,3.59,8.9,,3.48,-8.77,0.01,89.0
2026-06-11 14:07:26.352,1781176046.353,DWM1001C,44,LOS,punct_interior,5,14,4,3.965,9.0,1.0,8.87,8.7,3.59,10.12,,3.05,-8.64,-0.05,87.0
2026-06-11 14:07:26.456,1781176046.457,DWM1001C,44,LOS,punct_interior,5,15,4,3.965,9.0,1.0,8.87,8.69,3.58,8.85,,3.22,-8.7,0.02,89.0
2026-06-11 14:07:26.539,1781176046.539,DWM1001C,44,LOS,punct_interior,5,16,4,3.965,9.0,1.0,8.93,8.71,3.57,8.95,,3.3,-8.73,0.01,87.0
2026-06-11 14:07:26.642,1781176046.643,DWM1001C,44,LOS,punct_interior,5,17,4,3.965,9.0,1.0,8.91,8.71,3.59,9.02,,3.35,-8.74,-0.03,85.0
2026-06-11 14:07:26.745,1781176046.746,DWM1001C,44,LOS,punct_interior,5,18,4,3.965,9.0,1.0,8.91,8.66,3.59,8.98,,3.41,-8.75,-0.0,87.0
2026-06-11 14:07:26.849,1781176046.85,DWM1001C,44,LOS,punct_interior,5,19,4,3.965,9.0,1.0,8.87,8.66,3.57,9.01,,3.43,-8.76,0.01,86.0
2026-06-11 14:07:26.954,1781176046.954,DWM1001C,44,LOS,punct_interior,5,20,4,3.965,9.0,1.0,8.89,8.78,3.61,8.94,,3.47,-8.78,-0.05,85.0
2026-06-11 14:07:27.058,1781176047.059,DWM1001C,44,LOS,punct_interior,5,21,4,3.965,9.0,1.0,8.94,8.67,3.55,8.89,,3.51,-8.79,0.04,89.0
2026-06-11 14:07:27.142,1781176047.143,DWM1001C,44,LOS,punct_interior,5,22,4,3.965,9.0,1.0,8.91,8.69,3.58,8.95,,3.53,-8.8,0.04,87.0
2026-06-11 14:07:27.246,1781176047.246,DWM1001C,44,LOS,punct_interior,5,23,4,3.965,9.0,1.0,8.88,8.65,3.57,8.93,,3.55,-8.8,0.09,88.0
2026-06-11 14:07:27.350,1781176047.351,DWM1001C,44,LOS,punct_interior,5,24,4,3.965,9.0,1.0,8.89,8.72,3.6,9.0,,3.54,-8.8,0.03,85.0
2026-06-11 14:07:27.455,1781176047.455,DWM1001C,44,LOS,punct_interior,5,25,4,3.965,9.0,1.0,8.93,8.67,3.57,9.02,,3.53,-8.79,0.03,86.0
2026-06-11 14:07:27.559,1781176047.559,DWM1001C,44,LOS,punct_interior,5,26,4,3.965,9.0,1.0,8.93,8.7,3.55,9.01,,3.51,-8.79,0.02,86.0
2026-06-11 14:07:27.641,1781176047.642,DWM1001C,44,LOS,punct_interior,5,27,4,3.965,9.0,1.0,8.93,8.71,3.56,9.01,,3.5,-8.79,-0.01,85.0
2026-06-11 14:07:27.745,1781176047.745,DWM1001C,44,LOS,punct_interior,5,28,4,3.965,9.0,1.0,8.93,8.65,3.61,9.03,,3.51,-8.78,-0.01,86.0
2026-06-11 14:07:27.847,1781176047.847,DWM1001C,44,LOS,punct_interior,5,29,4,3.965,9.0,1.0,8.93,8.77,3.61,8.99,,3.51,-8.79,-0.07,85.0
2026-06-11 14:07:27.950,1781176047.95,DWM1001C,44,LOS,punct_interior,5,30,4,3.965,9.0,1.0,8.88,8.71,3.6,9.05,,3.5,-8.78,-0.1,85.0
2026-06-11 14:07:44.838,1781176064.839,DWM1001C,45,LOS,punct_interior,5,1,4,4.965,9.0,1.0,9.28,8.55,4.3,10.11,,2.74,-8.05,-1.36,79.0
2026-06-11 14:07:44.964,1781176064.965,DWM1001C,45,LOS,punct_interior,5,2,4,4.965,9.0,1.0,9.3,8.49,4.38,9.48,,3.01,-8.12,-1.28,80.0
2026-06-11 14:07:45.048,1781176065.048,DWM1001C,45,LOS,punct_interior,5,3,4,4.965,9.0,1.0,9.3,8.5,4.36,10.14,,2.94,-8.1,-1.29,79.0
2026-06-11 14:07:45.152,1781176065.152,DWM1001C,45,LOS,punct_interior,5,4,4,4.965,9.0,1.0,9.25,8.53,4.38,10.09,,2.91,-8.08,-1.31,78.0
2026-06-11 14:07:45.256,1781176065.256,DWM1001C,45,LOS,punct_interior,5,5,4,4.965,9.0,1.0,9.29,8.49,4.4,10.09,,2.9,-8.07,-1.33,78.0
2026-06-11 14:07:45.339,1781176065.339,DWM1001C,45,LOS,punct_interior,5,6,4,4.965,9.0,1.0,9.32,8.48,4.4,10.1,,2.89,-8.06,-1.33,78.0
2026-06-11 14:07:45.444,1781176065.444,DWM1001C,45,LOS,punct_interior,5,7,4,4.965,9.0,1.0,9.31,8.49,4.38,9.55,,3.1,-8.12,-1.27,79.0
2026-06-11 14:07:45.548,1781176065.548,DWM1001C,45,LOS,punct_interior,5,8,4,4.965,9.0,1.0,9.28,8.47,4.3,10.13,,3.0,-8.09,-1.26,79.0
2026-06-11 14:07:45.651,1781176065.652,DWM1001C,45,LOS,punct_interior,5,9,4,4.965,9.0,1.0,9.3,8.59,4.34,9.67,,3.1,-8.14,-1.26,75.0
2026-06-11 14:07:45.755,1781176065.755,DWM1001C,45,LOS,punct_interior,5,10,4,4.965,9.0,1.0,9.35,8.53,4.3,9.6,,3.21,-8.18,-1.23,77.0
2026-06-11 14:07:45.857,1781176065.858,DWM1001C,45,LOS,punct_interior,5,11,4,4.965,9.0,1.0,9.34,8.57,4.32,8.95,,3.51,-8.31,-1.04,90.0
2026-06-11 14:07:45.940,1781176065.941,DWM1001C,45,LOS,punct_interior,5,12,4,4.965,9.0,1.0,9.3,8.54,4.3,9.58,,3.52,-8.31,-1.06,77.0
2026-06-11 14:07:46.043,1781176066.043,DWM1001C,45,LOS,punct_interior,5,13,4,4.965,9.0,1.0,9.34,8.5,4.32,9.53,,3.55,-8.31,-1.05,79.0
2026-06-11 14:07:46.147,1781176066.148,DWM1001C,45,LOS,punct_interior,5,14,4,4.965,9.0,1.0,9.28,8.53,4.38,8.99,,3.78,-8.39,-0.91,90.0
2026-06-11 14:07:46.252,1781176066.252,DWM1001C,45,LOS,punct_interior,5,15,4,4.965,9.0,1.0,9.3,8.55,4.3,9.0,,3.93,-8.45,-0.8,89.0
2026-06-11 14:07:46.354,1781176066.355,DWM1001C,45,LOS,punct_interior,5,16,4,4.965,9.0,1.0,9.33,8.49,4.33,8.81,,4.11,-8.52,-0.58,94.0
2026-06-11 14:07:46.456,1781176066.457,DWM1001C,45,LOS,punct_interior,5,17,4,4.965,9.0,1.0,9.3,8.53,4.3,8.92,,4.2,-8.56,-0.5,91.0
2026-06-11 14:07:46.539,1781176066.539,DWM1001C,45,LOS,punct_interior,5,18,4,4.965,9.0,1.0,9.27,8.54,4.34,9.01,,4.25,-8.57,-0.51,89.0
2026-06-11 14:07:46.642,1781176066.643,DWM1001C,45,LOS,punct_interior,5,19,4,4.965,9.0,1.0,9.29,8.53,4.3,9.04,,4.27,-8.58,-0.5,89.0
2026-06-11 14:07:46.745,1781176066.746,DWM1001C,45,LOS,punct_interior,5,20,4,4.965,9.0,1.0,9.25,8.51,4.33,9.51,,4.13,-8.52,-0.64,79.0
2026-06-11 14:07:46.849,1781176066.85,DWM1001C,45,LOS,punct_interior,5,21,4,4.965,9.0,1.0,9.28,8.56,4.37,10.06,,3.8,-8.41,-0.83,78.0
2026-06-11 14:07:46.931,1781176066.932,DWM1001C,45,LOS,punct_interior,5,22,3,4.965,9.0,1.0,,8.57,4.32,8.9,,3.98,-8.48,-0.72,91.0
2026-06-11 14:07:47.056,1781176067.057,DWM1001C,45,LOS,punct_interior,5,23,4,4.965,9.0,1.0,9.25,8.59,4.34,9.58,,3.87,-8.45,-0.84,76.0
2026-06-11 14:07:47.139,1781176067.14,DWM1001C,45,LOS,punct_interior,5,24,4,4.965,9.0,1.0,9.27,8.49,4.29,8.86,,4.04,-8.51,-0.64,93.0
2026-06-11 14:07:47.264,1781176067.265,DWM1001C,45,LOS,punct_interior,5,25,4,4.965,9.0,1.0,9.32,8.54,4.36,8.93,,4.16,-8.55,-0.58,91.0
2026-06-11 14:07:47.341,1781176067.342,DWM1001C,45,LOS,punct_interior,5,26,4,4.965,9.0,1.0,9.29,8.6,4.31,8.79,,4.27,-8.6,-0.48,92.0
2026-06-11 14:07:47.459,1781176067.459,DWM1001C,45,LOS,punct_interior,5,27,4,4.965,9.0,1.0,9.29,8.61,4.32,8.9,,4.33,-8.63,-0.48,90.0
2026-06-11 14:07:47.564,1781176067.564,DWM1001C,45,LOS,punct_interior,5,28,4,4.965,9.0,1.0,9.28,8.57,4.35,9.03,,4.34,-8.63,-0.51,88.0
2026-06-11 14:07:47.648,1781176067.649,DWM1001C,45,LOS,punct_interior,5,29,4,4.965,9.0,1.0,9.22,8.53,4.32,8.94,,4.37,-8.64,-0.47,91.0
2026-06-11 14:07:47.753,1781176067.753,DWM1001C,45,LOS,punct_interior,5,30,4,4.965,9.0,1.0,9.26,8.51,4.36,8.93,,4.41,-8.64,-0.42,91.0
2026-06-11 14:08:11.044,1781176091.044,DWM1001C,47,LOS,punct_interior,5,1,4,1.965,10.0,1.0,9.77,10.19,1.77,8.74,,1.14,-10.05,1.19,91.0
2026-06-11 14:08:11.147,1781176091.148,DWM1001C,47,LOS,punct_interior,5,2,4,1.965,10.0,1.0,9.66,10.25,1.78,8.78,,1.13,-10.04,1.19,93.0
2026-06-11 14:08:11.250,1781176091.251,DWM1001C,47,LOS,punct_interior,5,3,4,1.965,10.0,1.0,9.68,10.27,1.74,8.8,,1.12,-10.02,1.12,95.0
2026-06-11 14:08:11.353,1781176091.354,DWM1001C,47,LOS,punct_interior,5,4,4,1.965,10.0,1.0,9.61,10.31,1.76,8.84,,1.08,-10.02,1.07,95.0
2026-06-11 14:08:11.457,1781176091.457,DWM1001C,47,LOS,punct_interior,5,5,4,1.965,10.0,1.0,9.69,10.25,1.76,8.8,,1.09,-10.0,1.06,94.0
2026-06-11 14:08:11.559,1781176091.56,DWM1001C,47,LOS,punct_interior,5,6,4,1.965,10.0,1.0,9.62,10.19,1.76,8.84,,1.04,-9.99,1.04,95.0
2026-06-11 14:08:11.641,1781176091.641,DWM1001C,47,LOS,punct_interior,5,7,4,1.965,10.0,1.0,9.71,10.19,1.78,8.77,,1.08,-9.98,1.06,92.0
2026-06-11 14:08:11.743,1781176091.744,DWM1001C,47,LOS,punct_interior,5,8,4,1.965,10.0,1.0,9.68,10.2,1.78,8.78,,1.11,-9.97,1.07,92.0
2026-06-11 14:08:11.846,1781176091.847,DWM1001C,47,LOS,punct_interior,5,9,4,1.965,10.0,1.0,9.66,10.26,1.78,8.77,,1.11,-9.98,1.1,92.0
2026-06-11 14:08:11.949,1781176091.95,DWM1001C,47,LOS,punct_interior,5,10,4,1.965,10.0,1.0,9.63,10.29,1.72,8.7,,1.12,-10.0,1.13,92.0
2026-06-11 14:08:12.051,1781176092.052,DWM1001C,47,LOS,punct_interior,5,11,4,1.965,10.0,1.0,9.64,10.26,1.76,8.7,,1.2,-10.0,1.08,89.0
2026-06-11 14:08:12.154,1781176092.154,DWM1001C,47,LOS,punct_interior,5,12,4,1.965,10.0,1.0,9.71,10.22,1.75,8.72,,1.21,-10.0,1.11,90.0
2026-06-11 14:08:12.257,1781176092.257,DWM1001C,47,LOS,punct_interior,5,13,4,1.965,10.0,1.0,9.67,10.25,1.78,8.82,,1.18,-9.99,1.09,94.0
2026-06-11 14:08:12.359,1781176092.36,DWM1001C,47,LOS,punct_interior,5,14,4,1.965,10.0,1.0,9.68,10.23,1.75,8.75,,1.18,-9.99,1.09,92.0
2026-06-11 14:08:12.462,1781176092.463,DWM1001C,47,LOS,punct_interior,5,15,4,1.965,10.0,1.0,9.65,10.25,1.78,8.78,,1.16,-9.99,1.11,93.0
2026-06-11 14:08:12.545,1781176092.546,DWM1001C,47,LOS,punct_interior,5,16,4,1.965,10.0,1.0,9.69,10.22,1.77,8.73,,1.17,-9.99,1.14,91.0
2026-06-11 14:08:12.648,1781176092.649,DWM1001C,47,LOS,punct_interior,5,17,4,1.965,10.0,1.0,9.63,10.2,1.76,8.75,,1.18,-9.99,1.13,92.0
2026-06-11 14:08:12.751,1781176092.751,DWM1001C,47,LOS,punct_interior,5,18,4,1.965,10.0,1.0,9.66,10.21,1.73,8.84,,1.05,-9.98,1.11,95.0
2026-06-11 14:08:12.853,1781176092.854,DWM1001C,47,LOS,punct_interior,5,19,4,1.965,10.0,1.0,9.63,10.3,1.74,8.8,,1.04,-9.99,1.09,95.0
2026-06-11 14:08:12.957,1781176092.957,DWM1001C,47,LOS,punct_interior,5,20,4,1.965,10.0,1.0,9.6,10.2,1.74,8.78,,1.03,-9.99,1.12,94.0
2026-06-11 14:08:13.040,1781176093.041,DWM1001C,47,LOS,punct_interior,5,21,4,1.965,10.0,1.0,9.68,10.25,1.76,8.8,,1.05,-9.99,1.09,94.0
2026-06-11 14:08:13.143,1781176093.144,DWM1001C,47,LOS,punct_interior,5,22,4,1.965,10.0,1.0,9.67,10.28,1.79,8.78,,1.12,-9.98,1.04,91.0
2026-06-11 14:08:13.245,1781176093.246,DWM1001C,47,LOS,punct_interior,5,23,4,1.965,10.0,1.0,9.75,10.28,1.76,8.84,,1.1,-9.98,0.99,95.0
2026-06-11 14:08:13.348,1781176093.349,DWM1001C,47,LOS,punct_interior,5,24,4,1.965,10.0,1.0,9.71,10.31,1.78,8.83,,1.08,-9.99,1.03,94.0
2026-06-11 14:08:13.451,1781176093.452,DWM1001C,47,LOS,punct_interior,5,25,4,1.965,10.0,1.0,9.68,10.22,1.77,8.79,,1.09,-9.98,1.02,93.0
2026-06-11 14:08:13.554,1781176093.554,DWM1001C,47,LOS,punct_interior,5,26,4,1.965,10.0,1.0,9.69,10.17,1.78,8.84,,1.05,-9.97,1.05,95.0
2026-06-11 14:08:13.657,1781176093.658,DWM1001C,47,LOS,punct_interior,5,27,4,1.965,10.0,1.0,9.65,10.28,1.75,8.81,,1.05,-9.97,1.04,95.0
2026-06-11 14:08:13.761,1781176093.762,DWM1001C,47,LOS,punct_interior,5,28,4,1.965,10.0,1.0,9.6,10.13,1.76,8.7,,1.12,-9.96,1.04,90.0
2026-06-11 14:08:13.844,1781176093.844,DWM1001C,47,LOS,punct_interior,5,29,4,1.965,10.0,1.0,9.6,10.33,1.77,8.74,,1.12,-9.99,1.12,91.0
2026-06-11 14:08:13.947,1781176093.947,DWM1001C,47,LOS,punct_interior,5,30,4,1.965,10.0,1.0,9.68,10.18,1.74,8.71,,1.16,-9.98,1.11,91.0
2026-06-11 14:09:18.264,1781176158.265,DWM1001C,48,LOS,punct_interior,5,1,4,2.965,10.0,1.0,9.6,9.76,2.11,8.41,,2.26,-9.86,1.25,89.0
2026-06-11 14:09:18.369,1781176158.37,DWM1001C,48,LOS,punct_interior,5,2,4,2.965,10.0,1.0,9.61,9.66,2.13,8.42,,2.27,-9.84,1.31,91.0
2026-06-11 14:09:18.473,1781176158.474,DWM1001C,48,LOS,punct_interior,5,3,4,2.965,10.0,1.0,9.53,9.82,2.04,8.37,,2.34,-9.85,1.01,89.0
2026-06-11 14:09:18.559,1781176158.559,DWM1001C,48,LOS,punct_interior,5,4,4,2.965,10.0,1.0,9.52,9.8,2.1,8.4,,2.39,-9.85,0.76,86.0
2026-06-11 14:09:18.664,1781176158.665,DWM1001C,48,LOS,punct_interior,5,5,4,2.965,10.0,1.0,9.56,9.86,2.11,8.37,,2.41,-9.85,0.64,91.0
2026-06-11 14:09:18.768,1781176158.768,DWM1001C,48,LOS,punct_interior,5,6,4,2.965,10.0,1.0,9.59,9.78,2.14,8.41,,2.4,-9.84,0.49,89.0
2026-06-11 14:09:18.871,1781176158.872,DWM1001C,48,LOS,punct_interior,5,7,4,2.965,10.0,1.0,9.58,9.91,2.1,8.39,,2.4,-9.84,0.41,89.0
2026-06-11 14:09:18.955,1781176158.955,DWM1001C,48,LOS,punct_interior,5,8,4,2.965,10.0,1.0,9.54,9.79,2.14,8.37,,2.42,-9.83,0.38,91.0
2026-06-11 14:09:19.059,1781176159.059,DWM1001C,48,LOS,punct_interior,5,9,4,2.965,10.0,1.0,9.62,9.71,2.08,8.38,,2.38,-9.83,0.66,91.0
2026-06-11 14:09:19.163,1781176159.163,DWM1001C,48,LOS,punct_interior,5,10,4,2.965,10.0,1.0,9.67,9.75,2.06,8.42,,2.33,-9.84,0.88,89.0
2026-06-11 14:09:19.266,1781176159.267,DWM1001C,48,LOS,punct_interior,5,11,4,2.965,10.0,1.0,9.62,9.76,2.11,8.44,,2.28,-9.84,1.08,89.0
2026-06-11 14:09:19.370,1781176159.371,DWM1001C,48,LOS,punct_interior,5,12,4,2.965,10.0,1.0,9.65,9.79,2.08,8.45,,2.23,-9.84,1.23,88.0
2026-06-11 14:09:19.474,1781176159.475,DWM1001C,48,LOS,punct_interior,5,13,4,2.965,10.0,1.0,9.61,9.76,2.13,8.4,,2.23,-9.85,1.35,88.0
2026-06-11 14:09:19.578,1781176159.579,DWM1001C,48,LOS,punct_interior,5,14,4,2.965,10.0,1.0,9.52,9.73,2.14,8.41,,2.23,-9.85,1.43,89.0
2026-06-11 14:09:19.662,1781176159.663,DWM1001C,48,LOS,punct_interior,5,15,4,2.965,10.0,1.0,9.59,9.8,2.11,8.46,,2.24,-9.84,1.37,91.0
2026-06-11 14:09:19.767,1781176159.767,DWM1001C,48,LOS,punct_interior,5,16,4,2.965,10.0,1.0,9.56,9.79,2.14,8.45,,2.27,-9.83,1.05,89.0
2026-06-11 14:09:19.869,1781176159.87,DWM1001C,48,LOS,punct_interior,5,17,4,2.965,10.0,1.0,9.59,9.83,2.1,8.48,,2.26,-9.83,0.79,87.0
2026-06-11 14:09:19.951,1781176159.952,DWM1001C,48,LOS,punct_interior,5,18,4,2.965,10.0,1.0,9.59,9.77,2.09,8.5,,2.2,-9.83,1.0,88.0
2026-06-11 14:09:20.054,1781176160.055,DWM1001C,48,LOS,punct_interior,5,19,4,2.965,10.0,1.0,9.63,9.74,2.11,8.53,,2.16,-9.82,1.16,88.0
2026-06-11 14:09:20.158,1781176160.158,DWM1001C,48,LOS,punct_interior,5,20,4,2.965,10.0,1.0,9.6,9.87,2.03,8.47,,2.17,-9.83,0.89,87.0
2026-06-11 14:09:20.260,1781176160.26,DWM1001C,48,LOS,punct_interior,5,21,4,2.965,10.0,1.0,9.58,9.78,2.13,8.49,,2.2,-9.82,0.97,91.0
2026-06-11 14:09:20.363,1781176160.363,DWM1001C,48,LOS,punct_interior,5,22,4,2.965,10.0,1.0,9.61,9.79,2.13,8.54,,2.19,-9.81,1.05,92.0
2026-06-11 14:09:20.466,1781176160.467,DWM1001C,48,LOS,punct_interior,5,23,4,2.965,10.0,1.0,9.62,9.85,2.13,8.52,,2.19,-9.82,0.75,84.0
2026-06-11 14:09:20.570,1781176160.57,DWM1001C,48,LOS,punct_interior,5,24,4,2.965,10.0,1.0,9.63,9.82,2.11,8.53,,2.18,-9.81,0.89,91.0
2026-06-11 14:09:20.654,1781176160.654,DWM1001C,48,LOS,punct_interior,5,25,4,2.965,10.0,1.0,9.57,9.81,2.08,8.57,,2.17,-9.8,0.94,95.0
2026-06-11 14:09:20.761,1781176160.761,DWM1001C,48,LOS,punct_interior,5,26,4,2.965,10.0,1.0,9.6,9.78,2.08,8.56,,2.11,-9.8,1.11,88.0
2026-06-11 14:09:20.865,1781176160.865,DWM1001C,48,LOS,punct_interior,5,27,4,2.965,10.0,1.0,9.63,9.73,2.08,8.47,,2.12,-9.8,1.22,89.0
2026-06-11 14:09:20.969,1781176160.969,DWM1001C,48,LOS,punct_interior,5,28,4,2.965,10.0,1.0,9.53,9.83,2.07,8.5,,2.14,-9.8,0.96,88.0
2026-06-11 14:09:21.053,1781176161.053,DWM1001C,48,LOS,punct_interior,5,29,4,2.965,10.0,1.0,9.6,9.86,2.13,8.6,,2.12,-9.81,0.68,82.0
2026-06-11 14:09:21.178,1781176161.179,DWM1001C,48,LOS,punct_interior,5,30,4,2.965,10.0,1.0,9.54,9.75,2.08,8.55,,2.08,-9.8,0.9,90.0
2026-06-11 14:09:37.063,1781176177.063,DWM1001C,49,LOS,punct_interior,5,1,4,3.965,10.0,1.0,10.08,9.59,2.85,8.2,,3.44,-9.66,0.01,84.0
2026-06-11 14:09:37.166,1781176177.167,DWM1001C,49,LOS,punct_interior,5,2,4,3.965,10.0,1.0,9.98,9.59,2.83,8.2,,3.43,-9.66,-0.03,84.0
2026-06-11 14:09:37.270,1781176177.27,DWM1001C,49,LOS,punct_interior,5,3,4,3.965,10.0,1.0,10.03,9.54,2.8,8.2,,3.42,-9.66,-0.0,85.0
2026-06-11 14:09:37.372,1781176177.373,DWM1001C,49,LOS,punct_interior,5,4,4,3.965,10.0,1.0,10.03,9.6,2.81,8.16,,3.41,-9.67,-0.02,84.0
2026-06-11 14:09:37.455,1781176177.456,DWM1001C,49,LOS,punct_interior,5,5,4,3.965,10.0,1.0,10.02,9.53,2.81,8.16,,3.42,-9.67,0.02,86.0
2026-06-11 14:09:37.579,1781176177.579,DWM1001C,49,LOS,punct_interior,5,6,4,3.965,10.0,1.0,10.03,9.56,2.87,8.19,,3.42,-9.67,-0.01,85.0
2026-06-11 14:09:37.683,1781176177.683,DWM1001C,49,LOS,punct_interior,5,7,4,3.965,10.0,1.0,10.08,9.57,2.87,8.23,,3.42,-9.66,-0.05,84.0
2026-06-11 14:09:37.766,1781176177.766,DWM1001C,49,LOS,punct_interior,5,8,4,3.965,10.0,1.0,10.11,9.52,2.88,8.18,,3.43,-9.66,-0.03,86.0
2026-06-11 14:09:37.870,1781176177.871,DWM1001C,49,LOS,punct_interior,5,9,4,3.965,10.0,1.0,10.03,9.53,2.81,8.16,,3.43,-9.66,0.01,86.0
2026-06-11 14:09:37.954,1781176177.955,DWM1001C,49,LOS,punct_interior,5,10,4,3.965,10.0,1.0,10.08,9.52,2.85,8.3,,3.41,-9.64,-0.03,83.0
2026-06-11 14:09:38.077,1781176178.078,DWM1001C,49,LOS,punct_interior,5,11,4,3.965,10.0,1.0,10.03,9.56,2.86,8.21,,3.41,-9.65,-0.04,84.0
2026-06-11 14:09:38.180,1781176178.181,DWM1001C,49,LOS,punct_interior,5,12,4,3.965,10.0,1.0,10.06,9.6,2.88,8.19,,3.41,-9.65,-0.09,84.0
2026-06-11 14:09:38.264,1781176178.264,DWM1001C,49,LOS,punct_interior,5,13,4,3.965,10.0,1.0,10.06,9.49,2.83,8.24,,3.41,-9.64,-0.05,85.0
2026-06-11 14:09:38.368,1781176178.369,DWM1001C,49,LOS,punct_interior,5,14,4,3.965,10.0,1.0,10.01,9.54,2.85,8.22,,3.41,-9.64,-0.05,84.0
2026-06-11 14:09:38.472,1781176178.473,DWM1001C,49,LOS,punct_interior,5,15,4,3.965,10.0,1.0,10.03,9.49,2.84,8.24,,3.4,-9.63,-0.03,85.0
2026-06-11 14:09:38.577,1781176178.577,DWM1001C,49,LOS,punct_interior,5,16,4,3.965,10.0,1.0,10.03,9.59,2.89,8.18,,3.41,-9.64,-0.07,84.0
2026-06-11 14:09:38.680,1781176178.681,DWM1001C,49,LOS,punct_interior,5,17,4,3.965,10.0,1.0,10.09,9.53,2.85,8.23,,3.41,-9.64,-0.06,85.0
2026-06-11 14:09:38.784,1781176178.785,DWM1001C,49,LOS,punct_interior,5,18,4,3.965,10.0,1.0,10.05,9.5,2.89,8.19,,3.43,-9.64,-0.04,86.0
2026-06-11 14:09:38.867,1781176178.868,DWM1001C,49,LOS,punct_interior,5,19,4,3.965,10.0,1.0,10.1,9.51,2.88,8.18,,3.44,-9.64,-0.02,86.0
2026-06-11 14:09:38.971,1781176178.971,DWM1001C,49,LOS,punct_interior,5,20,4,3.965,10.0,1.0,10.09,9.52,2.82,8.17,,3.44,-9.65,0.02,86.0
2026-06-11 14:09:39.054,1781176179.054,DWM1001C,49,LOS,punct_interior,5,21,4,3.965,10.0,1.0,10.04,9.58,2.89,8.25,,3.43,-9.64,-0.05,83.0
2026-06-11 14:09:39.178,1781176179.178,DWM1001C,49,LOS,punct_interior,5,22,4,3.965,10.0,1.0,10.06,9.57,2.83,8.26,,3.4,-9.64,-0.08,83.0
2026-06-11 14:09:39.281,1781176179.282,DWM1001C,49,LOS,punct_interior,5,23,4,3.965,10.0,1.0,10.05,9.53,2.81,8.2,,3.4,-9.64,-0.04,85.0
2026-06-11 14:09:39.365,1781176179.365,DWM1001C,49,LOS,punct_interior,5,24,4,3.965,10.0,1.0,10.09,9.48,2.85,8.21,,3.41,-9.64,0.0,86.0
2026-06-11 14:09:39.469,1781176179.47,DWM1001C,49,LOS,punct_interior,5,25,4,3.965,10.0,1.0,9.98,9.6,2.86,8.18,,3.41,-9.65,-0.04,84.0
2026-06-11 14:09:39.572,1781176179.573,DWM1001C,49,LOS,punct_interior,5,26,4,3.965,10.0,1.0,10.07,9.58,2.82,8.23,,3.4,-9.65,-0.06,84.0
2026-06-11 14:09:39.655,1781176179.656,DWM1001C,49,LOS,punct_interior,5,27,4,3.965,10.0,1.0,10.02,9.56,2.82,8.2,,3.39,-9.65,-0.05,84.0
2026-06-11 14:09:39.759,1781176179.76,DWM1001C,49,LOS,punct_interior,5,28,4,3.965,10.0,1.0,10.01,9.54,2.86,8.23,,3.4,-9.65,-0.06,84.0
2026-06-11 14:09:39.863,1781176179.864,DWM1001C,49,LOS,punct_interior,5,29,4,3.965,10.0,1.0,10.07,9.63,2.87,8.17,,3.4,-9.66,-0.1,84.0
2026-06-11 14:09:39.968,1781176179.968,DWM1001C,49,LOS,punct_interior,5,30,4,3.965,10.0,1.0,10.07,9.51,2.86,8.21,,3.41,-9.65,-0.07,85.0
2026-06-11 14:10:00.471,1781176200.472,DWM1001C,50,LOS,punct_interior,5,1,4,4.965,10.0,1.0,10.01,9.56,3.87,7.76,,4.54,-9.66,-0.61,94.0
2026-06-11 14:10:00.576,1781176200.576,DWM1001C,50,LOS,punct_interior,5,2,4,4.965,10.0,1.0,10.04,9.54,3.83,7.93,,4.56,-9.66,-0.57,91.0
2026-06-11 14:10:00.680,1781176200.681,DWM1001C,50,LOS,punct_interior,5,3,4,4.965,10.0,1.0,10.05,9.54,3.84,7.93,,4.58,-9.67,-0.55,91.0
2026-06-11 14:10:00.764,1781176200.764,DWM1001C,50,LOS,punct_interior,5,4,4,4.965,10.0,1.0,9.99,9.56,3.85,8.17,,4.53,-9.64,-0.64,85.0
2026-06-11 14:10:00.868,1781176200.868,DWM1001C,50,LOS,punct_interior,5,5,4,4.965,10.0,1.0,10.04,9.58,3.84,8.03,,4.53,-9.64,-0.66,88.0
2026-06-11 14:10:00.972,1781176200.972,DWM1001C,50,LOS,punct_interior,5,6,4,4.965,10.0,1.0,9.96,9.62,3.86,8.23,,4.46,-9.62,-0.78,83.0
2026-06-11 14:10:01.075,1781176201.076,DWM1001C,50,LOS,punct_interior,5,7,4,4.965,10.0,1.0,10.08,9.52,3.88,8.25,,4.43,-9.59,-0.83,84.0
2026-06-11 14:10:01.159,1781176201.16,DWM1001C,50,LOS,punct_interior,5,8,4,4.965,10.0,1.0,10.1,9.55,3.86,8.27,,4.39,-9.57,-0.89,83.0
2026-06-11 14:10:01.264,1781176201.264,DWM1001C,50,LOS,punct_interior,5,9,4,4.965,10.0,1.0,9.97,9.62,3.86,8.06,,4.4,-9.59,-0.88,86.0
2026-06-11 14:10:01.368,1781176201.368,DWM1001C,50,LOS,punct_interior,5,10,4,4.965,10.0,1.0,10.1,9.53,3.83,8.0,,4.44,-9.6,-0.81,89.0
2026-06-11 14:10:01.471,1781176201.472,DWM1001C,50,LOS,punct_interior,5,11,4,4.965,10.0,1.0,9.99,9.62,3.82,8.02,,4.45,-9.62,-0.8,87.0
2026-06-11 14:10:01.576,1781176201.577,DWM1001C,50,LOS,punct_interior,5,12,4,4.965,10.0,1.0,10.12,9.58,3.82,8.03,,4.46,-9.63,-0.78,88.0
2026-06-11 14:10:01.660,1781176201.661,DWM1001C,50,LOS,punct_interior,5,13,4,4.965,10.0,1.0,10.0,9.59,3.84,8.21,,4.42,-9.61,-0.84,84.0
2026-06-11 14:10:01.764,1781176201.765,DWM1001C,50,LOS,punct_interior,5,14,4,4.965,10.0,1.0,9.98,9.56,3.84,8.31,,4.36,-9.58,-0.91,82.0
2026-06-11 14:10:01.868,1781176201.869,DWM1001C,50,LOS,punct_interior,5,15,4,4.965,10.0,1.0,10.02,9.54,3.82,7.88,,4.44,-9.61,-0.76,92.0
2026-06-11 14:10:01.971,1781176201.972,DWM1001C,50,LOS,punct_interior,5,16,4,4.965,10.0,1.0,10.0,9.53,3.83,7.77,,4.58,-9.68,-0.59,94.0
2026-06-11 14:10:02.074,1781176202.075,DWM1001C,50,LOS,punct_interior,5,17,4,4.965,10.0,1.0,9.98,9.58,3.85,7.7,,4.62,-9.75,0.09,95.0
2026-06-11 14:10:02.156,1781176202.156,DWM1001C,50,LOS,punct_interior,5,18,4,4.965,10.0,1.0,10.03,9.59,3.86,8.04,,4.59,-9.72,-0.13,87.0
2026-06-11 14:10:02.258,1781176202.258,DWM1001C,50,LOS,punct_interior,5,19,4,4.965,10.0,1.0,10.02,9.55,3.83,8.21,,4.52,-9.68,-0.34,84.0
2026-06-11 14:10:02.361,1781176202.362,DWM1001C,50,LOS,punct_interior,5,20,4,4.965,10.0,1.0,10.0,9.6,3.85,8.05,,4.51,-9.67,-0.46,87.0
2026-06-11 14:10:02.465,1781176202.465,DWM1001C,50,LOS,punct_interior,5,21,4,4.965,10.0,1.0,10.0,9.59,3.85,8.02,,4.51,-9.66,-0.53,88.0
2026-06-11 14:10:02.568,1781176202.568,DWM1001C,50,LOS,punct_interior,5,22,4,4.965,10.0,1.0,10.05,9.58,3.76,8.26,,4.42,-9.63,-0.65,83.0
2026-06-11 14:10:02.671,1781176202.671,DWM1001C,50,LOS,punct_interior,5,23,4,4.965,10.0,1.0,10.07,9.58,3.78,8.21,,4.37,-9.61,-0.73,84.0
2026-06-11 14:10:02.773,1781176202.774,DWM1001C,50,LOS,punct_interior,5,24,4,4.965,10.0,1.0,10.02,9.6,3.81,8.42,,4.27,-9.58,-0.87,79.0
2026-06-11 14:10:02.856,1781176202.856,DWM1001C,50,LOS,punct_interior,5,25,3,4.965,10.0,1.0,10.06,9.61,3.78,,,4.44,-9.68,-0.36,95.0
2026-06-11 14:10:02.959,1781176202.96,DWM1001C,50,LOS,punct_interior,5,26,4,4.965,10.0,1.0,10.03,9.6,3.79,8.34,,4.34,-9.64,-0.57,81.0
2026-06-11 14:10:03.062,1781176203.063,DWM1001C,50,LOS,punct_interior,5,27,4,4.965,10.0,1.0,10.02,9.52,3.83,8.3,,4.31,-9.6,-0.68,83.0
2026-06-11 14:10:03.166,1781176203.166,DWM1001C,50,LOS,punct_interior,5,28,4,4.965,10.0,1.0,9.99,9.63,3.85,8.34,,4.26,-9.58,-0.82,80.0
2026-06-11 14:10:03.268,1781176203.269,DWM1001C,50,LOS,punct_interior,5,29,4,4.965,10.0,1.0,10.06,9.55,3.79,8.28,,4.23,-9.56,-0.88,83.0
2026-06-11 14:10:03.371,1781176203.371,DWM1001C,50,LOS,punct_interior,5,30,4,4.965,10.0,1.0,10.05,9.56,3.82,8.29,,4.22,-9.55,-0.93,83.0
2026-06-11 14:14:13.005,1781176453.006,DWM1001C,52,LOS,punct_interior,5,1,4,1.965,11.0,1.0,10.86,,0.77,7.88,10.87,1.24,-11.18,0.99,70.0
2026-06-11 14:14:13.107,1781176453.108,DWM1001C,52,LOS,punct_interior,5,2,4,1.965,11.0,1.0,10.67,,0.78,7.92,10.85,1.28,-11.14,0.96,88.0
2026-06-11 14:14:13.210,1781176453.21,DWM1001C,52,LOS,punct_interior,5,3,4,1.965,11.0,1.0,10.87,,0.8,7.95,10.95,1.25,-11.16,1.0,76.0
2026-06-11 14:14:13.313,1781176453.313,DWM1001C,52,LOS,punct_interior,5,4,4,1.965,11.0,1.0,10.83,,0.78,7.95,10.89,1.26,-11.17,1.02,72.0
2026-06-11 14:14:13.395,1781176453.396,DWM1001C,52,LOS,punct_interior,5,5,4,1.965,11.0,1.0,10.82,,0.82,7.9,10.9,1.26,-11.15,0.83,72.0
2026-06-11 14:14:13.519,1781176453.52,DWM1001C,52,LOS,punct_interior,5,6,4,1.965,11.0,1.0,10.81,,0.81,7.93,10.88,1.27,-11.16,0.91,69.0
2026-06-11 14:14:13.601,1781176453.602,DWM1001C,52,LOS,punct_interior,5,7,4,1.965,11.0,1.0,10.87,,0.85,7.94,10.98,1.24,-11.17,0.98,76.0
2026-06-11 14:14:13.705,1781176453.706,DWM1001C,52,LOS,punct_interior,5,8,4,1.965,11.0,1.0,10.87,,0.8,7.85,10.86,1.26,-11.16,0.78,67.0
2026-06-11 14:14:13.809,1781176453.81,DWM1001C,52,LOS,punct_interior,5,9,4,1.965,11.0,1.0,10.83,,0.8,7.95,10.97,1.24,-11.17,0.85,79.0
2026-06-11 14:14:13.913,1781176453.913,DWM1001C,52,LOS,punct_interior,5,10,4,1.965,11.0,1.0,10.88,,0.74,7.91,10.9,1.24,-11.18,0.9,75.0
2026-06-11 14:14:14.016,1781176454.016,DWM1001C,52,LOS,punct_interior,5,11,4,1.965,11.0,1.0,10.9,,0.82,7.95,10.89,1.23,-11.2,0.98,68.0
2026-06-11 14:14:14.098,1781176454.099,DWM1001C,52,LOS,punct_interior,5,12,4,1.965,11.0,1.0,10.81,,0.76,7.91,10.87,1.25,-11.2,1.0,74.0
2026-06-11 14:14:14.222,1781176454.223,DWM1001C,52,LOS,punct_interior,5,13,4,1.965,11.0,1.0,10.87,,0.79,7.89,10.86,1.26,-11.21,1.05,66.0
2026-06-11 14:14:14.305,1781176454.306,DWM1001C,52,LOS,punct_interior,5,14,4,1.965,11.0,1.0,10.9,,0.78,7.83,10.86,1.27,-11.2,0.84,71.0
2026-06-11 14:14:14.409,1781176454.41,DWM1001C,52,LOS,punct_interior,5,15,4,1.965,11.0,1.0,10.83,,0.79,7.89,10.97,1.24,-11.19,0.89,81.0
2026-06-11 14:14:14.513,1781176454.514,DWM1001C,52,LOS,punct_interior,5,16,4,1.965,11.0,1.0,10.76,,0.82,7.87,10.95,1.24,-11.17,0.93,75.0
2026-06-11 14:14:14.616,1781176454.616,DWM1001C,52,LOS,punct_interior,5,17,4,1.965,11.0,1.0,10.85,,0.84,7.89,10.95,1.24,-11.16,0.75,73.0
2026-06-11 14:14:14.699,1781176454.699,DWM1001C,52,LOS,punct_interior,5,18,4,1.965,11.0,1.0,10.9,,0.77,7.88,10.94,1.22,-11.18,0.83,78.0
2026-06-11 14:14:14.803,1781176454.804,DWM1001C,52,LOS,punct_interior,5,19,4,1.965,11.0,1.0,10.86,,0.77,7.89,10.88,1.23,-11.19,0.9,71.0
2026-06-11 14:14:14.907,1781176454.907,DWM1001C,52,LOS,punct_interior,5,20,4,1.965,11.0,1.0,10.9,,0.79,7.92,10.82,1.25,-11.21,0.98,62.0
2026-06-11 14:14:15.010,1781176455.011,DWM1001C,52,LOS,punct_interior,5,21,4,1.965,11.0,1.0,10.85,,0.76,7.91,10.86,1.26,-11.21,1.02,68.0
2026-06-11 14:14:15.114,1781176455.114,DWM1001C,52,LOS,punct_interior,5,22,4,1.965,11.0,1.0,10.87,,0.73,7.9,10.88,1.26,-11.21,1.02,74.0
2026-06-11 14:14:15.198,1781176455.199,DWM1001C,52,LOS,punct_interior,5,23,4,1.965,11.0,1.0,10.91,,0.78,7.92,10.92,1.24,-11.23,1.05,74.0
2026-06-11 14:14:15.302,1781176455.303,DWM1001C,52,LOS,punct_interior,5,24,4,1.965,11.0,1.0,10.89,,0.78,7.89,10.91,1.24,-11.23,1.07,73.0
2026-06-11 14:14:15.407,1781176455.407,DWM1001C,52,LOS,punct_interior,5,25,4,1.965,11.0,1.0,10.8,,0.82,7.84,10.93,1.24,-11.21,1.09,72.0
2026-06-11 14:14:15.511,1781176455.512,DWM1001C,52,LOS,punct_interior,5,26,4,1.965,11.0,1.0,10.84,,0.78,7.91,11.0,1.21,-11.21,1.05,85.0
2026-06-11 14:14:15.615,1781176455.616,DWM1001C,52,LOS,punct_interior,5,27,4,1.965,11.0,1.0,10.9,,0.78,7.86,10.91,1.23,-11.18,0.86,74.0
2026-06-11 14:14:15.718,1781176455.719,DWM1001C,52,LOS,punct_interior,5,28,4,1.965,11.0,1.0,10.86,,0.79,7.89,10.85,1.24,-11.19,0.94,65.0
2026-06-11 14:14:15.802,1781176455.803,DWM1001C,52,LOS,punct_interior,5,29,4,1.965,11.0,1.0,10.85,,0.78,7.88,10.9,1.24,-11.2,0.98,72.0
2026-06-11 14:14:15.907,1781176455.908,DWM1001C,52,LOS,punct_interior,5,30,4,1.965,11.0,1.0,10.86,,0.75,7.92,10.85,1.26,-11.2,1.01,69.0
2026-06-11 14:21:41.473,1781176901.473,DWM1001C,53,LOS,punct_interior,5,1,4,2.965,11.0,1.0,10.51,,1.43,7.53,10.25,2.03,-10.97,1.74,55.0
2026-06-11 14:21:41.578,1781176901.578,DWM1001C,53,LOS,punct_interior,5,2,4,2.965,11.0,1.0,10.56,11.03,1.47,7.55,,2.05,-10.99,1.77,68.0
2026-06-11 14:21:41.662,1781176901.663,DWM1001C,53,LOS,punct_interior,5,3,4,2.965,11.0,1.0,10.5,10.96,1.43,7.52,,1.97,-11.02,1.82,62.0
2026-06-11 14:21:41.768,1781176901.768,DWM1001C,53,LOS,punct_interior,5,4,4,2.965,11.0,1.0,10.43,10.99,1.44,7.52,,2.02,-11.02,1.81,69.0
2026-06-11 14:21:41.851,1781176901.851,DWM1001C,53,LOS,punct_interior,5,5,4,2.965,11.0,1.0,10.51,11.0,1.47,7.51,,2.06,-11.02,1.81,69.0
2026-06-11 14:21:41.976,1781176901.976,DWM1001C,53,LOS,punct_interior,5,6,4,2.965,11.0,1.0,10.49,11.07,1.44,7.5,,2.07,-11.04,1.82,68.0
2026-06-11 14:21:42.060,1781176902.061,DWM1001C,53,LOS,punct_interior,5,7,4,2.965,11.0,1.0,10.46,11.02,1.39,7.5,,2.09,-11.04,1.8,69.0
2026-06-11 14:21:42.164,1781176902.165,DWM1001C,53,LOS,punct_interior,5,8,4,2.965,11.0,1.0,10.52,10.97,1.39,7.53,,2.11,-11.03,1.77,69.0
2026-06-11 14:21:42.268,1781176902.269,DWM1001C,53,LOS,punct_interior,5,9,4,2.965,11.0,1.0,10.44,10.93,1.48,7.55,,2.13,-11.02,1.77,69.0
2026-06-11 14:21:42.352,1781176902.353,DWM1001C,53,LOS,punct_interior,5,10,4,2.965,11.0,1.0,10.5,10.98,1.4,7.52,,2.02,-11.04,1.79,62.0
2026-06-11 14:21:42.455,1781176902.456,DWM1001C,53,LOS,punct_interior,5,11,4,2.965,11.0,1.0,10.47,10.99,1.38,7.53,,2.05,-11.03,1.77,69.0
2026-06-11 14:21:42.558,1781176902.559,DWM1001C,53,LOS,punct_interior,5,12,4,2.965,11.0,1.0,10.5,11.01,1.41,7.51,,2.07,-11.04,1.76,69.0
2026-06-11 14:21:42.661,1781176902.661,DWM1001C,53,LOS,punct_interior,5,13,4,2.965,11.0,1.0,10.45,10.98,1.41,7.53,,1.93,-11.06,1.82,58.0
2026-06-11 14:21:42.763,1781176902.764,DWM1001C,53,LOS,punct_interior,5,14,4,2.965,11.0,1.0,10.44,,1.41,7.52,10.36,1.89,-11.05,1.83,48.0
2026-06-11 14:21:42.867,1781176902.867,DWM1001C,53,LOS,punct_interior,5,15,4,2.965,11.0,1.0,10.46,,1.38,7.52,10.3,1.95,-11.01,1.76,63.0
2026-06-11 14:21:42.950,1781176902.95,DWM1001C,53,LOS,punct_interior,5,16,4,2.965,11.0,1.0,10.51,,1.4,7.5,10.25,1.97,-11.01,1.74,54.0
2026-06-11 14:21:43.053,1781176903.053,DWM1001C,53,LOS,punct_interior,5,17,4,2.965,11.0,1.0,10.5,11.16,1.47,7.5,,1.72,-11.09,1.86,56.0
2026-06-11 14:21:43.156,1781176903.156,DWM1001C,53,LOS,punct_interior,5,18,4,2.965,11.0,1.0,10.44,,1.44,7.55,10.35,1.82,-11.03,1.81,61.0
2026-06-11 14:21:43.258,1781176903.258,DWM1001C,53,LOS,punct_interior,5,19,4,2.965,11.0,1.0,10.48,,1.41,7.5,10.3,1.9,-10.99,1.76,60.0
2026-06-11 14:21:43.360,1781176903.361,DWM1001C,53,LOS,punct_interior,5,20,4,2.965,11.0,1.0,10.51,,1.48,7.56,10.23,1.98,-10.97,1.75,54.0
2026-06-11 14:21:43.463,1781176903.464,DWM1001C,53,LOS,punct_interior,5,21,4,2.965,11.0,1.0,10.49,11.0,1.46,7.51,,2.03,-10.99,1.76,69.0
2026-06-11 14:21:43.566,1781176903.567,DWM1001C,53,LOS,punct_interior,5,22,4,2.965,11.0,1.0,10.42,10.99,1.44,7.5,,2.07,-11.0,1.76,69.0
2026-06-11 14:21:43.669,1781176903.67,DWM1001C,53,LOS,punct_interior,5,23,4,2.965,11.0,1.0,10.51,11.06,1.41,7.53,,1.91,-11.05,1.84,57.0
2026-06-11 14:21:43.752,1781176903.753,DWM1001C,53,LOS,punct_interior,5,24,4,2.965,11.0,1.0,10.46,,1.49,7.54,10.28,1.98,-11.0,1.81,57.0
2026-06-11 14:21:43.876,1781176903.877,DWM1001C,53,LOS,punct_interior,5,25,4,2.965,11.0,1.0,10.51,10.96,1.39,7.52,,2.03,-11.0,1.78,69.0
2026-06-11 14:21:43.959,1781176903.96,DWM1001C,53,LOS,punct_interior,5,26,4,2.965,11.0,1.0,10.48,10.98,1.42,7.52,,2.06,-11.0,1.77,69.0
2026-06-11 14:21:44.062,1781176904.063,DWM1001C,53,LOS,punct_interior,5,27,4,2.965,11.0,1.0,10.53,11.02,1.4,7.53,,1.96,-11.03,1.82,61.0
2026-06-11 14:21:44.166,1781176904.166,DWM1001C,53,LOS,punct_interior,5,28,4,2.965,11.0,1.0,10.44,11.0,1.45,7.56,,1.82,-11.06,1.81,59.0
2026-06-11 14:21:44.256,1781176904.256,DWM1001C,53,LOS,punct_interior,5,29,4,2.965,11.0,1.0,10.48,,1.43,7.53,10.34,1.89,-11.01,1.78,59.0
2026-06-11 14:21:44.365,1781176904.365,DWM1001C,53,LOS,punct_interior,5,30,4,2.965,11.0,1.0,10.5,,1.44,7.47,10.29,1.88,-11.03,1.85,45.0
2026-06-11 14:22:47.571,1781176967.571,DWM1001C,54,LOS,punct_interior,5,1,4,3.965,11.0,1.0,11.17,10.61,2.44,7.13,,3.59,-10.76,-0.33,84.0
2026-06-11 14:22:47.673,1781176967.674,DWM1001C,54,LOS,punct_interior,5,2,4,3.965,11.0,1.0,11.1,10.65,2.41,7.2,,3.57,-10.75,-0.35,82.0
2026-06-11 14:22:47.777,1781176967.777,DWM1001C,54,LOS,punct_interior,5,3,4,3.965,11.0,1.0,11.04,10.65,2.43,7.16,,3.57,-10.75,-0.36,83.0
2026-06-11 14:22:47.859,1781176967.859,DWM1001C,54,LOS,punct_interior,5,4,4,3.965,11.0,1.0,11.06,10.68,2.45,7.14,,3.57,-10.75,-0.37,83.0
2026-06-11 14:22:47.962,1781176967.963,DWM1001C,54,LOS,punct_interior,5,5,4,3.965,11.0,1.0,11.1,10.59,2.41,7.13,,3.59,-10.75,-0.32,85.0
2026-06-11 14:22:48.066,1781176968.066,DWM1001C,54,LOS,punct_interior,5,6,4,3.965,11.0,1.0,11.11,10.65,2.4,7.19,,3.57,-10.75,-0.34,82.0
2026-06-11 14:22:48.168,1781176968.168,DWM1001C,54,LOS,punct_interior,5,7,4,3.965,11.0,1.0,11.11,10.7,2.38,7.18,,3.55,-10.75,-0.37,81.0
2026-06-11 14:22:48.271,1781176968.272,DWM1001C,54,LOS,punct_interior,5,8,4,3.965,11.0,1.0,11.04,10.61,2.38,7.18,,3.55,-10.74,-0.34,83.0
2026-06-11 14:22:48.374,1781176968.375,DWM1001C,54,LOS,punct_interior,5,9,4,3.965,11.0,1.0,11.1,10.67,2.42,7.13,,3.56,-10.75,-0.35,83.0
2026-06-11 14:22:48.457,1781176968.458,DWM1001C,54,LOS,punct_interior,5,10,3,3.965,11.0,1.0,11.12,10.74,,7.15,,3.88,-10.81,0.63,96.0
2026-06-11 14:22:48.560,1781176968.561,DWM1001C,54,LOS,punct_interior,5,11,4,3.965,11.0,1.0,11.04,10.64,2.44,7.12,,3.82,-10.8,0.4,84.0
2026-06-11 14:22:48.664,1781176968.665,DWM1001C,54,LOS,punct_interior,5,12,4,3.965,11.0,1.0,11.07,10.6,2.42,7.12,,3.77,-10.78,0.25,85.0
2026-06-11 14:22:48.768,1781176968.769,DWM1001C,54,LOS,punct_interior,5,13,4,3.965,11.0,1.0,11.15,10.64,2.44,7.13,,3.73,-10.77,0.11,84.0
2026-06-11 14:22:48.873,1781176968.873,DWM1001C,54,LOS,punct_interior,5,14,4,3.965,11.0,1.0,11.18,10.67,2.43,7.14,,3.7,-10.77,-0.01,83.0
2026-06-11 14:22:48.977,1781176968.977,DWM1001C,54,LOS,punct_interior,5,15,4,3.965,11.0,1.0,11.1,10.72,2.47,7.17,,3.66,-10.77,-0.14,81.0
2026-06-11 14:22:49.061,1781176969.061,DWM1001C,54,LOS,punct_interior,5,16,4,3.965,11.0,1.0,11.04,10.63,2.41,7.11,,3.65,-10.77,-0.16,85.0
2026-06-11 14:22:49.164,1781176969.165,DWM1001C,54,LOS,punct_interior,5,17,4,3.965,11.0,1.0,11.16,10.71,2.45,7.11,,3.64,-10.78,-0.22,83.0
2026-06-11 14:22:49.268,1781176969.269,DWM1001C,54,LOS,punct_interior,5,18,4,3.965,11.0,1.0,11.1,10.69,2.45,7.17,,3.62,-10.77,-0.29,82.0
2026-06-11 14:22:49.371,1781176969.372,DWM1001C,54,LOS,punct_interior,5,19,4,3.965,11.0,1.0,11.1,10.69,2.44,7.12,,3.61,-10.78,-0.31,83.0
2026-06-11 14:22:49.475,1781176969.476,DWM1001C,54,LOS,punct_interior,5,20,4,3.965,11.0,1.0,11.1,10.75,2.46,7.14,,3.59,-10.79,-0.37,81.0
2026-06-11 14:22:49.558,1781176969.559,DWM1001C,54,LOS,punct_interior,5,21,4,3.965,11.0,1.0,11.16,10.58,2.46,7.14,,3.61,-10.77,-0.33,85.0
2026-06-11 14:22:49.683,1781176969.684,DWM1001C,54,LOS,punct_interior,5,22,4,3.965,11.0,1.0,11.07,10.76,2.44,7.13,,3.59,-10.78,-0.38,81.0
2026-06-11 14:22:49.767,1781176969.767,DWM1001C,54,LOS,punct_interior,5,23,4,3.965,11.0,1.0,11.1,10.69,2.44,7.13,,3.59,-10.78,-0.39,83.0
2026-06-11 14:22:49.870,1781176969.871,DWM1001C,54,LOS,punct_interior,5,24,4,3.965,11.0,1.0,11.05,10.67,2.46,7.13,,3.59,-10.78,-0.39,83.0
2026-06-11 14:22:49.975,1781176969.976,DWM1001C,54,LOS,punct_interior,5,25,4,3.965,11.0,1.0,11.07,10.61,2.39,7.15,,3.59,-10.77,-0.35,84.0
2026-06-11 14:22:50.080,1781176970.08,DWM1001C,54,LOS,punct_interior,5,26,4,3.965,11.0,1.0,11.12,10.64,2.44,7.14,,3.59,-10.76,-0.35,83.0
2026-06-11 14:22:50.163,1781176970.164,DWM1001C,54,LOS,punct_interior,5,27,4,3.965,11.0,1.0,11.16,10.65,2.38,7.13,,3.59,-10.76,-0.33,84.0
2026-06-11 14:22:50.267,1781176970.267,DWM1001C,54,LOS,punct_interior,5,28,4,3.965,11.0,1.0,11.06,10.72,2.39,7.16,,3.56,-10.77,-0.37,81.0
2026-06-11 14:22:50.370,1781176970.371,DWM1001C,54,LOS,punct_interior,5,29,4,3.965,11.0,1.0,11.13,10.68,2.47,7.14,,3.57,-10.77,-0.38,83.0
2026-06-11 14:22:50.474,1781176970.474,DWM1001C,54,LOS,punct_interior,5,30,4,3.965,11.0,1.0,11.12,10.67,2.42,7.12,,3.58,-10.77,-0.37,83.0
2026-06-11 14:23:13.162,1781176993.162,DWM1001C,55,LOS,punct_interior,5,1,4,4.965,11.0,1.0,11.18,10.65,3.16,7.25,,4.09,-10.68,-0.92,81.0
2026-06-11 14:23:13.264,1781176993.264,DWM1001C,55,LOS,punct_interior,5,2,4,4.965,11.0,1.0,11.25,10.66,3.12,6.6,,4.22,-10.75,-0.6,95.0
2026-06-11 14:23:13.366,1781176993.366,DWM1001C,55,LOS,punct_interior,5,3,4,4.965,11.0,1.0,11.19,10.62,3.16,7.21,,4.19,-10.72,-0.69,82.0
2026-06-11 14:23:13.468,1781176993.469,DWM1001C,55,LOS,punct_interior,5,4,4,4.965,11.0,1.0,11.26,10.59,3.16,7.15,,4.19,-10.7,-0.72,84.0
2026-06-11 14:23:13.571,1781176993.571,DWM1001C,55,LOS,punct_interior,5,5,4,4.965,11.0,1.0,11.24,10.67,3.17,7.2,,4.16,-10.7,-0.8,82.0
2026-06-11 14:23:13.674,1781176993.675,DWM1001C,55,LOS,punct_interior,5,6,4,4.965,11.0,1.0,11.14,10.67,3.16,7.19,,4.14,-10.69,-0.85,82.0
2026-06-11 14:23:13.778,1781176993.778,DWM1001C,55,LOS,punct_interior,5,7,4,4.965,11.0,1.0,11.25,10.67,3.15,7.17,,4.13,-10.69,-0.88,82.0
2026-06-11 14:23:13.861,1781176993.862,DWM1001C,55,LOS,punct_interior,5,8,4,4.965,11.0,1.0,11.18,10.65,3.11,7.2,,4.11,-10.68,-0.9,82.0
2026-06-11 14:23:13.965,1781176993.966,DWM1001C,55,LOS,punct_interior,5,9,4,4.965,11.0,1.0,11.19,10.62,3.11,7.12,,4.12,-10.68,-0.87,84.0
2026-06-11 14:23:14.070,1781176994.071,DWM1001C,55,LOS,punct_interior,5,10,4,4.965,11.0,1.0,11.19,10.67,3.11,7.15,,4.11,-10.69,-0.88,83.0
2026-06-11 14:23:14.174,1781176994.175,DWM1001C,55,LOS,punct_interior,5,11,4,4.965,11.0,1.0,11.17,10.64,3.14,7.11,,4.13,-10.69,-0.87,84.0
2026-06-11 14:23:14.279,1781176994.279,DWM1001C,55,LOS,punct_interior,5,12,4,4.965,11.0,1.0,11.2,10.64,3.12,7.1,,4.14,-10.69,-0.85,85.0
2026-06-11 14:23:14.363,1781176994.363,DWM1001C,55,LOS,punct_interior,5,13,4,4.965,11.0,1.0,11.26,10.65,3.16,7.14,,4.14,-10.69,-0.86,83.0
2026-06-11 14:23:14.467,1781176994.468,DWM1001C,55,LOS,punct_interior,5,14,4,4.965,11.0,1.0,11.25,10.67,3.12,7.05,,4.15,-10.7,-0.84,85.0
2026-06-11 14:23:14.571,1781176994.571,DWM1001C,55,LOS,punct_interior,5,15,4,4.965,11.0,1.0,11.24,10.71,3.13,7.2,,4.12,-10.7,-0.89,81.0
2026-06-11 14:23:14.675,1781176994.675,DWM1001C,55,LOS,punct_interior,5,16,4,4.965,11.0,1.0,11.19,10.61,3.12,7.12,,4.13,-10.7,-0.86,85.0
2026-06-11 14:23:14.758,1781176994.759,DWM1001C,55,LOS,punct_interior,5,17,4,4.965,11.0,1.0,11.23,10.65,3.17,7.21,,4.12,-10.69,-0.9,82.0
2026-06-11 14:23:14.862,1781176994.863,DWM1001C,55,LOS,punct_interior,5,18,4,4.965,11.0,1.0,11.25,10.69,3.12,7.19,,4.1,-10.69,-0.92,81.0
2026-06-11 14:23:14.987,1781176994.988,DWM1001C,55,LOS,punct_interior,5,19,4,4.965,11.0,1.0,11.21,10.63,3.16,7.26,,4.08,-10.67,-0.95,81.0
2026-06-11 14:23:15.071,1781176995.072,DWM1001C,55,LOS,punct_interior,5,20,4,4.965,11.0,1.0,11.18,10.65,3.12,7.2,,4.07,-10.67,-0.95,82.0
2026-06-11 14:23:15.175,1781176995.175,DWM1001C,55,LOS,punct_interior,5,21,4,4.965,11.0,1.0,11.15,10.64,3.13,7.23,,4.07,-10.66,-0.96,82.0
2026-06-11 14:23:15.257,1781176995.258,DWM1001C,55,LOS,punct_interior,5,22,4,4.965,11.0,1.0,11.12,10.66,3.11,7.19,,4.06,-10.67,-0.96,82.0
2026-06-11 14:23:15.361,1781176995.361,DWM1001C,55,LOS,punct_interior,5,23,4,4.965,11.0,1.0,11.15,10.63,3.12,7.21,,4.06,-10.66,-0.96,82.0
2026-06-11 14:23:15.485,1781176995.486,DWM1001C,55,LOS,punct_interior,5,24,4,4.965,11.0,1.0,11.24,10.58,3.14,7.23,,4.07,-10.65,-0.95,83.0
2026-06-11 14:23:15.569,1781176995.57,DWM1001C,55,LOS,punct_interior,5,25,4,4.965,11.0,1.0,11.16,10.64,3.12,7.23,,4.06,-10.65,-0.96,82.0
2026-06-11 14:23:15.673,1781176995.673,DWM1001C,55,LOS,punct_interior,5,26,4,4.965,11.0,1.0,11.22,10.72,3.13,7.21,,4.04,-10.66,-0.99,80.0
2026-06-11 14:23:15.777,1781176995.777,DWM1001C,55,LOS,punct_interior,5,27,4,4.965,11.0,1.0,11.16,10.67,3.14,7.21,,4.04,-10.66,-0.99,81.0
2026-06-11 14:23:15.860,1781176995.861,DWM1001C,55,LOS,punct_interior,5,28,4,4.965,11.0,1.0,11.12,10.57,3.17,7.18,,4.08,-10.66,-0.95,84.0
2026-06-11 14:23:15.964,1781176995.964,DWM1001C,55,LOS,punct_interior,5,29,4,4.965,11.0,1.0,11.21,10.67,3.12,7.21,,4.07,-10.66,-0.96,81.0
2026-06-11 14:23:16.069,1781176996.069,DWM1001C,55,LOS,punct_interior,5,30,4,4.965,11.0,1.0,11.25,10.57,3.13,7.21,,4.08,-10.65,-0.93,84.0
2026-06-11 14:29:10.597,1781177350.597,DWM1001C,57,LOS,punct_interior,5,1,4,1.965,12.0,1.0,12.09,,0.69,6.81,10.42,0.95,-12.38,0.66,72.0
2026-06-11 14:29:10.680,1781177350.681,DWM1001C,57,LOS,punct_interior,5,2,4,1.965,12.0,1.0,12.17,,0.71,6.84,10.48,0.93,-12.39,0.69,72.0
2026-06-11 14:29:10.784,1781177350.785,DWM1001C,57,LOS,punct_interior,5,3,4,1.965,12.0,1.0,12.12,,0.67,6.83,10.39,0.97,-12.38,0.75,75.0
2026-06-11 14:29:10.889,1781177350.89,DWM1001C,57,LOS,punct_interior,5,4,4,1.965,12.0,1.0,12.11,,0.67,6.8,10.48,0.96,-12.43,0.63,81.0
2026-06-11 14:29:10.993,1781177350.994,DWM1001C,57,LOS,punct_interior,5,5,4,1.965,12.0,1.0,12.16,,0.69,6.83,10.41,0.98,-12.42,0.68,78.0
2026-06-11 14:29:11.099,1781177351.099,DWM1001C,57,LOS,punct_interior,5,6,4,1.965,12.0,1.0,12.15,,0.69,6.84,10.45,0.96,-12.41,0.74,69.0
2026-06-11 14:29:11.181,1781177351.182,DWM1001C,57,LOS,punct_interior,5,7,4,1.965,12.0,1.0,12.11,,0.69,6.81,10.45,0.92,-12.41,0.64,70.0
2026-06-11 14:29:11.284,1781177351.285,DWM1001C,57,LOS,punct_interior,5,8,4,1.965,12.0,1.0,12.16,,0.7,6.82,10.38,0.96,-12.4,0.56,80.0
2026-06-11 14:29:11.388,1781177351.389,DWM1001C,57,LOS,punct_interior,5,9,4,1.965,12.0,1.0,12.11,,0.68,6.78,10.4,0.96,-12.41,0.64,74.0
2026-06-11 14:29:11.492,1781177351.493,DWM1001C,57,LOS,punct_interior,5,10,4,1.965,12.0,1.0,12.11,,0.7,6.83,10.45,0.94,-12.41,0.69,72.0
2026-06-11 14:29:11.596,1781177351.596,DWM1001C,57,LOS,punct_interior,5,11,4,1.965,12.0,1.0,12.11,,0.71,6.83,10.48,0.9,-12.4,0.59,69.0
2026-06-11 14:29:11.678,1781177351.678,DWM1001C,57,LOS,punct_interior,5,12,4,1.965,12.0,1.0,12.11,,0.67,6.81,10.46,0.87,-12.4,0.65,68.0
2026-06-11 14:29:11.780,1781177351.781,DWM1001C,57,LOS,punct_interior,5,13,4,1.965,12.0,1.0,12.11,,0.7,6.81,10.43,0.88,-12.41,0.71,72.0
2026-06-11 14:29:11.883,1781177351.884,DWM1001C,57,LOS,punct_interior,5,14,4,1.965,12.0,1.0,12.08,,0.66,6.81,10.44,0.86,-12.4,0.76,67.0
2026-06-11 14:29:11.986,1781177351.987,DWM1001C,57,LOS,punct_interior,5,15,4,1.965,12.0,1.0,12.14,,0.68,6.86,10.39,0.94,-12.39,0.78,81.0
2026-06-11 14:29:12.090,1781177352.091,DWM1001C,57,LOS,punct_interior,5,16,4,1.965,12.0,1.0,12.11,,0.69,6.81,10.46,0.9,-12.4,0.81,67.0
2026-06-11 14:29:12.194,1781177352.195,DWM1001C,57,LOS,punct_interior,5,17,4,1.965,12.0,1.0,12.14,,0.68,6.81,10.44,0.88,-12.39,0.68,70.0
2026-06-11 14:29:12.277,1781177352.278,DWM1001C,57,LOS,punct_interior,5,18,4,1.965,12.0,1.0,12.15,,0.68,6.81,10.5,,,,
2026-06-11 14:29:12.380,1781177352.381,DWM1001C,57,LOS,punct_interior,5,19,4,1.965,12.0,1.0,,12.11,0.64,6.8,10.45,1.01,-12.28,0.82,39.0
2026-06-11 14:29:12.484,1781177352.484,DWM1001C,57,LOS,punct_interior,5,20,4,1.965,12.0,1.0,12.09,,0.68,6.85,10.44,1.01,-12.31,0.79,78.0
2026-06-11 14:29:12.588,1781177352.589,DWM1001C,57,LOS,punct_interior,5,21,4,1.965,12.0,1.0,12.15,,0.72,6.81,10.39,1.03,-12.34,0.68,81.0
2026-06-11 14:29:12.693,1781177352.693,DWM1001C,57,LOS,punct_interior,5,22,4,1.965,12.0,1.0,12.1,,0.68,6.81,10.45,0.97,-12.35,0.74,67.0
2026-06-11 14:29:12.798,1781177352.798,DWM1001C,57,LOS,punct_interior,5,23,4,1.965,12.0,1.0,12.11,,0.67,6.76,10.49,,,,
2026-06-11 14:29:12.882,1781177352.882,DWM1001C,57,LOS,punct_interior,5,24,4,1.965,12.0,1.0,,12.31,0.67,6.77,10.45,1.06,-12.3,0.83,67.0
2026-06-11 14:29:12.987,1781177352.987,DWM1001C,57,LOS,punct_interior,5,25,4,1.965,12.0,1.0,12.09,,0.7,6.81,10.42,1.03,-12.33,0.86,71.0
2026-06-11 14:29:13.091,1781177353.091,DWM1001C,57,LOS,punct_interior,5,26,4,1.965,12.0,1.0,12.09,,0.7,6.8,10.52,,,,
2026-06-11 14:29:13.174,1781177353.174,DWM1001C,57,LOS,punct_interior,5,27,4,1.965,12.0,1.0,,11.99,0.7,6.81,10.49,1.12,-12.21,0.97,23.0
2026-06-11 14:29:13.277,1781177353.278,DWM1001C,57,LOS,punct_interior,5,28,4,1.965,12.0,1.0,12.11,,0.69,6.81,10.44,1.05,-12.25,0.8,70.0
2026-06-11 14:29:13.381,1781177353.382,DWM1001C,57,LOS,punct_interior,5,29,4,1.965,12.0,1.0,12.17,,0.67,6.78,10.35,1.06,-12.29,0.82,79.0
2026-06-11 14:29:13.485,1781177353.485,DWM1001C,57,LOS,punct_interior,5,30,4,1.965,12.0,1.0,12.12,,0.7,6.81,10.43,1.02,-12.32,0.82,74.0
2026-06-11 14:29:24.987,1781177364.987,DWM1001C,58,LOS,punct_interior,5,1,4,2.965,12.0,1.0,,11.78,1.3,6.76,9.75,2.23,-11.93,0.81,40.0
2026-06-11 14:29:25.089,1781177365.09,DWM1001C,58,LOS,punct_interior,5,2,4,2.965,12.0,1.0,,12.26,1.36,6.79,9.73,2.22,-11.98,0.48,40.0
2026-06-11 14:29:25.171,1781177365.172,DWM1001C,58,LOS,punct_interior,5,3,4,2.965,12.0,1.0,,11.85,1.35,6.7,9.73,2.23,-11.97,0.81,40.0
2026-06-11 14:29:25.282,1781177365.282,DWM1001C,58,LOS,punct_interior,5,4,4,2.965,12.0,1.0,,12.17,1.38,6.8,9.79,2.2,-11.98,0.46,32.0
2026-06-11 14:29:25.385,1781177365.386,DWM1001C,58,LOS,punct_interior,5,5,4,2.965,12.0,1.0,,12.2,1.36,6.81,9.77,2.19,-12.0,0.21,36.0
2026-06-11 14:29:25.487,1781177365.488,DWM1001C,58,LOS,punct_interior,5,6,4,2.965,12.0,1.0,,12.28,1.38,6.81,9.77,2.18,-12.03,0.02,36.0
2026-06-11 14:29:25.591,1781177365.592,DWM1001C,58,LOS,punct_interior,5,7,4,2.965,12.0,1.0,,11.78,1.36,6.76,9.75,2.2,-11.99,0.47,37.0
2026-06-11 14:29:25.675,1781177365.676,DWM1001C,58,LOS,punct_interior,5,8,4,2.965,12.0,1.0,,12.2,1.35,6.76,9.81,2.18,-12.0,0.22,33.0
2026-06-11 14:29:25.780,1781177365.781,DWM1001C,58,LOS,punct_interior,5,9,4,2.965,12.0,1.0,,12.24,1.31,6.75,9.72,2.18,-12.03,0.05,43.0
2026-06-11 14:29:25.885,1781177365.885,DWM1001C,58,LOS,punct_interior,5,10,4,2.965,12.0,1.0,,11.87,1.32,6.8,9.76,2.21,-11.97,-0.08,39.0
2026-06-11 14:29:25.989,1781177365.99,DWM1001C,58,LOS,punct_interior,5,11,4,2.965,12.0,1.0,,11.88,1.37,6.77,9.78,2.21,-11.96,0.41,35.0
2026-06-11 14:29:26.093,1781177366.093,DWM1001C,58,LOS,punct_interior,5,12,4,2.965,12.0,1.0,,11.86,1.3,6.76,9.81,2.2,-11.95,0.75,35.0
2026-06-11 14:29:26.176,1781177366.177,DWM1001C,58,LOS,punct_interior,5,13,4,2.965,12.0,1.0,,11.74,1.39,6.81,9.78,2.22,-11.92,1.03,34.0
2026-06-11 14:29:26.281,1781177366.282,DWM1001C,58,LOS,punct_interior,5,14,4,2.965,12.0,1.0,,12.24,1.31,6.8,9.79,2.19,-11.97,0.65,37.0
2026-06-11 14:29:26.385,1781177366.386,DWM1001C,58,LOS,punct_interior,5,15,4,2.965,12.0,1.0,,11.89,1.37,6.77,9.75,2.2,-11.97,0.95,37.0
2026-06-11 14:29:26.491,1781177366.491,DWM1001C,58,LOS,punct_interior,5,16,4,2.965,12.0,1.0,,11.84,1.33,6.74,9.78,2.2,-11.95,1.17,37.0
2026-06-11 14:29:26.573,1781177366.574,DWM1001C,58,LOS,punct_interior,5,17,4,2.965,12.0,1.0,,12.3,1.34,6.72,9.75,2.19,-12.0,0.75,39.0
2026-06-11 14:29:26.678,1781177366.678,DWM1001C,58,LOS,punct_interior,5,18,4,2.965,12.0,1.0,,11.79,1.34,6.73,9.79,2.2,-11.97,1.02,36.0
2026-06-11 14:29:26.781,1781177366.782,DWM1001C,58,LOS,punct_interior,5,19,4,2.965,12.0,1.0,,12.29,1.36,6.76,9.75,2.19,-12.02,0.63,37.0
2026-06-11 14:29:26.886,1781177366.887,DWM1001C,58,LOS,punct_interior,5,20,4,2.965,12.0,1.0,,11.38,1.32,6.76,9.75,2.15,-11.94,0.95,18.0
2026-06-11 14:29:26.991,1781177366.992,DWM1001C,58,LOS,punct_interior,5,21,4,2.965,12.0,1.0,,11.36,1.4,6.8,9.83,2.2,-11.82,1.16,31.0
2026-06-11 14:29:27.097,1781177367.097,DWM1001C,58,LOS,punct_interior,5,22,4,2.965,12.0,1.0,,12.27,1.33,6.75,9.77,2.17,-11.89,0.74,36.0
2026-06-11 14:29:27.180,1781177367.18,DWM1001C,58,LOS,punct_interior,5,23,4,2.965,12.0,1.0,,11.91,1.34,6.71,9.81,2.17,-11.91,1.02,34.0
2026-06-11 14:29:27.283,1781177367.284,DWM1001C,58,LOS,punct_interior,5,24,4,2.965,12.0,1.0,,11.83,1.35,6.77,9.71,2.22,-11.87,0.65,41.0
2026-06-11 14:29:27.387,1781177367.388,DWM1001C,58,LOS,punct_interior,5,25,4,2.965,12.0,1.0,,11.79,1.36,6.8,9.81,2.22,-11.87,0.95,33.0
2026-06-11 14:29:27.470,1781177367.47,DWM1001C,58,LOS,punct_interior,5,26,4,2.965,12.0,1.0,,11.86,1.29,6.8,9.78,2.24,-11.84,0.6,38.0
2026-06-11 14:29:27.573,1781177367.573,DWM1001C,58,LOS,punct_interior,5,27,4,2.965,12.0,1.0,,12.26,1.35,6.8,9.72,2.22,-11.91,0.33,41.0
2026-06-11 14:29:27.676,1781177367.677,DWM1001C,58,LOS,punct_interior,5,28,4,2.965,12.0,1.0,,12.23,1.34,6.76,9.78,2.19,-11.95,0.11,34.0
2026-06-11 14:29:27.780,1781177367.781,DWM1001C,58,LOS,punct_interior,5,29,4,2.965,12.0,1.0,,11.78,1.28,6.76,9.7,2.22,-11.93,0.51,45.0
2026-06-11 14:29:27.884,1781177367.885,DWM1001C,58,LOS,punct_interior,5,30,4,2.965,12.0,1.0,,12.29,1.33,6.78,9.79,2.19,-11.98,0.26,36.0
2026-06-11 14:39:16.931,1781177956.932,DWM1001C,59,LOS,punct_interior,5,1,4,3.965,12.0,1.0,11.5,11.5,2.36,6.38,,3.58,-11.63,0.18,81.0
2026-06-11 14:39:17.034,1781177957.035,DWM1001C,59,LOS,punct_interior,5,2,4,3.965,12.0,1.0,11.55,11.51,2.36,6.41,,3.58,-11.62,-0.01,80.0
2026-06-11 14:39:17.133,1781177957.133,DWM1001C,59,LOS,punct_interior,5,3,4,3.965,12.0,1.0,11.59,11.48,2.35,6.4,,3.59,-11.61,-0.14,81.0
2026-06-11 14:39:17.229,1781177957.229,DWM1001C,59,LOS,punct_interior,5,4,4,3.965,12.0,1.0,11.56,11.45,2.36,6.36,,3.61,-11.6,-0.21,82.0
2026-06-11 14:39:17.333,1781177957.333,DWM1001C,59,LOS,punct_interior,5,5,4,3.965,12.0,1.0,11.58,11.45,2.34,6.4,,3.62,-11.59,-0.28,81.0
2026-06-11 14:39:17.437,1781177957.438,DWM1001C,59,LOS,punct_interior,5,6,4,3.965,12.0,1.0,11.53,11.55,2.32,6.41,,3.53,-11.64,0.35,79.0
2026-06-11 14:39:17.541,1781177957.542,DWM1001C,59,LOS,punct_interior,5,7,4,3.965,12.0,1.0,11.56,11.44,2.31,6.38,,3.56,-11.63,0.17,82.0
2026-06-11 14:39:17.625,1781177957.625,DWM1001C,59,LOS,punct_interior,5,8,4,3.965,12.0,1.0,11.52,11.45,2.35,6.41,,3.59,-11.61,-0.0,81.0
2026-06-11 14:39:17.729,1781177957.729,DWM1001C,59,LOS,punct_interior,5,9,4,3.965,12.0,1.0,11.55,11.44,2.34,6.38,,3.6,-11.6,-0.11,82.0
2026-06-11 14:39:17.832,1781177957.832,DWM1001C,59,LOS,punct_interior,5,10,4,3.965,12.0,1.0,11.53,11.52,2.33,6.39,,3.59,-11.6,-0.22,79.0
2026-06-11 14:39:17.934,1781177957.934,DWM1001C,59,LOS,punct_interior,5,11,4,3.965,12.0,1.0,11.59,11.47,2.34,6.41,,3.6,-11.59,-0.3,80.0
2026-06-11 14:39:18.017,1781177958.018,DWM1001C,59,LOS,punct_interior,5,12,4,3.965,12.0,1.0,11.48,11.49,2.33,6.43,,3.53,-11.63,0.33,80.0
2026-06-11 14:39:18.120,1781177958.121,DWM1001C,59,LOS,punct_interior,5,13,4,3.965,12.0,1.0,11.57,11.55,2.3,6.41,,3.53,-11.63,0.1,79.0
2026-06-11 14:39:18.223,1781177958.224,DWM1001C,59,LOS,punct_interior,5,14,4,3.965,12.0,1.0,11.98,11.48,2.3,6.42,,3.55,-11.62,-0.06,80.0
2026-06-11 14:39:18.327,1781177958.327,DWM1001C,59,LOS,punct_interior,5,15,4,3.965,12.0,1.0,11.45,11.49,2.34,6.36,,3.52,-11.66,0.49,81.0
2026-06-11 14:39:18.429,1781177958.43,DWM1001C,59,LOS,punct_interior,5,16,4,3.965,12.0,1.0,11.55,11.56,2.3,6.43,,3.52,-11.65,0.2,78.0
2026-06-11 14:39:18.532,1781177958.533,DWM1001C,59,LOS,punct_interior,5,17,4,3.965,12.0,1.0,11.51,11.45,2.31,6.42,,3.54,-11.62,0.04,81.0
2026-06-11 14:39:18.614,1781177958.615,DWM1001C,59,LOS,punct_interior,5,18,4,3.965,12.0,1.0,11.54,11.46,2.34,6.4,,3.56,-11.61,-0.1,81.0
2026-06-11 14:39:18.717,1781177958.718,DWM1001C,59,LOS,punct_interior,5,19,4,3.965,12.0,1.0,11.55,11.48,2.32,6.42,,3.56,-11.6,-0.21,80.0
2026-06-11 14:39:18.820,1781177958.821,DWM1001C,59,LOS,punct_interior,5,20,4,3.965,12.0,1.0,11.54,11.51,2.38,6.36,,3.59,-11.6,-0.29,81.0
2026-06-11 14:39:18.923,1781177958.923,DWM1001C,59,LOS,punct_interior,5,21,4,3.965,12.0,1.0,11.56,11.48,2.33,6.41,,3.59,-11.59,-0.35,80.0
2026-06-11 14:39:19.026,1781177959.026,DWM1001C,59,LOS,punct_interior,5,22,3,3.965,12.0,1.0,11.57,11.5,,6.4,,3.62,-11.59,-0.43,96.0
2026-06-11 14:39:19.128,1781177959.129,DWM1001C,59,LOS,punct_interior,5,23,4,3.965,12.0,1.0,11.61,11.47,2.35,6.37,,3.63,-11.59,-0.44,81.0
2026-06-11 14:39:19.232,1781177959.232,DWM1001C,59,LOS,punct_interior,5,24,4,3.965,12.0,1.0,11.53,11.53,2.35,6.41,,3.62,-11.59,-0.48,79.0
2026-06-11 14:39:19.315,1781177959.315,DWM1001C,59,LOS,punct_interior,5,25,4,3.965,12.0,1.0,11.54,11.51,2.33,6.41,,3.61,-11.59,-0.5,79.0
2026-06-11 14:39:19.439,1781177959.439,DWM1001C,59,LOS,punct_interior,5,26,4,3.965,12.0,1.0,11.5,11.55,2.3,6.46,,3.52,-11.65,0.19,78.0
2026-06-11 14:39:19.522,1781177959.522,DWM1001C,59,LOS,punct_interior,5,27,4,3.965,12.0,1.0,11.57,11.5,2.37,6.43,,3.53,-11.63,-0.01,79.0
2026-06-11 14:39:19.625,1781177959.625,DWM1001C,59,LOS,punct_interior,5,28,4,3.965,12.0,1.0,11.53,11.5,2.3,6.4,,3.54,-11.62,-0.14,80.0
2026-06-11 14:39:19.728,1781177959.728,DWM1001C,59,LOS,punct_interior,5,29,4,3.965,12.0,1.0,11.51,11.47,2.31,6.44,,3.56,-11.6,-0.24,80.0
2026-06-11 14:39:19.831,1781177959.832,DWM1001C,59,LOS,punct_interior,5,30,4,3.965,12.0,1.0,11.53,11.44,2.3,6.41,,3.57,-11.59,-0.29,81.0
2026-06-11 14:39:36.825,1781177976.825,DWM1001C,60,LOS,punct_interior,5,1,4,4.965,12.0,1.0,12.45,11.55,3.56,6.22,,4.68,-11.65,-1.05,83.0
2026-06-11 14:39:36.927,1781177976.927,DWM1001C,60,LOS,punct_interior,5,2,4,4.965,12.0,1.0,12.44,11.48,3.55,6.24,,4.69,-11.62,-1.04,84.0
2026-06-11 14:39:37.029,1781177977.03,DWM1001C,60,LOS,punct_interior,5,3,4,4.965,12.0,1.0,12.21,11.53,3.52,6.01,,4.73,-11.63,-0.95,88.0
2026-06-11 14:39:37.132,1781177977.133,DWM1001C,60,LOS,punct_interior,5,4,4,4.965,12.0,1.0,12.22,11.59,3.48,6.27,,4.68,-11.62,-1.02,81.0
2026-06-11 14:39:37.236,1781177977.236,DWM1001C,60,LOS,punct_interior,5,5,4,4.965,12.0,1.0,12.08,11.6,3.53,6.27,,4.65,-11.62,-1.07,81.0
2026-06-11 14:39:37.319,1781177977.319,DWM1001C,60,LOS,punct_interior,5,6,4,4.965,12.0,1.0,12.25,11.57,3.52,6.28,,4.64,-11.61,-1.11,81.0
2026-06-11 14:39:37.423,1781177977.423,DWM1001C,60,LOS,punct_interior,5,7,4,4.965,12.0,1.0,12.31,11.58,3.59,6.34,,4.62,-11.6,-1.17,80.0
2026-06-11 14:39:37.525,1781177977.526,DWM1001C,60,LOS,punct_interior,5,8,4,4.965,12.0,1.0,12.13,11.57,3.51,5.78,,4.71,-11.65,-0.94,93.0
2026-06-11 14:39:37.628,1781177977.629,DWM1001C,60,LOS,punct_interior,5,9,4,4.965,12.0,1.0,12.11,11.57,3.52,5.99,,4.74,-11.66,-0.89,87.0
2026-06-11 14:39:37.731,1781177977.732,DWM1001C,60,LOS,punct_interior,5,10,4,4.965,12.0,1.0,12.11,11.58,3.56,6.26,,4.71,-11.64,-0.98,81.0
2026-06-11 14:39:37.834,1781177977.835,DWM1001C,60,LOS,punct_interior,5,11,4,4.965,12.0,1.0,12.17,11.57,3.58,6.26,,4.7,-11.63,-1.04,81.0
2026-06-11 14:39:37.937,1781177977.938,DWM1001C,60,LOS,punct_interior,5,12,4,4.965,12.0,1.0,12.19,11.59,3.53,6.28,,4.67,-11.62,-1.09,81.0
2026-06-11 14:39:38.020,1781177978.021,DWM1001C,60,LOS,punct_interior,5,13,4,4.965,12.0,1.0,12.05,11.6,3.55,6.06,,4.69,-11.64,-1.05,85.0
2026-06-11 14:39:38.124,1781177978.124,DWM1001C,60,LOS,punct_interior,5,14,4,4.965,12.0,1.0,12.09,11.6,3.55,6.17,,4.69,-11.64,-1.07,83.0
2026-06-11 14:39:38.227,1781177978.227,DWM1001C,60,LOS,punct_interior,5,15,4,4.965,12.0,1.0,12.21,11.64,3.52,6.14,,4.68,-11.65,-1.08,82.0
2026-06-11 14:39:38.331,1781177978.332,DWM1001C,60,LOS,punct_interior,5,16,4,4.965,12.0,1.0,12.23,11.6,3.53,6.1,,4.69,-11.66,-1.05,84.0
2026-06-11 14:39:38.435,1781177978.435,DWM1001C,60,LOS,punct_interior,5,17,4,4.965,12.0,1.0,12.23,11.63,3.56,6.13,,4.7,-11.66,-1.06,83.0
2026-06-11 14:39:38.538,1781177978.538,DWM1001C,60,LOS,punct_interior,5,18,4,4.965,12.0,1.0,12.2,11.56,3.5,6.14,,4.7,-11.65,-1.04,84.0
2026-06-11 14:39:38.621,1781177978.622,DWM1001C,60,LOS,punct_interior,5,19,4,4.965,12.0,1.0,12.25,11.61,3.55,6.25,,4.67,-11.65,-1.09,81.0
2026-06-11 14:39:38.726,1781177978.727,DWM1001C,60,LOS,punct_interior,5,20,4,4.965,12.0,1.0,12.23,11.61,3.48,6.24,,4.64,-11.64,-1.12,81.0
2026-06-11 14:39:38.830,1781177978.831,DWM1001C,60,LOS,punct_interior,5,21,4,4.965,12.0,1.0,12.14,11.55,3.57,6.09,,4.69,-11.64,-1.06,86.0
2026-06-11 14:39:38.934,1781177978.934,DWM1001C,60,LOS,punct_interior,5,22,4,4.965,12.0,1.0,12.2,11.64,3.56,5.96,,4.72,-11.67,-1.0,87.0
2026-06-11 14:39:39.038,1781177979.038,DWM1001C,60,LOS,punct_interior,5,23,4,4.965,12.0,1.0,12.26,11.52,3.56,6.24,,4.72,-11.64,-1.03,83.0
2026-06-11 14:39:39.121,1781177979.121,DWM1001C,60,LOS,punct_interior,5,24,4,4.965,12.0,1.0,12.35,11.54,3.52,6.26,,4.69,-11.62,-1.06,82.0
2026-06-11 14:39:39.223,1781177979.224,DWM1001C,60,LOS,punct_interior,5,25,4,4.965,12.0,1.0,12.17,11.59,3.58,6.16,,4.7,-11.63,-1.06,83.0
2026-06-11 14:39:39.326,1781177979.327,DWM1001C,60,LOS,punct_interior,5,26,4,4.965,12.0,1.0,12.24,11.66,3.53,5.98,,4.72,-11.66,-1.02,86.0
2026-06-11 14:39:39.429,1781177979.43,DWM1001C,60,LOS,punct_interior,5,27,4,4.965,12.0,1.0,12.2,11.55,3.57,6.16,,4.73,-11.65,-1.02,84.0
2026-06-11 14:39:39.533,1781177979.534,DWM1001C,60,LOS,punct_interior,5,28,4,4.965,12.0,1.0,12.76,11.65,3.53,6.23,,4.69,-11.65,-1.08,80.0
2026-06-11 14:39:39.636,1781177979.636,DWM1001C,60,LOS,punct_interior,5,29,4,4.965,12.0,1.0,12.06,11.53,3.53,6.17,,4.7,-11.64,-1.06,84.0
2026-06-11 14:39:39.719,1781177979.72,DWM1001C,60,LOS,punct_interior,5,30,4,4.965,12.0,1.0,12.27,11.56,3.56,6.22,,4.69,-11.63,-1.08,83.0
2026-06-11 14:41:38.532,1781178098.532,DWM1001C,63,LOS,punct_interior,5,1,4,2.965,13.0,1.0,,12.73,1.79,6.05,9.54,2.13,-12.8,1.95,52.0
2026-06-11 14:41:38.635,1781178098.636,DWM1001C,63,LOS,punct_interior,5,2,4,2.965,13.0,1.0,,12.63,1.84,6.05,9.56,2.06,-12.82,1.93,61.0
2026-06-11 14:41:38.737,1781178098.738,DWM1001C,63,LOS,punct_interior,5,3,4,2.965,13.0,1.0,,12.76,1.77,6.04,9.48,2.09,-12.83,1.92,55.0
2026-06-11 14:41:38.840,1781178098.84,DWM1001C,63,LOS,punct_interior,5,4,4,2.965,13.0,1.0,,12.7,1.76,6.02,9.48,2.09,-12.84,1.92,57.0
2026-06-11 14:41:38.943,1781178098.944,DWM1001C,63,LOS,punct_interior,5,5,4,2.965,13.0,1.0,,12.72,1.81,5.68,9.48,2.12,-12.83,1.93,52.0
2026-06-11 14:41:39.025,1781178099.026,DWM1001C,63,LOS,punct_interior,5,6,4,2.965,13.0,1.0,,12.68,1.78,6.02,9.52,2.13,-12.81,1.94,50.0
2026-06-11 14:41:39.149,1781178099.15,DWM1001C,63,LOS,punct_interior,5,7,4,2.965,13.0,1.0,,12.66,1.82,5.82,9.5,2.15,-12.8,1.97,49.0
2026-06-11 14:41:39.231,1781178099.232,DWM1001C,63,LOS,punct_interior,5,8,4,2.965,13.0,1.0,,12.65,1.78,6.02,9.46,2.19,-12.79,1.97,48.0
2026-06-11 14:41:39.335,1781178099.336,DWM1001C,63,LOS,punct_interior,5,9,4,2.965,13.0,1.0,,12.68,1.76,6.06,9.6,2.09,-12.81,1.93,65.0
2026-06-11 14:41:39.438,1781178099.439,DWM1001C,63,LOS,punct_interior,5,10,4,2.965,13.0,1.0,,12.74,1.82,6.04,9.52,2.08,-12.83,1.93,58.0
2026-06-11 14:41:39.541,1781178099.542,DWM1001C,63,LOS,punct_interior,5,11,4,2.965,13.0,1.0,,12.71,1.8,6.04,9.56,2.09,-12.82,1.95,52.0
2026-06-11 14:41:39.644,1781178099.645,DWM1001C,63,LOS,punct_interior,5,12,4,2.965,13.0,1.0,,12.65,1.82,5.71,9.52,2.12,-12.8,1.97,48.0
2026-06-11 14:41:39.727,1781178099.727,DWM1001C,63,LOS,punct_interior,5,13,4,2.965,13.0,1.0,,12.7,1.78,6.03,9.51,2.14,-12.8,1.97,51.0
2026-06-11 14:41:39.829,1781178099.83,DWM1001C,63,LOS,punct_interior,5,14,4,2.965,13.0,1.0,,12.58,1.78,6.01,9.57,2.15,-12.76,1.99,45.0
2026-06-11 14:41:39.932,1781178099.932,DWM1001C,63,LOS,punct_interior,5,15,4,2.965,13.0,1.0,,12.71,1.83,5.71,9.54,2.15,-12.77,2.0,51.0
2026-06-11 14:41:40.035,1781178100.036,DWM1001C,63,LOS,punct_interior,5,16,4,2.965,13.0,1.0,,12.68,1.77,6.05,9.52,2.17,-12.77,1.99,50.0
2026-06-11 14:41:40.138,1781178100.139,DWM1001C,63,LOS,punct_interior,5,17,4,2.965,13.0,1.0,,12.67,1.77,6.07,9.51,2.15,-12.78,1.98,55.0
2026-06-11 14:41:40.241,1781178100.242,DWM1001C,63,LOS,punct_interior,5,18,4,2.965,13.0,1.0,,12.72,1.78,5.68,9.55,2.14,-12.79,1.98,53.0
2026-06-11 14:41:40.345,1781178100.345,DWM1001C,63,LOS,punct_interior,5,19,4,2.965,13.0,1.0,,12.64,1.81,6.03,9.6,2.03,-12.82,1.97,64.0
2026-06-11 14:41:40.428,1781178100.428,DWM1001C,63,LOS,punct_interior,5,20,4,2.965,13.0,1.0,,12.66,1.85,6.04,9.56,1.99,-12.84,1.97,61.0
2026-06-11 14:41:40.532,1781178100.532,DWM1001C,63,LOS,punct_interior,5,21,4,2.965,13.0,1.0,,12.64,1.79,6.08,9.45,2.06,-12.81,1.97,48.0
2026-06-11 14:41:40.637,1781178100.637,DWM1001C,63,LOS,punct_interior,5,22,4,2.965,13.0,1.0,,12.73,1.84,6.07,9.51,2.09,-12.81,1.98,52.0
2026-06-11 14:41:40.740,1781178100.74,DWM1001C,63,LOS,punct_interior,5,23,4,2.965,13.0,1.0,,12.67,1.78,6.04,9.5,2.13,-12.8,1.98,49.0
2026-06-11 14:41:40.843,1781178100.843,DWM1001C,63,LOS,punct_interior,5,24,4,2.965,13.0,1.0,,12.59,1.79,5.79,9.6,2.13,-12.77,2.0,46.0
2026-06-11 14:41:40.925,1781178100.926,DWM1001C,63,LOS,punct_interior,5,25,4,2.965,13.0,1.0,,12.68,1.83,6.04,9.52,2.16,-12.76,2.01,48.0
2026-06-11 14:41:41.050,1781178101.05,DWM1001C,63,LOS,punct_interior,5,26,4,2.965,13.0,1.0,,12.65,1.8,6.06,9.48,2.15,-12.78,2.01,53.0
2026-06-11 14:41:41.132,1781178101.133,DWM1001C,63,LOS,punct_interior,5,27,4,2.965,13.0,1.0,,12.63,1.82,5.99,9.61,2.14,-12.76,2.03,47.0
2026-06-11 14:41:41.237,1781178101.237,DWM1001C,63,LOS,punct_interior,5,28,4,2.965,13.0,1.0,,12.58,1.77,6.03,9.54,2.16,-12.74,2.03,46.0
2026-06-11 14:41:41.340,1781178101.341,DWM1001C,63,LOS,punct_interior,5,29,4,2.965,13.0,1.0,,12.65,1.76,6.04,9.51,2.16,-12.74,2.01,50.0
2026-06-11 14:41:41.445,1781178101.445,DWM1001C,63,LOS,punct_interior,5,30,4,2.965,13.0,1.0,,12.67,1.81,6.02,9.61,2.04,-12.79,1.99,66.0
2026-06-11 14:42:37.250,1781178157.25,DWM1001C,64,LOS,punct_interior,5,1,4,3.965,13.0,1.0,,12.57,2.67,5.37,8.56,3.29,-12.85,2.35,58.0
2026-06-11 14:42:37.332,1781178157.333,DWM1001C,64,LOS,punct_interior,5,2,4,3.965,13.0,1.0,,12.49,2.66,5.38,8.41,3.33,-12.83,2.33,65.0
2026-06-11 14:42:37.436,1781178157.436,DWM1001C,64,LOS,punct_interior,5,3,4,3.965,13.0,1.0,,12.58,2.64,5.32,8.33,3.36,-12.84,2.28,69.0
2026-06-11 14:42:37.538,1781178157.539,DWM1001C,64,LOS,punct_interior,5,4,4,3.965,13.0,1.0,,12.54,2.66,5.3,8.33,3.39,-12.84,2.26,69.0
2026-06-11 14:42:37.640,1781178157.641,DWM1001C,64,LOS,punct_interior,5,5,4,3.965,13.0,1.0,,12.63,2.67,5.28,8.42,3.38,-12.86,2.26,64.0
2026-06-11 14:42:37.744,1781178157.744,DWM1001C,64,LOS,punct_interior,5,6,4,3.965,13.0,1.0,,12.51,2.67,5.28,8.65,3.34,-12.83,2.32,54.0
2026-06-11 14:42:37.847,1781178157.848,DWM1001C,64,LOS,punct_interior,5,7,4,3.965,13.0,1.0,,12.5,2.65,5.3,8.57,3.33,-12.82,2.34,58.0
2026-06-11 14:42:37.929,1781178157.93,DWM1001C,64,LOS,punct_interior,5,8,4,3.965,13.0,1.0,,12.59,2.67,5.34,8.42,3.34,-12.83,2.32,64.0
2026-06-11 14:42:38.032,1781178158.033,DWM1001C,64,LOS,punct_interior,5,9,4,3.965,13.0,1.0,,12.57,2.66,5.33,8.4,3.36,-12.84,2.3,66.0
2026-06-11 14:42:38.136,1781178158.136,DWM1001C,64,LOS,punct_interior,5,10,4,3.965,13.0,1.0,,12.54,2.65,5.35,8.37,3.37,-12.84,2.28,67.0
2026-06-11 14:42:38.238,1781178158.239,DWM1001C,64,LOS,punct_interior,5,11,4,3.965,13.0,1.0,,12.61,2.61,5.36,8.3,3.4,-12.86,2.23,72.0
2026-06-11 14:42:38.342,1781178158.343,DWM1001C,64,LOS,punct_interior,5,12,4,3.965,13.0,1.0,,12.59,2.66,5.41,8.34,3.41,-12.86,2.21,68.0
2026-06-11 14:42:38.446,1781178158.446,DWM1001C,64,LOS,punct_interior,5,13,4,3.965,13.0,1.0,,12.55,2.61,5.32,8.45,3.39,-12.86,2.22,65.0
2026-06-11 14:42:38.549,1781178158.55,DWM1001C,64,LOS,punct_interior,5,14,4,3.965,13.0,1.0,,12.52,2.67,5.34,8.35,3.38,-12.87,2.19,69.0
2026-06-11 14:42:38.632,1781178158.633,DWM1001C,64,LOS,punct_interior,5,15,4,3.965,13.0,1.0,,12.46,2.68,5.33,8.32,3.42,-12.84,2.19,68.0
2026-06-11 14:42:38.735,1781178158.736,DWM1001C,64,LOS,punct_interior,5,16,3,3.965,13.0,1.0,,12.53,2.69,,8.56,3.39,-12.83,2.26,57.0
2026-06-11 14:42:38.838,1781178158.839,DWM1001C,64,LOS,punct_interior,5,17,4,3.965,13.0,1.0,,12.56,2.67,5.34,8.47,3.38,-12.83,2.28,62.0
2026-06-11 14:42:38.942,1781178158.942,DWM1001C,64,LOS,punct_interior,5,18,4,3.965,13.0,1.0,,12.51,2.66,5.41,8.35,3.4,-12.83,2.26,68.0
2026-06-11 14:42:39.045,1781178159.046,DWM1001C,64,LOS,punct_interior,5,19,4,3.965,13.0,1.0,,12.58,2.61,5.34,8.48,3.38,-12.84,2.26,63.0
2026-06-11 14:42:39.148,1781178159.148,DWM1001C,64,LOS,punct_interior,5,20,4,3.965,13.0,1.0,,12.59,2.68,5.35,8.55,3.35,-12.84,2.3,58.0
2026-06-11 14:42:39.230,1781178159.231,DWM1001C,64,LOS,punct_interior,5,21,4,3.965,13.0,1.0,,12.53,2.62,5.34,8.44,3.36,-12.84,2.28,65.0
2026-06-11 14:42:39.333,1781178159.334,DWM1001C,64,LOS,punct_interior,5,22,4,3.965,13.0,1.0,,12.55,2.66,5.34,8.33,3.38,-12.84,2.26,68.0
2026-06-11 14:42:39.436,1781178159.437,DWM1001C,64,LOS,punct_interior,5,23,4,3.965,13.0,1.0,,12.6,2.66,5.41,8.34,3.39,-12.85,2.24,68.0
2026-06-11 14:42:39.539,1781178159.54,DWM1001C,64,LOS,punct_interior,5,24,4,3.965,13.0,1.0,,12.57,2.68,5.32,8.5,3.37,-12.85,2.27,60.0
2026-06-11 14:42:39.643,1781178159.643,DWM1001C,64,LOS,punct_interior,5,25,4,3.965,13.0,1.0,,12.52,2.68,5.29,8.4,3.39,-12.84,2.28,64.0
2026-06-11 14:42:39.747,1781178159.747,DWM1001C,64,LOS,punct_interior,5,26,4,3.965,13.0,1.0,,12.47,2.66,5.34,8.47,3.39,-12.82,2.29,63.0
2026-06-11 14:42:39.829,1781178159.83,DWM1001C,64,LOS,punct_interior,5,27,4,3.965,13.0,1.0,,12.61,2.6,5.31,8.34,3.39,-12.84,2.24,71.0
2026-06-11 14:42:39.932,1781178159.933,DWM1001C,64,LOS,punct_interior,5,28,4,3.965,13.0,1.0,,12.59,2.64,5.37,8.41,3.39,-12.85,2.24,66.0
2026-06-11 14:42:40.056,1781178160.057,DWM1001C,64,LOS,punct_interior,5,29,4,3.965,13.0,1.0,,12.56,2.64,5.35,8.4,3.39,-12.85,2.23,66.0
2026-06-11 14:42:40.140,1781178160.14,DWM1001C,64,LOS,punct_interior,5,30,4,3.965,13.0,1.0,,12.54,2.63,5.33,8.59,3.36,-12.84,2.27,58.0
2026-06-11 14:59:55.102,1781179195.103,DWM1001C,65,LOS,punct_interior,5,1,4,4.965,13.0,1.0,,12.65,3.83,4.9,7.38,4.64,-12.96,2.61,66.0
2026-06-11 14:59:55.205,1781179195.206,DWM1001C,65,LOS,punct_interior,5,2,4,4.965,13.0,1.0,,12.56,3.78,4.88,7.36,4.63,-12.95,2.6,69.0
2026-06-11 14:59:55.309,1781179195.31,DWM1001C,65,LOS,punct_interior,5,3,4,4.965,13.0,1.0,,12.63,3.82,4.89,7.4,4.62,-12.96,2.62,66.0
2026-06-11 14:59:55.391,1781179195.392,DWM1001C,65,LOS,punct_interior,5,4,4,4.965,13.0,1.0,,12.61,3.79,4.88,7.36,4.62,-12.96,2.61,69.0
2026-06-11 14:59:55.494,1781179195.494,DWM1001C,65,LOS,punct_interior,5,5,4,4.965,13.0,1.0,,12.57,3.81,4.92,7.38,4.62,-12.96,2.62,67.0
2026-06-11 14:59:55.597,1781179195.597,DWM1001C,65,LOS,punct_interior,5,6,4,4.965,13.0,1.0,,12.59,3.8,4.83,7.29,4.63,-12.96,2.6,71.0
2026-06-11 14:59:55.700,1781179195.7,DWM1001C,65,LOS,punct_interior,5,7,4,4.965,13.0,1.0,,12.6,3.78,4.82,7.36,4.62,-12.96,2.59,69.0
2026-06-11 14:59:55.803,1781179195.803,DWM1001C,65,LOS,punct_interior,5,8,4,4.965,13.0,1.0,,12.64,3.83,4.78,7.46,4.6,-12.97,2.63,64.0
2026-06-11 14:59:55.906,1781179195.907,DWM1001C,65,LOS,punct_interior,5,9,4,4.965,13.0,1.0,,12.63,3.81,4.71,7.46,4.58,-12.97,2.66,65.0
2026-06-11 14:59:56.010,1781179196.011,DWM1001C,65,LOS,punct_interior,5,10,4,4.965,13.0,1.0,,12.53,3.83,4.7,7.47,4.58,-12.95,2.69,63.0
2026-06-11 14:59:56.093,1781179196.093,DWM1001C,65,LOS,punct_interior,5,11,4,4.965,13.0,1.0,,12.58,3.83,4.72,7.43,4.58,-12.94,2.7,65.0
2026-06-11 14:59:56.197,1781179196.197,DWM1001C,65,LOS,punct_interior,5,12,4,4.965,13.0,1.0,,12.59,3.8,4.71,7.27,4.61,-12.95,2.64,72.0
2026-06-11 14:59:56.301,1781179196.301,DWM1001C,65,LOS,punct_interior,5,13,4,4.965,13.0,1.0,,12.51,3.8,4.7,7.31,4.63,-12.93,2.62,70.0
2026-06-11 14:59:56.404,1781179196.404,DWM1001C,65,LOS,punct_interior,5,14,4,4.965,13.0,1.0,,12.66,3.84,4.75,7.32,4.63,-12.95,2.62,68.0
2026-06-11 14:59:56.507,1781179196.508,DWM1001C,65,LOS,punct_interior,5,15,4,4.965,13.0,1.0,,12.58,3.82,4.71,7.42,4.62,-12.95,2.64,66.0
2026-06-11 14:59:56.611,1781179196.611,DWM1001C,65,LOS,punct_interior,5,16,4,4.965,13.0,1.0,,12.58,3.84,4.74,7.37,4.62,-12.95,2.65,67.0
2026-06-11 14:59:56.693,1781179196.693,DWM1001C,65,LOS,punct_interior,5,17,4,4.965,13.0,1.0,,12.59,3.8,4.76,7.35,4.62,-12.95,2.63,69.0
2026-06-11 14:59:56.818,1781179196.818,DWM1001C,65,LOS,punct_interior,5,18,4,4.965,13.0,1.0,,12.6,3.8,4.75,7.41,4.61,-12.95,2.64,66.0
2026-06-11 14:59:56.900,1781179196.901,DWM1001C,65,LOS,punct_interior,5,19,4,4.965,13.0,1.0,,12.55,3.8,4.8,7.37,4.61,-12.94,2.64,68.0
2026-06-11 14:59:57.003,1781179197.004,DWM1001C,65,LOS,punct_interior,5,20,4,4.965,13.0,1.0,,12.52,3.84,4.71,7.41,4.62,-12.93,2.65,65.0
2026-06-11 14:59:57.106,1781179197.107,DWM1001C,65,LOS,punct_interior,5,21,4,4.965,13.0,1.0,,12.58,3.82,4.8,7.29,4.63,-12.93,2.63,70.0
2026-06-11 14:59:57.189,1781179197.19,DWM1001C,65,LOS,punct_interior,5,22,4,4.965,13.0,1.0,,12.57,3.8,4.73,7.33,4.64,-12.93,2.61,69.0
2026-06-11 14:59:57.312,1781179197.313,DWM1001C,65,LOS,punct_interior,5,23,4,4.965,13.0,1.0,,12.63,3.8,4.72,7.36,4.63,-12.95,2.61,68.0
2026-06-11 14:59:57.395,1781179197.396,DWM1001C,65,LOS,punct_interior,5,24,4,4.965,13.0,1.0,,12.54,3.83,4.77,7.33,4.64,-12.94,2.61,69.0
2026-06-11 14:59:57.498,1781179197.499,DWM1001C,65,LOS,punct_interior,5,25,4,4.965,13.0,1.0,,12.61,3.84,4.78,7.37,4.64,-12.95,2.62,67.0
2026-06-11 14:59:57.601,1781179197.602,DWM1001C,65,LOS,punct_interior,5,26,4,4.965,13.0,1.0,,12.49,3.81,4.71,7.4,4.64,-12.92,2.63,67.0
2026-06-11 14:59:57.705,1781179197.705,DWM1001C,65,LOS,punct_interior,5,27,4,4.965,13.0,1.0,,12.58,3.84,4.76,7.43,4.62,-12.92,2.66,65.0
2026-06-11 14:59:57.787,1781179197.788,DWM1001C,65,LOS,punct_interior,5,28,4,4.965,13.0,1.0,,12.62,3.81,4.78,7.28,4.63,-12.94,2.62,71.0
2026-06-11 14:59:57.889,1781179197.89,DWM1001C,65,LOS,punct_interior,5,29,4,4.965,13.0,1.0,,12.57,3.82,4.77,7.32,4.64,-12.94,2.62,69.0
2026-06-11 14:59:57.993,1781179197.993,DWM1001C,65,LOS,punct_interior,5,30,4,4.965,13.0,1.0,,12.58,3.77,4.7,7.34,4.64,-12.94,2.6,70.0
2026-06-11 15:00:18.092,1781179218.093,DWM1001C,74,LOS,punct_interior,5,1,4,3.965,14.0,1.0,,13.73,3.26,4.58,8.03,3.33,-14.01,2.11,65.0
2026-06-11 15:00:18.196,1781179218.197,DWM1001C,74,LOS,punct_interior,5,2,4,3.965,14.0,1.0,,13.62,3.29,4.56,8.07,3.35,-13.98,2.16,61.0
2026-06-11 15:00:18.300,1781179218.3,DWM1001C,74,LOS,punct_interior,5,3,4,3.965,14.0,1.0,,13.59,3.3,4.56,8.04,3.38,-13.96,2.2,61.0
2026-06-11 15:00:18.405,1781179218.405,DWM1001C,74,LOS,punct_interior,5,4,4,3.965,14.0,1.0,,13.71,3.26,4.63,8.06,3.37,-13.97,2.19,64.0
2026-06-11 15:00:18.488,1781179218.489,DWM1001C,74,LOS,punct_interior,5,5,4,3.965,14.0,1.0,,13.74,3.26,4.55,8.18,3.35,-13.99,2.21,65.0
2026-06-11 15:00:18.613,1781179218.614,DWM1001C,74,LOS,punct_interior,5,6,4,3.965,14.0,1.0,,13.7,3.26,4.55,8.05,3.36,-13.99,2.2,64.0
2026-06-11 15:00:18.696,1781179218.697,DWM1001C,74,LOS,punct_interior,5,7,4,3.965,14.0,1.0,,13.83,3.25,4.55,8.06,3.37,-13.97,1.44,68.0
2026-06-11 15:00:18.800,1781179218.801,DWM1001C,74,LOS,punct_interior,5,8,4,3.965,14.0,1.0,,13.68,3.24,4.56,8.1,3.37,-13.97,1.63,64.0
2026-06-11 15:00:18.904,1781179218.904,DWM1001C,74,LOS,punct_interior,5,9,4,3.965,14.0,1.0,,13.67,3.27,4.57,8.07,3.37,-13.97,1.79,63.0
2026-06-11 15:00:19.008,1781179219.009,DWM1001C,74,LOS,punct_interior,5,10,4,3.965,14.0,1.0,,13.68,3.31,4.54,8.19,3.35,-13.97,1.94,63.0
2026-06-11 15:00:19.092,1781179219.092,DWM1001C,74,LOS,punct_interior,5,11,4,3.965,14.0,1.0,,13.62,3.29,4.55,8.07,3.37,-13.96,2.03,61.0
2026-06-11 15:00:19.195,1781179219.196,DWM1001C,74,LOS,punct_interior,5,12,4,3.965,14.0,1.0,,13.74,3.29,4.51,8.19,3.34,-13.97,2.11,64.0
2026-06-11 15:00:19.299,1781179219.299,DWM1001C,74,LOS,punct_interior,5,13,4,3.965,14.0,1.0,,13.66,3.28,4.53,8.18,3.33,-13.96,2.17,63.0
2026-06-11 15:00:19.402,1781179219.403,DWM1001C,74,LOS,punct_interior,5,14,4,3.965,14.0,1.0,,13.7,3.3,4.63,8.08,3.34,-13.97,2.2,64.0
2026-06-11 15:00:19.506,1781179219.507,DWM1001C,74,LOS,punct_interior,5,15,4,3.965,14.0,1.0,,13.74,3.27,4.58,8.15,3.32,-13.99,2.21,65.0
2026-06-11 15:00:19.610,1781179219.611,DWM1001C,74,LOS,punct_interior,5,16,4,3.965,14.0,1.0,,13.68,3.23,4.65,8.17,3.31,-13.98,2.23,64.0
2026-06-11 15:00:19.693,1781179219.694,DWM1001C,74,LOS,punct_interior,5,17,4,3.965,14.0,1.0,,13.68,3.26,4.61,8.16,3.31,-13.98,2.25,63.0
2026-06-11 15:00:19.796,1781179219.797,DWM1001C,74,LOS,punct_interior,5,18,4,3.965,14.0,1.0,,13.77,3.29,4.59,8.19,3.29,-14.0,2.26,65.0
2026-06-11 15:00:19.899,1781179219.899,DWM1001C,74,LOS,punct_interior,5,19,4,3.965,14.0,1.0,,13.61,3.29,4.61,8.01,3.34,-13.98,2.26,61.0
2026-06-11 15:00:20.000,1781179220.001,DWM1001C,74,LOS,punct_interior,5,20,4,3.965,14.0,1.0,,13.77,3.29,4.62,8.15,3.32,-14.0,2.26,65.0
2026-06-11 15:00:20.103,1781179220.103,DWM1001C,74,LOS,punct_interior,5,21,4,3.965,14.0,1.0,,13.73,3.29,4.56,8.24,3.3,-14.0,2.29,64.0
2026-06-11 15:00:20.206,1781179220.207,DWM1001C,74,LOS,punct_interior,5,22,4,3.965,14.0,1.0,,13.66,3.26,4.62,8.1,3.31,-13.99,2.29,63.0
2026-06-11 15:00:20.288,1781179220.288,DWM1001C,74,LOS,punct_interior,5,23,4,3.965,14.0,1.0,,13.67,3.3,4.6,8.15,3.33,-13.98,2.31,62.0
2026-06-11 15:00:20.390,1781179220.39,DWM1001C,74,LOS,punct_interior,5,24,4,3.965,14.0,1.0,,13.74,3.28,4.6,8.22,3.3,-13.99,2.32,65.0
2026-06-11 15:00:20.492,1781179220.493,DWM1001C,74,LOS,punct_interior,5,25,4,3.965,14.0,1.0,,13.76,3.27,4.54,8.13,3.3,-14.0,2.29,65.0
2026-06-11 15:00:20.595,1781179220.595,DWM1001C,74,LOS,punct_interior,5,26,4,3.965,14.0,1.0,,13.7,3.29,4.56,8.16,3.31,-14.0,2.3,63.0
2026-06-11 15:00:20.696,1781179220.697,DWM1001C,74,LOS,punct_interior,5,27,4,3.965,14.0,1.0,,13.68,3.27,4.53,8.04,3.33,-13.99,2.27,63.0
2026-06-11 15:00:20.799,1781179220.799,DWM1001C,74,LOS,punct_interior,5,28,4,3.965,14.0,1.0,,13.68,3.27,4.59,8.18,3.33,-13.99,2.29,63.0
2026-06-11 15:00:20.902,1781179220.903,DWM1001C,74,LOS,punct_interior,5,29,4,3.965,14.0,1.0,,13.66,3.27,4.52,8.03,3.35,-13.98,2.27,63.0
2026-06-11 15:00:21.005,1781179221.006,DWM1001C,74,LOS,punct_interior,5,30,4,3.965,14.0,1.0,,13.74,3.27,4.61,8.15,3.34,-13.99,2.27,65.0
2026-06-11 15:00:30.403,1781179230.403,DWM1001C,75,LOS,punct_interior,5,1,4,4.965,14.0,1.0,,14.04,4.09,4.18,7.2,4.23,-14.14,0.93,64.0
2026-06-11 15:00:30.506,1781179230.506,DWM1001C,75,LOS,punct_interior,5,2,4,4.965,14.0,1.0,,13.89,4.06,4.24,7.38,4.2,-14.16,1.34,60.0
2026-06-11 15:00:30.589,1781179230.589,DWM1001C,75,LOS,punct_interior,5,3,4,4.965,14.0,1.0,,13.99,4.08,4.16,7.53,4.14,-14.2,1.68,62.0
2026-06-11 15:00:30.692,1781179230.693,DWM1001C,75,LOS,punct_interior,5,4,3,4.965,14.0,1.0,,13.84,4.09,,7.12,4.2,-14.2,1.86,68.0
2026-06-11 15:00:30.794,1781179230.795,DWM1001C,75,LOS,punct_interior,5,5,4,4.965,14.0,1.0,,13.76,4.03,4.08,7.32,4.2,-14.18,2.04,62.0
2026-06-11 15:00:30.897,1781179230.898,DWM1001C,75,LOS,punct_interior,5,6,3,4.965,14.0,1.0,,,4.07,4.14,7.1,4.27,-14.14,2.14,69.0
2026-06-11 15:00:31.000,1781179231.001,DWM1001C,75,LOS,punct_interior,5,7,4,4.965,14.0,1.0,,13.94,4.07,4.12,7.36,4.23,-14.17,2.24,61.0
2026-06-11 15:00:31.104,1781179231.105,DWM1001C,75,LOS,punct_interior,5,8,4,4.965,14.0,1.0,,13.97,4.08,4.08,7.27,4.22,-14.21,2.29,63.0
2026-06-11 15:00:31.207,1781179231.208,DWM1001C,75,LOS,punct_interior,5,9,4,4.965,14.0,1.0,,13.9,4.06,4.09,7.12,4.26,-14.17,1.47,71.0
2026-06-11 15:00:31.312,1781179231.312,DWM1001C,75,LOS,punct_interior,5,10,4,4.965,14.0,1.0,,13.9,4.08,4.1,7.48,4.21,-14.18,1.78,60.0
2026-06-11 15:00:31.395,1781179231.395,DWM1001C,75,LOS,punct_interior,5,11,4,4.965,14.0,1.0,,13.89,4.07,4.11,7.56,4.16,-14.19,2.03,60.0
2026-06-11 15:00:31.498,1781179231.498,DWM1001C,75,LOS,punct_interior,5,12,4,4.965,14.0,1.0,,13.85,4.06,4.08,7.34,4.16,-14.19,2.17,61.0
2026-06-11 15:00:31.600,1781179231.6,DWM1001C,75,LOS,punct_interior,5,13,4,4.965,14.0,1.0,,13.95,4.05,4.07,7.2,4.18,-14.22,2.21,66.0
2026-06-11 15:00:31.703,1781179231.703,DWM1001C,75,LOS,punct_interior,5,14,4,4.965,14.0,1.0,,13.9,4.06,4.09,7.39,4.17,-14.23,2.31,60.0
2026-06-11 15:00:31.806,1781179231.806,DWM1001C,75,LOS,punct_interior,5,15,4,4.965,14.0,1.0,,13.9,4.06,4.04,7.3,4.17,-14.24,2.36,62.0
2026-06-11 15:00:31.888,1781179231.889,DWM1001C,75,LOS,punct_interior,5,16,4,4.965,14.0,1.0,,13.81,4.09,4.08,7.31,4.19,-14.22,2.42,61.0
2026-06-11 15:00:31.992,1781179231.992,DWM1001C,75,LOS,punct_interior,5,17,4,4.965,14.0,1.0,,13.86,4.03,4.07,7.36,4.18,-14.22,2.46,61.0
2026-06-11 15:00:32.096,1781179232.097,DWM1001C,75,LOS,punct_interior,5,18,4,4.965,14.0,1.0,,13.95,4.06,4.09,7.43,4.15,-14.23,2.49,61.0
2026-06-11 15:00:32.201,1781179232.201,DWM1001C,75,LOS,punct_interior,5,19,4,4.965,14.0,1.0,,13.96,4.06,4.07,7.19,4.19,-14.2,1.63,70.0
2026-06-11 15:00:32.304,1781179232.305,DWM1001C,75,LOS,punct_interior,5,20,4,4.965,14.0,1.0,,13.91,4.09,4.08,7.45,4.16,-14.21,1.9,60.0
2026-06-11 15:00:32.408,1781179232.409,DWM1001C,75,LOS,punct_interior,5,21,4,4.965,14.0,1.0,,13.88,4.08,4.12,7.3,4.17,-14.21,2.06,62.0
2026-06-11 15:00:32.512,1781179232.512,DWM1001C,75,LOS,punct_interior,5,22,4,4.965,14.0,1.0,,13.84,4.07,4.11,7.33,4.17,-14.21,2.19,61.0
2026-06-11 15:00:32.596,1781179232.596,DWM1001C,75,LOS,punct_interior,5,23,4,4.965,14.0,1.0,,13.79,4.06,4.08,7.49,4.16,-14.19,2.34,58.0
2026-06-11 15:00:32.700,1781179232.7,DWM1001C,75,LOS,punct_interior,5,24,4,4.965,14.0,1.0,,13.94,4.05,4.06,7.45,4.13,-14.21,2.41,61.0
2026-06-11 15:00:32.803,1781179232.804,DWM1001C,75,LOS,punct_interior,5,25,4,4.965,14.0,1.0,,13.86,4.07,4.09,7.36,4.14,-14.21,2.46,61.0
2026-06-11 15:00:32.906,1781179232.907,DWM1001C,75,LOS,punct_interior,5,26,4,4.965,14.0,1.0,,13.86,4.07,4.08,7.36,4.15,-14.21,2.49,61.0
2026-06-11 15:00:32.989,1781179232.99,DWM1001C,75,LOS,punct_interior,5,27,4,4.965,14.0,1.0,,13.98,4.07,4.09,7.56,4.1,-14.23,2.55,62.0
2026-06-11 15:00:33.094,1781179233.095,DWM1001C,75,LOS,punct_interior,5,28,4,4.965,14.0,1.0,,13.93,4.08,4.07,7.53,4.08,-14.24,2.6,61.0
2026-06-11 15:00:33.199,1781179233.2,DWM1001C,75,LOS,punct_interior,5,29,4,4.965,14.0,1.0,,13.86,4.09,4.1,7.51,4.08,-14.23,2.65,59.0
2026-06-11 15:00:33.303,1781179233.304,DWM1001C,75,LOS,punct_interior,5,30,4,4.965,14.0,1.0,,13.81,4.07,4.11,7.15,4.14,-14.22,2.59,67.0
2026-06-11 15:01:08.803,1781179268.804,DWM1001C,85,LOS,punct_interior,5,1,4,4.965,15.0,1.0,,14.56,4.7,3.22,6.52,4.75,-14.86,-0.54,69.0
2026-06-11 15:01:08.906,1781179268.906,DWM1001C,85,LOS,punct_interior,5,2,4,4.965,15.0,1.0,,15.03,4.7,3.23,6.49,4.77,-14.84,-0.62,70.0
2026-06-11 15:01:08.987,1781179268.988,DWM1001C,85,LOS,punct_interior,5,3,4,4.965,15.0,1.0,,15.55,4.68,3.25,6.98,4.53,-15.15,-0.55,82.0
2026-06-11 15:01:09.090,1781179269.091,DWM1001C,85,LOS,punct_interior,5,4,4,4.965,15.0,1.0,,15.07,4.68,3.28,7.03,4.46,-15.16,0.18,70.0
2026-06-11 15:01:09.192,1781179269.193,DWM1001C,85,LOS,punct_interior,5,5,4,4.965,15.0,1.0,,15.04,4.74,3.22,6.67,4.51,-15.11,-0.11,63.0
2026-06-11 15:01:09.295,1781179269.295,DWM1001C,85,LOS,punct_interior,5,6,4,4.965,15.0,1.0,,15.06,4.72,3.25,6.95,4.47,-15.13,0.5,68.0
2026-06-11 15:01:09.397,1781179269.398,DWM1001C,85,LOS,punct_interior,5,7,4,4.965,15.0,1.0,,15.07,4.68,3.24,6.55,4.54,-15.05,0.16,68.0
2026-06-11 15:01:09.500,1781179269.501,DWM1001C,85,LOS,punct_interior,5,8,4,4.965,15.0,1.0,,14.57,4.71,3.19,6.97,4.48,-15.1,0.68,69.0
2026-06-11 15:01:09.582,1781179269.583,DWM1001C,85,LOS,punct_interior,5,9,3,4.965,15.0,1.0,,,4.67,3.21,7.41,4.3,-15.22,0.3,78.0
2026-06-11 15:01:09.704,1781179269.705,DWM1001C,85,LOS,punct_interior,5,10,4,4.965,15.0,1.0,,15.04,4.68,3.27,7.01,4.3,-15.21,0.81,70.0
2026-06-11 15:01:09.786,1781179269.787,DWM1001C,85,LOS,punct_interior,5,11,4,4.965,15.0,1.0,,14.95,4.73,3.22,6.51,4.42,-15.12,0.38,68.0
2026-06-11 15:01:09.888,1781179269.889,DWM1001C,85,LOS,punct_interior,5,12,4,4.965,15.0,1.0,,15.02,4.71,3.21,6.56,4.51,-15.06,0.07,67.0
2026-06-11 15:01:09.992,1781179269.992,DWM1001C,85,LOS,punct_interior,5,13,4,4.965,15.0,1.0,,15.07,4.73,3.19,6.99,4.46,-15.09,-0.2,69.0
2026-06-11 15:01:10.094,1781179270.095,DWM1001C,85,LOS,punct_interior,5,14,4,4.965,15.0,1.0,,15.04,4.72,3.23,6.54,4.54,-15.03,-0.38,68.0
2026-06-11 15:01:10.197,1781179270.198,DWM1001C,85,LOS,punct_interior,5,15,4,4.965,15.0,1.0,,15.08,4.72,3.22,6.98,4.47,-15.08,-0.53,69.0
2026-06-11 15:01:10.287,1781179270.287,DWM1001C,85,LOS,punct_interior,5,16,4,4.965,15.0,1.0,,14.6,4.72,3.21,7.31,4.26,-15.09,0.02,78.0
2026-06-11 15:01:10.397,1781179270.397,DWM1001C,85,LOS,punct_interior,5,17,4,4.965,15.0,1.0,,14.61,4.69,3.2,7.35,4.34,-15.07,0.57,64.0
2026-06-11 15:01:10.499,1781179270.499,DWM1001C,85,LOS,punct_interior,5,18,4,4.965,15.0,1.0,,14.6,4.71,3.21,6.53,4.46,-15.01,0.21,68.0
2026-06-11 15:01:10.602,1781179270.602,DWM1001C,85,LOS,punct_interior,5,19,4,4.965,15.0,1.0,,14.47,4.73,3.22,6.57,4.54,-14.98,0.71,66.0
2026-06-11 15:01:10.684,1781179270.684,DWM1001C,85,LOS,punct_interior,5,20,3,4.965,15.0,1.0,,,4.76,3.23,7.02,4.47,-15.06,0.26,70.0
2026-06-11 15:01:10.786,1781179270.787,DWM1001C,85,LOS,punct_interior,5,21,4,4.965,15.0,1.0,,14.56,4.71,3.24,6.9,4.45,-15.08,0.78,67.0
2026-06-11 15:01:10.889,1781179270.89,DWM1001C,85,LOS,punct_interior,5,22,4,4.965,15.0,1.0,,15.02,4.71,3.21,7.02,4.4,-15.12,0.34,70.0
2026-06-11 15:01:10.992,1781179270.993,DWM1001C,85,LOS,punct_interior,5,23,4,4.965,15.0,1.0,,14.58,4.73,3.23,6.92,4.39,-15.13,0.84,68.0
2026-06-11 15:01:11.095,1781179271.095,DWM1001C,85,LOS,punct_interior,5,24,4,4.965,15.0,1.0,,14.61,4.71,3.25,6.83,4.42,-15.12,1.21,65.0
2026-06-11 15:01:11.197,1781179271.198,DWM1001C,85,LOS,punct_interior,5,25,4,4.965,15.0,1.0,,15.04,4.73,3.26,6.92,4.41,-15.12,1.5,68.0
2026-06-11 15:01:11.299,1781179271.3,DWM1001C,85,LOS,punct_interior,5,26,4,4.965,15.0,1.0,,14.63,4.69,3.27,6.95,4.39,-15.13,1.71,68.0
2026-06-11 15:01:11.402,1781179271.403,DWM1001C,85,LOS,punct_interior,5,27,4,4.965,15.0,1.0,,14.56,4.69,3.2,7.51,4.09,-15.16,1.63,83.0
2026-06-11 15:01:11.504,1781179271.505,DWM1001C,85,LOS,punct_interior,5,28,4,4.965,15.0,1.0,,15.01,4.69,3.22,7.02,4.13,-15.18,0.98,70.0
2026-06-11 15:01:11.587,1781179271.588,DWM1001C,85,LOS,punct_interior,5,29,4,4.965,15.0,1.0,,14.63,4.72,3.25,7.06,4.15,-15.2,1.32,71.0
2026-06-11 15:01:11.690,1781179271.69,DWM1001C,85,LOS,punct_interior,5,30,4,4.965,15.0,1.0,,15.15,4.72,3.26,6.99,4.19,-15.22,0.7,69.0
2026-06-11 15:01:24.106,1781179284.106,DWM1001C,95,LOS,punct_interior,5,1,4,4.965,16.0,1.0,,15.86,6.53,2.12,6.11,5.19,-16.48,2.29,54.0
2026-06-11 15:01:24.187,1781179284.188,DWM1001C,95,LOS,punct_interior,5,2,4,4.965,16.0,1.0,,15.86,6.5,2.17,6.09,5.22,-16.54,2.36,52.0
2026-06-11 15:01:24.290,1781179284.29,DWM1001C,95,LOS,punct_interior,5,3,4,4.965,16.0,1.0,,15.9,6.44,2.12,6.07,5.24,-16.57,2.4,52.0
2026-06-11 15:01:24.391,1781179284.392,DWM1001C,95,LOS,punct_interior,5,4,4,4.965,16.0,1.0,,15.95,6.53,2.18,6.11,5.25,-16.61,2.46,53.0
2026-06-11 15:01:24.493,1781179284.494,DWM1001C,95,LOS,punct_interior,5,5,4,4.965,16.0,1.0,,15.84,5.99,2.18,6.08,5.24,-16.52,2.42,52.0
2026-06-11 15:01:24.595,1781179284.596,DWM1001C,95,LOS,punct_interior,5,6,4,4.965,16.0,1.0,,15.94,6.56,2.15,6.1,5.25,-16.58,2.46,53.0
2026-06-11 15:01:24.697,1781179284.697,DWM1001C,95,LOS,punct_interior,5,7,4,4.965,16.0,1.0,,15.95,6.54,2.16,6.07,5.27,-16.62,2.5,52.0
2026-06-11 15:01:24.799,1781179284.799,DWM1001C,95,LOS,punct_interior,5,8,4,4.965,16.0,1.0,,15.9,6.49,2.2,6.13,5.27,-16.65,2.53,54.0
2026-06-11 15:01:24.901,1781179284.902,DWM1001C,95,LOS,punct_interior,5,9,4,4.965,16.0,1.0,,15.86,6.5,2.17,6.15,5.23,-16.55,2.46,55.0
2026-06-11 15:01:25.003,1781179285.003,DWM1001C,95,LOS,punct_interior,5,10,4,4.965,16.0,1.0,,15.86,6.52,2.17,6.08,5.25,-16.59,2.5,52.0
2026-06-11 15:01:25.104,1781179285.105,DWM1001C,95,LOS,punct_interior,5,11,4,4.965,16.0,1.0,,15.87,6.46,2.1,6.07,5.26,-16.62,2.5,52.0
2026-06-11 15:01:25.186,1781179285.186,DWM1001C,95,LOS,punct_interior,5,12,4,4.965,16.0,1.0,,15.79,6.51,2.17,6.18,5.21,-16.51,2.42,56.0
2026-06-11 15:01:25.288,1781179285.288,DWM1001C,95,LOS,punct_interior,5,13,4,4.965,16.0,1.0,,15.88,6.45,2.14,6.08,5.23,-16.55,2.45,52.0
2026-06-11 15:01:25.390,1781179285.39,DWM1001C,95,LOS,punct_interior,5,14,4,4.965,16.0,1.0,,15.97,6.54,2.09,6.12,5.24,-16.61,2.47,54.0
2026-06-11 15:01:25.492,1781179285.492,DWM1001C,95,LOS,punct_interior,5,15,4,4.965,16.0,1.0,,15.85,6.53,2.04,6.11,5.2,-16.52,2.37,55.0
2026-06-11 15:01:25.594,1781179285.594,DWM1001C,95,LOS,punct_interior,5,16,4,4.965,16.0,1.0,,15.78,6.53,2.1,6.09,5.18,-16.43,2.31,53.0
2026-06-11 15:01:25.695,1781179285.696,DWM1001C,95,LOS,punct_interior,5,17,4,4.965,16.0,1.0,,15.94,6.46,2.06,6.08,5.21,-16.51,2.35,53.0
2026-06-11 15:01:25.798,1781179285.799,DWM1001C,95,LOS,punct_interior,5,18,4,4.965,16.0,1.0,,15.97,6.49,2.05,6.1,5.22,-16.57,2.37,54.0
2026-06-11 15:01:25.900,1781179285.901,DWM1001C,95,LOS,punct_interior,5,19,4,4.965,16.0,1.0,,15.96,6.52,2.13,6.11,5.23,-16.62,2.42,54.0
2026-06-11 15:01:26.002,1781179286.003,DWM1001C,95,LOS,punct_interior,5,20,4,4.965,16.0,1.0,,15.93,6.47,2.02,6.11,5.23,-16.66,2.42,55.0
2026-06-11 15:01:26.104,1781179286.105,DWM1001C,95,LOS,punct_interior,5,21,4,4.965,16.0,1.0,,15.97,6.5,2.03,6.08,5.25,-16.69,2.43,53.0
2026-06-11 15:01:26.187,1781179286.187,DWM1001C,95,LOS,punct_interior,5,22,4,4.965,16.0,1.0,,16.04,6.51,2.07,6.08,5.26,-16.71,2.44,53.0
2026-06-11 15:01:26.289,1781179286.289,DWM1001C,95,LOS,punct_interior,5,23,4,4.965,16.0,1.0,,15.89,6.51,2.07,6.14,5.21,-16.6,2.37,56.0
2026-06-11 15:01:26.391,1781179286.391,DWM1001C,95,LOS,punct_interior,5,24,4,4.965,16.0,1.0,,15.9,6.53,2.07,6.13,5.18,-16.53,2.32,55.0
2026-06-11 15:01:26.492,1781179286.493,DWM1001C,95,LOS,punct_interior,5,25,4,4.965,16.0,1.0,,15.87,6.49,2.09,6.09,5.21,-16.58,2.37,53.0
2026-06-11 15:01:26.594,1781179286.594,DWM1001C,95,LOS,punct_interior,5,26,4,4.965,16.0,1.0,,15.79,6.49,2.16,6.13,5.18,-16.48,2.32,54.0
2026-06-11 15:01:26.696,1781179286.697,DWM1001C,95,LOS,punct_interior,5,27,4,4.965,16.0,1.0,,15.93,6.1,2.15,6.11,5.19,-16.45,2.33,53.0
2026-06-11 15:01:26.798,1781179286.799,DWM1001C,95,LOS,punct_interior,5,28,4,4.965,16.0,1.0,,15.97,6.46,2.06,6.09,5.21,-16.52,2.36,54.0
2026-06-11 15:01:26.900,1781179286.9,DWM1001C,95,LOS,punct_interior,5,29,4,4.965,16.0,1.0,,15.85,6.48,2.04,6.09,5.19,-16.45,2.3,54.0
2026-06-11 15:01:27.002,1781179287.002,DWM1001C,95,LOS,punct_interior,5,30,4,4.965,16.0,1.0,,16.0,6.52,2.06,6.13,5.2,-16.54,2.34,55.0
2026-06-11 15:06:14.899,1781179574.9,DWM1001C,66,LOS,punct_interior,5,1,4,6.965,13.0,1.0,,17.11,4.68,4.96,6.7,5.43,-13.06,-1.62,63.0
2026-06-11 15:06:15.002,1781179575.002,DWM1001C,66,LOS,punct_interior,5,2,4,6.965,13.0,1.0,,17.35,4.66,4.95,6.73,5.43,-13.06,-1.63,63.0
2026-06-11 15:06:15.104,1781179575.105,DWM1001C,66,LOS,punct_interior,5,3,4,6.965,13.0,1.0,,17.16,4.69,5.01,6.71,5.44,-13.04,-1.63,63.0
2026-06-11 15:06:15.207,1781179575.207,DWM1001C,66,LOS,punct_interior,5,4,4,6.965,13.0,1.0,,17.05,4.67,4.96,6.67,5.46,-13.04,-1.62,65.0
2026-06-11 15:06:15.309,1781179575.31,DWM1001C,66,LOS,punct_interior,5,5,4,6.965,13.0,1.0,,17.26,4.66,4.93,6.68,5.46,-13.04,-1.61,65.0
2026-06-11 15:06:15.392,1781179575.392,DWM1001C,66,LOS,punct_interior,5,6,4,6.965,13.0,1.0,,17.6,4.72,4.97,6.73,5.46,-13.05,-1.64,62.0
2026-06-11 15:06:15.516,1781179575.517,DWM1001C,66,LOS,punct_interior,5,7,4,6.965,13.0,1.0,,17.56,4.74,4.97,6.72,5.46,-13.06,-1.66,61.0
2026-06-11 15:06:15.600,1781179575.6,DWM1001C,66,LOS,punct_interior,5,8,4,6.965,13.0,1.0,,17.35,4.67,4.97,6.74,5.45,-13.06,-1.67,63.0
2026-06-11 15:06:15.704,1781179575.704,DWM1001C,66,LOS,punct_interior,5,9,4,6.965,13.0,1.0,,17.56,4.71,5.0,6.75,5.45,-13.06,-1.68,61.0
2026-06-11 15:06:15.808,1781179575.808,DWM1001C,66,LOS,punct_interior,5,10,4,6.965,13.0,1.0,,17.57,4.68,4.97,6.72,5.45,-13.06,-1.68,63.0
2026-06-11 15:06:15.911,1781179575.911,DWM1001C,66,LOS,punct_interior,5,11,4,6.965,13.0,1.0,,17.53,4.63,4.92,6.76,5.43,-13.07,-1.68,63.0
2026-06-11 15:06:15.994,1781179575.995,DWM1001C,66,LOS,punct_interior,5,12,4,6.965,13.0,1.0,,17.41,4.64,4.98,6.78,5.41,-13.07,-1.68,62.0
2026-06-11 15:06:16.097,1781179576.098,DWM1001C,66,LOS,punct_interior,5,13,4,6.965,13.0,1.0,,17.56,4.63,4.97,6.71,5.42,-13.05,-1.66,65.0
2026-06-11 15:06:16.201,1781179576.201,DWM1001C,66,LOS,punct_interior,5,14,4,6.965,13.0,1.0,,17.41,4.62,4.97,6.68,5.44,-13.04,-1.63,66.0
2026-06-11 15:06:16.305,1781179576.306,DWM1001C,66,LOS,punct_interior,5,15,4,6.965,13.0,1.0,,17.43,4.63,5.0,6.69,5.45,-13.01,-1.6,66.0
2026-06-11 15:06:16.388,1781179576.388,DWM1001C,66,LOS,punct_interior,5,16,3,6.965,13.0,1.0,,17.41,4.68,4.97,,,,,
2026-06-11 15:06:16.492,1781179576.492,DWM1001C,66,LOS,punct_interior,5,17,3,6.965,13.0,1.0,,17.65,4.64,4.98,,,,,
2026-06-11 15:06:16.595,1781179576.595,DWM1001C,66,LOS,punct_interior,5,18,3,6.965,13.0,1.0,,16.6,4.64,4.96,,,,,
2026-06-11 15:06:16.697,1781179576.698,DWM1001C,66,LOS,punct_interior,5,19,3,6.965,13.0,1.0,,,4.66,5.01,6.64,5.48,-12.99,-0.5,66.0
2026-06-11 15:06:16.801,1781179576.802,DWM1001C,66,LOS,punct_interior,5,20,4,6.965,13.0,1.0,,17.18,4.68,4.96,6.73,5.46,-13.01,-0.79,63.0
2026-06-11 15:06:16.885,1781179576.886,DWM1001C,66,LOS,punct_interior,5,21,3,6.965,13.0,1.0,,,4.68,4.95,6.74,5.45,-13.03,0.15,63.0
2026-06-11 15:06:17.011,1781179577.011,DWM1001C,66,LOS,punct_interior,5,22,4,6.965,13.0,1.0,,17.35,4.65,4.94,6.75,5.44,-13.05,-0.3,63.0
2026-06-11 15:06:17.115,1781179577.115,DWM1001C,66,LOS,punct_interior,5,23,4,6.965,13.0,1.0,,17.39,4.69,4.96,6.7,5.44,-13.05,-0.64,63.0
2026-06-11 15:06:17.198,1781179577.198,DWM1001C,66,LOS,punct_interior,5,24,4,6.965,13.0,1.0,,17.25,4.68,4.97,6.75,5.44,-13.05,-0.9,62.0
2026-06-11 15:06:17.301,1781179577.302,DWM1001C,66,LOS,punct_interior,5,25,4,6.965,13.0,1.0,,17.05,4.67,4.95,6.75,5.43,-13.07,-1.1,62.0
2026-06-11 15:06:17.404,1781179577.404,DWM1001C,66,LOS,punct_interior,5,26,4,6.965,13.0,1.0,,17.27,4.72,5.01,6.71,5.44,-13.05,-1.25,62.0
2026-06-11 15:06:17.507,1781179577.508,DWM1001C,66,LOS,punct_interior,5,27,4,6.965,13.0,1.0,,17.39,4.66,5.01,6.66,5.46,-13.02,-1.32,65.0
2026-06-11 15:06:17.611,1781179577.611,DWM1001C,66,LOS,punct_interior,5,28,4,6.965,13.0,1.0,,17.27,4.65,4.97,6.71,5.46,-13.02,-1.4,64.0
2026-06-11 15:06:17.694,1781179577.694,DWM1001C,66,LOS,punct_interior,5,29,4,6.965,13.0,1.0,,17.45,4.65,4.97,6.71,5.46,-13.02,-1.45,64.0
2026-06-11 15:06:17.799,1781179577.799,DWM1001C,66,LOS,punct_interior,5,30,3,6.965,13.0,1.0,,,4.66,5.01,6.73,5.46,-13.01,-0.35,63.0
2026-06-11 15:06:36.198,1781179596.199,DWM1001C,67,LOS,punct_interior,5,1,3,7.965,13.0,1.0,,,5.57,5.48,5.99,6.7,-12.43,-1.43,60.0
2026-06-11 15:06:36.303,1781179596.303,DWM1001C,67,LOS,punct_interior,5,2,3,7.965,13.0,1.0,,,5.58,5.44,6.02,6.69,-12.45,-1.47,59.0
2026-06-11 15:06:36.408,1781179596.408,DWM1001C,67,LOS,punct_interior,5,3,3,7.965,13.0,1.0,,,5.6,5.53,5.94,6.72,-12.42,-1.44,60.0
2026-06-11 15:06:36.491,1781179596.492,DWM1001C,67,LOS,punct_interior,5,4,3,7.965,13.0,1.0,,,5.54,5.53,5.98,6.72,-12.39,-1.41,61.0
2026-06-11 15:06:36.594,1781179596.595,DWM1001C,67,LOS,punct_interior,5,5,3,7.965,13.0,1.0,,,5.56,5.51,6.03,6.71,-12.39,-1.43,59.0
2026-06-11 15:06:36.696,1781179596.697,DWM1001C,67,LOS,punct_interior,5,6,3,7.965,13.0,1.0,,,5.56,5.39,5.97,6.7,-12.43,-1.45,60.0
2026-06-11 15:06:36.799,1781179596.8,DWM1001C,67,LOS,punct_interior,5,7,3,7.965,13.0,1.0,,,5.55,5.45,5.93,6.71,-12.42,-1.42,62.0
2026-06-11 15:06:36.902,1781179596.903,DWM1001C,67,LOS,punct_interior,5,8,3,7.965,13.0,1.0,,,5.59,5.53,5.97,6.72,-12.4,-1.42,60.0
2026-06-11 15:06:36.986,1781179596.986,DWM1001C,67,LOS,punct_interior,5,9,3,7.965,13.0,1.0,,,5.57,5.45,6.02,6.71,-12.42,-1.45,59.0
2026-06-11 15:06:37.089,1781179597.09,DWM1001C,67,LOS,punct_interior,5,10,3,7.965,13.0,1.0,,,5.55,5.55,5.96,6.73,-12.39,-1.4,61.0
2026-06-11 15:06:37.192,1781179597.193,DWM1001C,67,LOS,punct_interior,5,11,3,7.965,13.0,1.0,,,5.56,5.63,5.98,6.75,-12.33,-1.35,60.0
2026-06-11 15:06:37.295,1781179597.295,DWM1001C,67,LOS,punct_interior,5,12,3,7.965,13.0,1.0,,,5.52,5.75,6.02,6.78,-12.25,-1.27,60.0
2026-06-11 15:06:37.397,1781179597.398,DWM1001C,67,LOS,punct_interior,5,13,3,7.965,13.0,1.0,,,5.58,5.5,6.0,6.76,-12.29,-0.26,59.0
2026-06-11 15:06:37.500,1781179597.5,DWM1001C,67,LOS,punct_interior,5,14,3,7.965,13.0,1.0,,,5.57,5.44,5.95,6.75,-12.33,0.48,61.0
2026-06-11 15:06:37.582,1781179597.582,DWM1001C,67,LOS,punct_interior,5,15,3,7.965,13.0,1.0,,,5.57,5.71,5.99,6.78,-12.26,0.08,60.0
2026-06-11 15:06:37.706,1781179597.706,DWM1001C,67,LOS,punct_interior,5,16,3,7.965,13.0,1.0,,,5.62,5.42,6.01,6.75,-12.34,0.8,58.0
2026-06-11 15:06:37.789,1781179597.79,DWM1001C,67,LOS,punct_interior,5,17,3,7.965,13.0,1.0,,,5.56,6.1,5.95,6.86,-12.1,0.54,63.0
2026-06-11 15:06:37.892,1781179597.893,DWM1001C,67,LOS,punct_interior,5,18,3,7.965,13.0,1.0,,,5.57,6.02,5.95,6.93,-11.96,0.42,61.0
2026-06-11 15:06:37.996,1781179597.997,DWM1001C,67,LOS,punct_interior,5,19,3,7.965,13.0,1.0,,,5.57,5.46,5.98,6.87,-12.08,1.0,60.0
2026-06-11 15:06:38.100,1781179598.101,DWM1001C,67,LOS,punct_interior,5,20,3,7.965,13.0,1.0,,,5.56,5.52,5.98,6.84,-12.14,1.42,60.0
2026-06-11 15:06:38.183,1781179598.184,DWM1001C,67,LOS,punct_interior,5,21,3,7.965,13.0,1.0,,,5.58,5.49,6.02,6.8,-12.21,1.77,58.0
2026-06-11 15:06:38.286,1781179598.286,DWM1001C,67,LOS,punct_interior,5,22,3,7.965,13.0,1.0,,,5.58,5.56,6.02,6.79,-12.24,2.01,59.0
2026-06-11 15:06:38.387,1781179598.388,DWM1001C,67,LOS,punct_interior,5,23,3,7.965,13.0,1.0,,,5.54,5.56,5.95,6.79,-12.24,2.14,62.0
2026-06-11 15:06:38.491,1781179598.492,DWM1001C,67,LOS,punct_interior,5,24,3,7.965,13.0,1.0,,,5.57,5.7,5.99,6.81,-12.21,2.22,60.0
2026-06-11 15:06:38.594,1781179598.594,DWM1001C,67,LOS,punct_interior,5,25,3,7.965,13.0,1.0,,,5.61,5.51,5.91,6.81,-12.24,2.32,61.0
2026-06-11 15:06:38.683,1781179598.683,DWM1001C,67,LOS,punct_interior,5,26,3,7.965,13.0,1.0,,,5.55,5.62,6.01,6.8,-12.23,2.39,60.0
2026-06-11 15:06:38.785,1781179598.786,DWM1001C,67,LOS,punct_interior,5,27,3,7.965,13.0,1.0,,,5.59,5.68,5.95,6.82,-12.2,2.4,60.0
2026-06-11 15:06:38.890,1781179598.89,DWM1001C,67,LOS,punct_interior,5,28,3,7.965,13.0,1.0,,,5.6,5.48,5.99,6.79,-12.26,2.5,59.0
2026-06-11 15:06:38.993,1781179598.993,DWM1001C,67,LOS,punct_interior,5,29,3,7.965,13.0,1.0,,,5.59,5.52,5.97,6.78,-12.29,2.56,60.0
2026-06-11 15:06:39.098,1781179599.098,DWM1001C,67,LOS,punct_interior,5,30,3,7.965,13.0,1.0,,,5.58,5.49,6.0,6.77,-12.32,1.55,59.0
2026-06-11 15:06:50.583,1781179610.584,DWM1001C,68,LOS,punct_interior,5,1,3,8.965,13.0,1.0,,,6.58,5.44,5.85,7.24,-12.84,2.88,56.0
2026-06-11 15:06:50.685,1781179610.686,DWM1001C,68,LOS,punct_interior,5,2,3,8.965,13.0,1.0,,,6.59,5.93,5.67,7.33,-12.73,3.0,58.0
2026-06-11 15:06:50.788,1781179610.788,DWM1001C,68,LOS,punct_interior,5,3,3,8.965,13.0,1.0,,,6.6,6.35,5.98,7.4,-12.53,3.09,63.0
2026-06-11 15:06:50.890,1781179610.891,DWM1001C,68,LOS,punct_interior,5,4,3,8.965,13.0,1.0,,,6.55,5.48,6.07,7.27,-12.73,1.6,58.0
2026-06-11 15:06:50.992,1781179610.992,DWM1001C,68,LOS,punct_interior,5,5,3,8.965,13.0,1.0,,,6.54,5.95,6.04,7.26,-12.69,2.17,61.0
2026-06-11 15:06:51.094,1781179611.095,DWM1001C,68,LOS,punct_interior,5,6,3,8.965,13.0,1.0,,,6.61,6.33,5.76,7.39,-12.47,2.36,62.0
2026-06-11 15:06:51.197,1781179611.197,DWM1001C,68,LOS,punct_interior,5,7,3,8.965,13.0,1.0,,,6.55,6.3,5.79,7.48,-12.31,1.35,62.0
2026-06-11 15:06:51.299,1781179611.3,DWM1001C,68,LOS,punct_interior,5,8,3,8.965,13.0,1.0,,,6.54,5.92,5.93,7.44,-12.37,0.41,60.0
2026-06-11 15:06:51.381,1781179611.382,DWM1001C,68,LOS,punct_interior,5,9,3,8.965,13.0,1.0,,,6.61,5.44,6.03,7.3,-12.63,-0.42,58.0
2026-06-11 15:06:51.484,1781179611.485,DWM1001C,68,LOS,punct_interior,5,10,3,8.965,13.0,1.0,,,6.57,5.49,5.81,7.26,-12.76,0.66,56.0
2026-06-11 15:06:51.586,1781179611.587,DWM1001C,68,LOS,punct_interior,5,11,3,8.965,13.0,1.0,,,6.56,5.88,6.0,7.25,-12.74,1.46,60.0
2026-06-11 15:06:51.689,1781179611.689,DWM1001C,68,LOS,punct_interior,5,12,3,8.965,13.0,1.0,,,6.61,5.49,6.02,7.17,-12.89,2.15,58.0
2026-06-11 15:06:51.791,1781179611.792,DWM1001C,68,LOS,punct_interior,5,13,3,8.965,13.0,1.0,,,6.6,5.9,6.02,7.19,-12.84,2.6,60.0
2026-06-11 15:06:51.895,1781179611.895,DWM1001C,68,LOS,punct_interior,5,14,3,8.965,13.0,1.0,,,6.53,5.91,6.03,7.19,-12.79,2.92,61.0
2026-06-11 15:06:51.997,1781179611.997,DWM1001C,68,LOS,punct_interior,5,15,3,8.965,13.0,1.0,,,6.59,5.45,5.82,7.17,-12.9,3.18,56.0
2026-06-11 15:06:52.100,1781179612.1,DWM1001C,68,LOS,punct_interior,5,16,3,8.965,13.0,1.0,,,6.55,6.29,5.94,7.27,-12.67,3.21,63.0
2026-06-11 15:06:52.203,1781179612.204,DWM1001C,68,LOS,punct_interior,5,17,3,8.965,13.0,1.0,,,6.58,5.96,6.06,7.26,-12.65,3.4,61.0
2026-06-11 15:06:52.287,1781179612.287,DWM1001C,68,LOS,punct_interior,5,18,3,8.965,13.0,1.0,,,6.59,5.94,5.65,7.35,-12.58,3.37,58.0
2026-06-11 15:06:52.391,1781179612.392,DWM1001C,68,LOS,punct_interior,5,19,3,8.965,13.0,1.0,,,6.57,5.87,6.09,7.29,-12.63,1.84,61.0
2026-06-11 15:06:52.495,1781179612.496,DWM1001C,68,LOS,punct_interior,5,20,3,8.965,13.0,1.0,,,6.56,5.46,5.9,7.22,-12.78,2.38,57.0
2026-06-11 15:06:52.600,1781179612.601,DWM1001C,68,LOS,punct_interior,5,21,3,8.965,13.0,1.0,,,6.67,5.48,5.9,7.19,-12.92,2.82,57.0
2026-06-11 15:06:52.684,1781179612.684,DWM1001C,68,LOS,punct_interior,5,22,3,8.965,13.0,1.0,,,6.56,5.5,6.03,7.12,-13.01,3.15,58.0
2026-06-11 15:06:52.787,1781179612.788,DWM1001C,68,LOS,punct_interior,5,23,3,8.965,13.0,1.0,,,6.52,5.38,5.68,7.13,-13.05,3.29,54.0
2026-06-11 15:06:52.891,1781179612.892,DWM1001C,68,LOS,punct_interior,5,24,3,8.965,13.0,1.0,,,6.61,5.49,6.07,7.08,-13.13,3.53,58.0
2026-06-11 15:06:52.995,1781179612.996,DWM1001C,68,LOS,punct_interior,5,25,3,8.965,13.0,1.0,,,6.53,5.5,6.01,7.04,-13.16,3.67,58.0
2026-06-11 15:06:53.099,1781179613.1,DWM1001C,68,LOS,punct_interior,5,26,3,8.965,13.0,1.0,,,6.57,5.39,5.97,7.01,-13.22,3.78,57.0
2026-06-11 15:06:53.182,1781179613.182,DWM1001C,68,LOS,punct_interior,5,27,3,8.965,13.0,1.0,,,6.61,5.47,6.15,6.96,-13.28,3.92,59.0
2026-06-11 15:06:53.285,1781179613.286,DWM1001C,68,LOS,punct_interior,5,28,3,8.965,13.0,1.0,,,6.55,5.48,6.01,6.95,-13.28,3.97,58.0
2026-06-11 15:06:53.388,1781179613.388,DWM1001C,68,LOS,punct_interior,5,29,3,8.965,13.0,1.0,,,6.61,5.92,5.95,7.04,-13.12,3.94,60.0
2026-06-11 15:06:53.490,1781179613.491,DWM1001C,68,LOS,punct_interior,5,30,3,8.965,13.0,1.0,,,6.59,5.93,6.02,7.09,-13.01,3.94,61.0
2026-06-11 15:08:58.003,1781179738.003,DWM1001C,87,LOS,punct_interior,5,1,3,7.965,15.0,1.0,,,7.17,3.63,3.87,7.78,-14.83,2.47,73.0
2026-06-11 15:08:58.105,1781179738.106,DWM1001C,87,LOS,punct_interior,5,2,3,7.965,15.0,1.0,,,7.19,3.66,3.88,7.78,-14.83,2.48,72.0
2026-06-11 15:08:58.188,1781179738.188,DWM1001C,87,LOS,punct_interior,5,3,3,7.965,15.0,1.0,,,7.16,3.69,3.89,7.79,-14.82,2.48,73.0
2026-06-11 15:08:58.291,1781179738.291,DWM1001C,87,LOS,punct_interior,5,4,3,7.965,15.0,1.0,,,7.13,3.66,3.87,7.79,-14.82,2.46,74.0
2026-06-11 15:08:58.394,1781179738.394,DWM1001C,87,LOS,punct_interior,5,5,3,7.965,15.0,1.0,,,7.16,3.61,3.9,7.78,-14.83,2.46,72.0
2026-06-11 15:08:58.499,1781179738.5,DWM1001C,87,LOS,punct_interior,5,6,3,7.965,15.0,1.0,,,7.12,3.63,3.9,7.78,-14.83,2.45,74.0
2026-06-11 15:08:58.604,1781179738.604,DWM1001C,87,LOS,punct_interior,5,7,3,7.965,15.0,1.0,,,7.11,3.66,3.87,7.78,-14.81,2.44,75.0
2026-06-11 15:08:58.687,1781179738.688,DWM1001C,87,LOS,punct_interior,5,8,3,7.965,15.0,1.0,,,7.11,3.65,3.87,7.78,-14.8,2.42,75.0
2026-06-11 15:08:58.792,1781179738.792,DWM1001C,87,LOS,punct_interior,5,9,3,7.965,15.0,1.0,,,7.14,3.7,3.9,7.79,-14.8,2.43,73.0
2026-06-11 15:08:58.895,1781179738.896,DWM1001C,87,LOS,punct_interior,5,10,3,7.965,15.0,1.0,,,7.16,3.68,3.9,7.79,-14.8,2.45,72.0
2026-06-11 15:08:59.000,1781179739.0,DWM1001C,87,LOS,punct_interior,5,11,3,7.965,15.0,1.0,,,7.17,3.67,3.9,7.79,-14.81,2.46,72.0
2026-06-11 15:08:59.103,1781179739.104,DWM1001C,87,LOS,punct_interior,5,12,3,7.965,15.0,1.0,,,7.13,3.61,3.85,7.79,-14.81,2.44,75.0
2026-06-11 15:08:59.187,1781179739.188,DWM1001C,87,LOS,punct_interior,5,13,3,7.965,15.0,1.0,,,7.23,3.66,3.91,7.79,-14.83,2.47,69.0
2026-06-11 15:08:59.291,1781179739.291,DWM1001C,87,LOS,punct_interior,5,14,3,7.965,15.0,1.0,,,7.12,3.64,3.89,7.79,-14.83,2.46,74.0
2026-06-11 15:08:59.394,1781179739.395,DWM1001C,87,LOS,punct_interior,5,15,3,7.965,15.0,1.0,,,7.13,3.66,3.86,7.79,-14.81,2.44,74.0
2026-06-11 15:08:59.498,1781179739.498,DWM1001C,87,LOS,punct_interior,5,16,3,7.965,15.0,1.0,,,7.23,3.66,3.91,7.8,-14.84,2.47,70.0
2026-06-11 15:08:59.601,1781179739.601,DWM1001C,87,LOS,punct_interior,5,17,3,7.965,15.0,1.0,,,7.12,3.68,3.85,7.8,-14.81,2.44,76.0
2026-06-11 15:08:59.704,1781179739.705,DWM1001C,87,LOS,punct_interior,5,18,3,7.965,15.0,1.0,,,7.12,3.68,3.88,7.8,-14.8,2.44,74.0
2026-06-11 15:08:59.808,1781179739.809,DWM1001C,87,LOS,punct_interior,5,19,3,7.965,15.0,1.0,,,7.14,3.67,3.92,7.79,-14.8,2.45,72.0
2026-06-11 15:08:59.892,1781179739.892,DWM1001C,87,LOS,punct_interior,5,20,3,7.965,15.0,1.0,,,7.16,3.64,3.91,7.79,-14.81,2.46,72.0
2026-06-11 15:08:59.996,1781179739.996,DWM1001C,87,LOS,punct_interior,5,21,3,7.965,15.0,1.0,,,7.1,3.66,3.92,7.78,-14.8,2.45,74.0
2026-06-11 15:09:00.100,1781179740.1,DWM1001C,87,LOS,punct_interior,5,22,3,7.965,15.0,1.0,,,7.15,3.68,3.9,7.79,-14.8,2.46,73.0
2026-06-11 15:09:00.202,1781179740.203,DWM1001C,87,LOS,punct_interior,5,23,3,7.965,15.0,1.0,,,7.12,3.65,3.89,7.78,-14.8,2.45,74.0
2026-06-11 15:09:00.285,1781179740.286,DWM1001C,87,LOS,punct_interior,5,24,3,7.965,15.0,1.0,,,7.14,3.65,3.89,7.79,-14.8,2.45,73.0
2026-06-11 15:09:00.390,1781179740.39,DWM1001C,87,LOS,punct_interior,5,25,3,7.965,15.0,1.0,,,7.12,3.65,3.87,7.79,-14.8,2.43,75.0
2026-06-11 15:09:00.493,1781179740.494,DWM1001C,87,LOS,punct_interior,5,26,3,7.965,15.0,1.0,,,7.16,3.64,3.88,7.79,-14.81,2.44,73.0
2026-06-11 15:09:00.597,1781179740.598,DWM1001C,87,LOS,punct_interior,5,27,3,7.965,15.0,1.0,,,7.16,3.64,3.88,7.79,-14.82,2.44,73.0
2026-06-11 15:09:00.701,1781179740.701,DWM1001C,87,LOS,punct_interior,5,28,3,7.965,15.0,1.0,,,7.2,3.66,3.86,7.8,-14.83,2.45,72.0
2026-06-11 15:09:00.805,1781179740.805,DWM1001C,87,LOS,punct_interior,5,29,3,7.965,15.0,1.0,,,7.2,3.66,3.88,7.8,-14.84,2.46,71.0
2026-06-11 15:09:00.888,1781179740.889,DWM1001C,87,LOS,punct_interior,5,30,3,7.965,15.0,1.0,,,7.22,3.63,3.93,7.79,-14.86,2.49,69.0
2026-06-11 15:09:15.189,1781179755.189,DWM1001C,88,LOS,punct_interior,5,1,3,8.965,15.0,1.0,,,8.09,4.47,3.21,8.82,-14.71,-1.43,60.0
2026-06-11 15:09:15.291,1781179755.292,DWM1001C,88,LOS,punct_interior,5,2,3,8.965,15.0,1.0,,,8.12,4.43,3.24,8.82,-14.72,-1.42,58.0
2026-06-11 15:09:15.395,1781179755.396,DWM1001C,88,LOS,punct_interior,5,3,3,8.965,15.0,1.0,,,8.15,4.46,3.19,8.84,-14.73,-1.41,58.0
2026-06-11 15:09:15.498,1781179755.499,DWM1001C,88,LOS,punct_interior,5,4,3,8.965,15.0,1.0,,,8.06,4.44,3.22,8.84,-14.71,-1.38,61.0
2026-06-11 15:09:15.601,1781179755.602,DWM1001C,88,LOS,punct_interior,5,5,3,8.965,15.0,1.0,,,8.06,4.41,3.21,8.84,-14.71,-1.36,61.0
2026-06-11 15:09:15.685,1781179755.686,DWM1001C,88,LOS,punct_interior,5,6,3,8.965,15.0,1.0,,,8.07,4.45,3.26,8.84,-14.7,-1.37,59.0
2026-06-11 15:09:15.788,1781179755.789,DWM1001C,88,LOS,punct_interior,5,7,3,8.965,15.0,1.0,,,8.11,4.4,3.24,8.84,-14.72,-1.37,58.0
2026-06-11 15:09:15.892,1781179755.893,DWM1001C,88,LOS,punct_interior,5,8,3,8.965,15.0,1.0,,,8.11,4.5,3.25,8.85,-14.71,-1.38,58.0
2026-06-11 15:09:15.997,1781179755.997,DWM1001C,88,LOS,punct_interior,5,9,3,8.965,15.0,1.0,,,8.09,4.39,3.26,8.84,-14.73,-1.39,58.0
2026-06-11 15:09:16.102,1781179756.103,DWM1001C,88,LOS,punct_interior,5,10,3,8.965,15.0,1.0,,,8.12,4.42,3.32,8.83,-14.75,-1.42,55.0
2026-06-11 15:09:16.186,1781179756.186,DWM1001C,88,LOS,punct_interior,5,11,3,8.965,15.0,1.0,,,8.08,4.45,3.25,8.83,-14.74,-1.41,59.0
2026-06-11 15:09:16.290,1781179756.291,DWM1001C,88,LOS,punct_interior,5,12,3,8.965,15.0,1.0,,,8.09,4.49,3.25,8.84,-14.72,-1.4,59.0
2026-06-11 15:09:16.394,1781179756.395,DWM1001C,88,LOS,punct_interior,5,13,3,8.965,15.0,1.0,,,8.08,4.41,3.24,8.83,-14.72,-1.39,59.0
2026-06-11 15:09:16.498,1781179756.499,DWM1001C,88,LOS,punct_interior,5,14,3,8.965,15.0,1.0,,,8.07,4.49,3.24,8.84,-14.7,-1.38,60.0
2026-06-11 15:09:16.603,1781179756.604,DWM1001C,88,LOS,punct_interior,5,15,3,8.965,15.0,1.0,,,8.1,4.46,3.25,8.84,-14.7,-1.38,58.0
2026-06-11 15:09:16.708,1781179756.708,DWM1001C,88,LOS,punct_interior,5,16,3,8.965,15.0,1.0,,,8.0,4.42,3.25,8.83,-14.69,-1.36,62.0
2026-06-11 15:09:16.792,1781179756.792,DWM1001C,88,LOS,punct_interior,5,17,3,8.965,15.0,1.0,,,8.08,4.49,3.25,8.84,-14.68,-1.36,59.0
2026-06-11 15:09:16.895,1781179756.896,DWM1001C,88,LOS,punct_interior,5,18,3,8.965,15.0,1.0,,,8.14,4.48,3.23,8.85,-14.69,-1.37,57.0
2026-06-11 15:09:17.000,1781179757.0,DWM1001C,88,LOS,punct_interior,5,19,3,8.965,15.0,1.0,,,8.1,4.44,3.24,8.85,-14.7,-1.37,58.0
2026-06-11 15:09:17.105,1781179757.105,DWM1001C,88,LOS,punct_interior,5,20,3,8.965,15.0,1.0,,,8.08,4.48,3.24,8.85,-14.68,-1.36,59.0
2026-06-11 15:09:17.208,1781179757.209,DWM1001C,88,LOS,punct_interior,5,21,3,8.965,15.0,1.0,,,8.11,4.45,3.24,8.85,-14.69,-1.37,58.0
2026-06-11 15:09:17.290,1781179757.291,DWM1001C,88,LOS,punct_interior,5,22,3,8.965,15.0,1.0,,,8.04,4.53,3.28,8.85,-14.66,-1.37,59.0
2026-06-11 15:09:17.393,1781179757.393,DWM1001C,88,LOS,punct_interior,5,23,3,8.965,15.0,1.0,,,8.13,4.45,3.26,8.85,-14.69,-1.38,57.0
2026-06-11 15:09:17.497,1781179757.497,DWM1001C,88,LOS,punct_interior,5,24,3,8.965,15.0,1.0,,,8.14,4.47,3.24,8.86,-14.7,-1.39,57.0
2026-06-11 15:09:17.601,1781179757.601,DWM1001C,88,LOS,punct_interior,5,25,3,8.965,15.0,1.0,,,8.1,4.44,3.29,8.85,-14.71,-1.41,57.0
2026-06-11 15:09:17.704,1781179757.704,DWM1001C,88,LOS,punct_interior,5,26,3,8.965,15.0,1.0,,,8.09,4.48,3.25,8.85,-14.7,-1.4,59.0
2026-06-11 15:09:17.807,1781179757.808,DWM1001C,88,LOS,punct_interior,5,27,3,8.965,15.0,1.0,,,8.17,4.5,3.29,8.86,-14.71,-1.43,54.0
2026-06-11 15:09:17.890,1781179757.891,DWM1001C,88,LOS,punct_interior,5,28,3,8.965,15.0,1.0,,,8.15,4.44,3.25,8.86,-14.73,-1.43,56.0
2026-06-11 15:09:17.994,1781179757.994,DWM1001C,88,LOS,punct_interior,5,29,3,8.965,15.0,1.0,,,8.09,4.45,3.3,8.85,-14.73,-1.43,57.0
2026-06-11 15:09:18.098,1781179758.098,DWM1001C,88,LOS,punct_interior,5,30,3,8.965,15.0,1.0,,,8.12,4.47,3.28,8.85,-14.73,-1.44,57.0
2026-06-11 15:09:57.600,1781179797.601,DWM1001C,89,LOS,punct_interior,5,1,3,9.965,15.0,1.0,,,8.98,5.17,3.5,9.51,-14.97,-2.18,60.0
2026-06-11 15:09:57.702,1781179797.703,DWM1001C,89,LOS,punct_interior,5,2,3,9.965,15.0,1.0,,,9.02,5.15,3.28,9.52,-14.97,-2.16,60.0
2026-06-11 15:09:57.806,1781179797.807,DWM1001C,89,LOS,punct_interior,5,3,3,9.965,15.0,1.0,,,8.97,5.13,3.56,9.49,-14.99,-2.21,60.0
2026-06-11 15:09:57.909,1781179797.91,DWM1001C,89,LOS,punct_interior,5,4,3,9.965,15.0,1.0,,,8.98,5.14,3.32,9.49,-14.98,-2.18,60.0
2026-06-11 15:09:57.993,1781179797.993,DWM1001C,89,LOS,punct_interior,5,5,3,9.965,15.0,1.0,,,8.96,5.19,3.53,9.48,-14.97,-2.21,60.0
2026-06-11 15:09:58.097,1781179798.097,DWM1001C,89,LOS,punct_interior,5,6,3,9.965,15.0,1.0,,,9.01,5.15,2.94,9.54,-14.93,-2.09,60.0
2026-06-11 15:09:58.200,1781179798.201,DWM1001C,89,LOS,punct_interior,5,7,3,9.965,15.0,1.0,,,9.01,5.16,3.54,9.51,-14.96,-2.16,60.0
2026-06-11 15:09:58.304,1781179798.304,DWM1001C,89,LOS,punct_interior,5,8,3,9.965,15.0,1.0,,,9.0,5.14,3.45,9.5,-14.98,-2.18,60.0
2026-06-11 15:09:58.408,1781179798.408,DWM1001C,89,LOS,punct_interior,5,9,3,9.965,15.0,1.0,,,8.97,5.12,3.47,9.48,-14.99,-2.2,60.0
2026-06-11 15:09:58.490,1781179798.491,DWM1001C,89,LOS,punct_interior,5,10,3,9.965,15.0,1.0,,,9.03,5.2,3.41,9.49,-14.98,-2.21,60.0
2026-06-11 15:09:58.594,1781179798.595,DWM1001C,89,LOS,punct_interior,5,11,3,9.965,15.0,1.0,,,8.96,5.18,3.39,9.49,-14.96,-2.2,60.0
2026-06-11 15:09:58.698,1781179798.699,DWM1001C,89,LOS,punct_interior,5,12,3,9.965,15.0,1.0,,,8.93,5.22,3.36,9.5,-14.92,-2.18,59.0
2026-06-11 15:09:58.787,1781179798.787,DWM1001C,89,LOS,punct_interior,5,13,3,9.965,15.0,1.0,,,8.96,5.1,3.41,9.48,-14.94,-2.18,60.0
2026-06-11 15:09:58.889,1781179798.89,DWM1001C,89,LOS,punct_interior,5,14,3,9.965,15.0,1.0,,,8.98,5.15,3.36,9.49,-14.94,-2.18,60.0
2026-06-11 15:09:58.992,1781179798.992,DWM1001C,89,LOS,punct_interior,5,15,3,9.965,15.0,1.0,,,9.01,5.14,3.38,9.49,-14.96,-2.18,60.0
2026-06-11 15:09:59.095,1781179799.095,DWM1001C,89,LOS,punct_interior,5,16,3,9.965,15.0,1.0,,,9.0,5.12,3.4,9.49,-14.98,-2.19,60.0
2026-06-11 15:09:59.197,1781179799.198,DWM1001C,89,LOS,punct_interior,5,17,3,9.965,15.0,1.0,,,9.0,5.2,3.42,9.49,-14.96,-2.2,60.0
2026-06-11 15:09:59.299,1781179799.3,DWM1001C,89,LOS,punct_interior,5,18,3,9.965,15.0,1.0,,,9.0,5.2,3.38,9.5,-14.95,-2.19,60.0
2026-06-11 15:09:59.402,1781179799.402,DWM1001C,89,LOS,punct_interior,5,19,3,9.965,15.0,1.0,,,8.99,5.18,3.4,9.5,-14.95,-2.19,60.0
2026-06-11 15:09:59.504,1781179799.505,DWM1001C,89,LOS,punct_interior,5,20,3,9.965,15.0,1.0,,,8.97,5.15,3.37,9.5,-14.94,-2.19,60.0
2026-06-11 15:09:59.586,1781179799.587,DWM1001C,89,LOS,punct_interior,5,21,3,9.965,15.0,1.0,,,8.98,5.15,3.41,9.49,-14.95,-2.19,60.0
2026-06-11 15:09:59.709,1781179799.71,DWM1001C,89,LOS,punct_interior,5,22,3,9.965,15.0,1.0,,,9.01,5.19,3.46,9.49,-14.96,-2.21,60.0
2026-06-11 15:09:59.791,1781179799.792,DWM1001C,89,LOS,punct_interior,5,23,3,9.965,15.0,1.0,,,9.03,5.18,3.38,9.5,-14.96,-2.21,60.0
2026-06-11 15:09:59.894,1781179799.894,DWM1001C,89,LOS,punct_interior,5,24,3,9.965,15.0,1.0,,,8.99,5.18,3.37,9.5,-14.95,-2.2,60.0
2026-06-11 15:10:00.016,1781179800.017,DWM1001C,89,LOS,punct_interior,5,25,3,9.965,15.0,1.0,,,8.97,5.12,3.4,9.49,-14.96,-2.2,60.0
2026-06-11 15:10:00.098,1781179800.099,DWM1001C,89,LOS,punct_interior,5,26,3,9.965,15.0,1.0,,,9.0,5.12,3.42,9.48,-14.98,-2.2,60.0
2026-06-11 15:10:00.200,1781179800.201,DWM1001C,89,LOS,punct_interior,5,27,3,9.965,15.0,1.0,,,8.97,5.12,3.4,9.48,-14.98,-2.2,60.0
2026-06-11 15:10:00.303,1781179800.303,DWM1001C,89,LOS,punct_interior,5,28,3,9.965,15.0,1.0,,,9.01,5.14,3.4,9.48,-14.99,-2.21,60.0
2026-06-11 15:10:00.405,1781179800.406,DWM1001C,89,LOS,punct_interior,5,29,3,9.965,15.0,1.0,,,9.05,5.13,3.4,9.48,-15.01,-2.22,61.0
2026-06-11 15:10:00.487,1781179800.487,DWM1001C,89,LOS,punct_interior,5,30,3,9.965,15.0,1.0,,,9.03,5.21,3.41,9.5,-14.99,-2.22,60.0
2026-06-11 15:11:23.905,1781179883.905,DWM1001C,96,LOS,punct_interior,5,1,3,6.965,16.0,1.0,,,7.37,2.22,4.3,7.08,-16.38,-0.66,54.0
2026-06-11 15:11:23.986,1781179883.987,DWM1001C,96,LOS,punct_interior,5,2,2,6.965,16.0,1.0,,,7.39,2.24,,,,,
2026-06-11 15:11:24.089,1781179884.089,DWM1001C,96,LOS,punct_interior,5,3,3,6.965,16.0,1.0,,,7.4,2.23,4.36,7.07,-16.4,0.09,51.0
2026-06-11 15:11:24.191,1781179884.192,DWM1001C,96,LOS,punct_interior,5,4,3,6.965,16.0,1.0,,,7.4,2.24,4.32,7.07,-16.4,0.65,52.0
2026-06-11 15:11:24.294,1781179884.295,DWM1001C,96,LOS,punct_interior,5,5,3,6.965,16.0,1.0,,,7.31,2.25,4.28,7.07,-16.38,0.25,56.0
2026-06-11 15:11:24.397,1781179884.397,DWM1001C,96,LOS,punct_interior,5,6,3,6.965,16.0,1.0,,,7.4,2.26,4.23,7.09,-16.38,-0.05,54.0
2026-06-11 15:11:24.499,1781179884.5,DWM1001C,96,LOS,punct_interior,5,7,3,6.965,16.0,1.0,,,7.38,2.23,4.26,7.09,-16.37,-0.28,54.0
2026-06-11 15:11:24.602,1781179884.603,DWM1001C,96,LOS,punct_interior,5,8,3,6.965,16.0,1.0,,,7.43,2.21,4.27,7.09,-16.39,-0.45,53.0
2026-06-11 15:11:24.705,1781179884.705,DWM1001C,96,LOS,punct_interior,5,9,3,6.965,16.0,1.0,,,7.37,2.18,4.33,7.08,-16.4,-0.58,53.0
2026-06-11 15:11:24.787,1781179884.787,DWM1001C,96,LOS,punct_interior,5,10,3,6.965,16.0,1.0,,,7.35,2.22,4.29,7.08,-16.39,-0.68,55.0
2026-06-11 15:11:24.888,1781179884.889,DWM1001C,96,LOS,punct_interior,5,11,3,6.965,16.0,1.0,,,7.42,2.22,4.3,7.08,-16.4,-0.76,52.0
2026-06-11 15:11:24.991,1781179884.991,DWM1001C,96,LOS,punct_interior,5,12,3,6.965,16.0,1.0,,,7.41,2.26,4.31,7.08,-16.41,0.02,52.0
2026-06-11 15:11:25.097,1781179885.097,DWM1001C,96,LOS,punct_interior,5,13,3,6.965,16.0,1.0,,,7.38,2.27,4.3,7.08,-16.4,0.59,53.0
2026-06-11 15:11:25.199,1781179885.2,DWM1001C,96,LOS,punct_interior,5,14,3,6.965,16.0,1.0,,,7.4,2.26,4.36,7.07,-16.41,1.04,51.0
2026-06-11 15:11:25.301,1781179885.302,DWM1001C,96,LOS,punct_interior,5,15,3,6.965,16.0,1.0,,,7.29,2.23,4.28,7.07,-16.38,0.54,56.0
2026-06-11 15:11:25.405,1781179885.405,DWM1001C,96,LOS,punct_interior,5,16,3,6.965,16.0,1.0,,,7.48,2.22,4.3,7.08,-16.41,0.99,50.0
2026-06-11 15:11:25.508,1781179885.509,DWM1001C,96,LOS,punct_interior,5,17,3,6.965,16.0,1.0,,,7.46,2.27,4.3,7.09,-16.42,1.33,51.0
2026-06-11 15:11:25.612,1781179885.612,DWM1001C,96,LOS,punct_interior,5,18,3,6.965,16.0,1.0,,,7.39,2.26,4.28,7.09,-16.41,1.57,54.0
2026-06-11 15:11:25.694,1781179885.695,DWM1001C,96,LOS,punct_interior,5,19,3,6.965,16.0,1.0,,,7.35,2.27,4.26,7.09,-16.39,0.94,55.0
2026-06-11 15:11:25.797,1781179885.798,DWM1001C,96,LOS,punct_interior,5,20,3,6.965,16.0,1.0,,,7.43,2.22,4.3,7.09,-16.41,0.45,52.0
2026-06-11 15:11:25.901,1781179885.901,DWM1001C,96,LOS,punct_interior,5,21,3,6.965,16.0,1.0,,,7.36,2.25,4.28,7.09,-16.39,0.09,54.0
2026-06-11 15:11:26.005,1781179886.005,DWM1001C,96,LOS,punct_interior,5,22,3,6.965,16.0,1.0,,,7.39,2.28,4.26,7.1,-16.39,0.65,54.0
2026-06-11 15:11:26.108,1781179886.108,DWM1001C,96,LOS,punct_interior,5,23,3,6.965,16.0,1.0,,,7.43,2.25,4.36,7.09,-16.41,1.08,50.0
2026-06-11 15:11:26.191,1781179886.191,DWM1001C,96,LOS,punct_interior,5,24,3,6.965,16.0,1.0,,,7.36,2.25,4.3,7.08,-16.4,0.56,54.0
2026-06-11 15:11:26.294,1781179886.294,DWM1001C,96,LOS,punct_interior,5,25,3,6.965,16.0,1.0,,,7.43,2.25,4.32,7.08,-16.41,1.0,51.0
2026-06-11 15:11:26.398,1781179886.398,DWM1001C,96,LOS,punct_interior,5,26,3,6.965,16.0,1.0,,,7.37,2.26,4.3,7.08,-16.4,1.33,53.0
2026-06-11 15:11:26.501,1781179886.502,DWM1001C,96,LOS,punct_interior,5,27,3,6.965,16.0,1.0,,,7.35,2.22,4.27,7.08,-16.39,0.76,55.0
2026-06-11 15:11:26.604,1781179886.604,DWM1001C,96,LOS,punct_interior,5,28,3,6.965,16.0,1.0,,,7.39,2.26,4.31,7.08,-16.39,1.15,53.0
2026-06-11 15:11:26.707,1781179886.707,DWM1001C,96,LOS,punct_interior,5,29,3,6.965,16.0,1.0,,,7.39,2.24,4.31,7.08,-16.4,1.44,53.0
2026-06-11 15:11:26.789,1781179886.79,DWM1001C,96,LOS,punct_interior,5,30,2,6.965,16.0,1.0,,,,2.22,4.34,,,,
2026-06-11 15:11:46.808,1781179906.809,DWM1001C,97,LOS,punct_interior,5,1,3,7.965,16.0,1.0,,,8.15,2.99,3.36,8.15,-16.34,2.36,53.0
2026-06-11 15:11:46.891,1781179906.892,DWM1001C,97,LOS,punct_interior,5,2,3,7.965,16.0,1.0,,,8.2,2.99,3.39,8.15,-16.34,2.37,51.0
2026-06-11 15:11:46.994,1781179906.995,DWM1001C,97,LOS,punct_interior,5,3,3,7.965,16.0,1.0,,,8.12,2.98,3.37,8.14,-16.32,2.36,54.0
2026-06-11 15:11:47.098,1781179907.099,DWM1001C,97,LOS,punct_interior,5,4,3,7.965,16.0,1.0,,,8.15,2.98,3.37,8.14,-16.31,2.36,53.0
2026-06-11 15:11:47.202,1781179907.203,DWM1001C,97,LOS,punct_interior,5,5,3,7.965,16.0,1.0,,,8.24,2.97,3.38,8.14,-16.34,2.36,51.0
2026-06-11 15:11:47.306,1781179907.306,DWM1001C,97,LOS,punct_interior,5,6,3,7.965,16.0,1.0,,,8.16,3.02,3.44,8.14,-16.33,2.39,51.0
2026-06-11 15:11:47.410,1781179907.41,DWM1001C,97,LOS,punct_interior,5,7,3,7.965,16.0,1.0,,,8.15,2.95,3.36,8.13,-16.32,2.37,53.0
2026-06-11 15:11:47.492,1781179907.493,DWM1001C,97,LOS,punct_interior,5,8,3,7.965,16.0,1.0,,,8.32,2.93,3.4,8.14,-16.38,2.37,54.0
2026-06-11 15:11:47.594,1781179907.595,DWM1001C,97,LOS,punct_interior,5,9,3,7.965,16.0,1.0,,,8.1,2.98,3.4,8.13,-16.35,2.37,54.0
2026-06-11 15:11:47.698,1781179907.698,DWM1001C,97,LOS,punct_interior,5,10,3,7.965,16.0,1.0,,,8.1,3.03,3.39,8.13,-16.31,2.37,54.0
2026-06-11 15:11:47.802,1781179907.802,DWM1001C,97,LOS,punct_interior,5,11,3,7.965,16.0,1.0,,,8.29,3.0,3.32,8.15,-16.34,2.37,52.0
2026-06-11 15:11:47.904,1781179907.905,DWM1001C,97,LOS,punct_interior,5,12,3,7.965,16.0,1.0,,,8.2,2.93,3.39,8.14,-16.35,2.36,50.0
2026-06-11 15:11:48.009,1781179908.01,DWM1001C,97,LOS,punct_interior,5,13,3,7.965,16.0,1.0,,,8.28,2.97,3.36,8.15,-16.38,2.36,52.0
2026-06-11 15:11:48.113,1781179908.113,DWM1001C,97,LOS,punct_interior,5,14,3,7.965,16.0,1.0,,,8.1,2.98,3.42,8.14,-16.35,2.37,53.0
2026-06-11 15:11:48.196,1781179908.197,DWM1001C,97,LOS,punct_interior,5,15,3,7.965,16.0,1.0,,,8.19,2.97,3.41,8.13,-16.35,2.37,50.0
2026-06-11 15:11:48.300,1781179908.301,DWM1001C,97,LOS,punct_interior,5,16,3,7.965,16.0,1.0,,,8.18,2.99,3.45,8.13,-16.35,2.39,50.0
2026-06-11 15:11:48.404,1781179908.404,DWM1001C,97,LOS,punct_interior,5,17,3,7.965,16.0,1.0,,,8.07,2.94,3.34,8.12,-16.32,1.55,57.0
2026-06-11 15:11:48.507,1781179908.508,DWM1001C,97,LOS,punct_interior,5,18,3,7.965,16.0,1.0,,,8.19,3.01,3.45,8.12,-16.33,1.78,50.0
2026-06-11 15:11:48.591,1781179908.591,DWM1001C,97,LOS,punct_interior,5,19,3,7.965,16.0,1.0,,,8.18,2.97,3.41,8.12,-16.33,1.93,51.0
2026-06-11 15:11:48.695,1781179908.695,DWM1001C,97,LOS,punct_interior,5,20,3,7.965,16.0,1.0,,,8.15,2.95,3.35,8.12,-16.33,2.03,53.0
2026-06-11 15:11:48.799,1781179908.8,DWM1001C,97,LOS,punct_interior,5,21,3,7.965,16.0,1.0,,,8.24,2.93,3.37,8.13,-16.35,2.1,51.0
2026-06-11 15:11:48.905,1781179908.906,DWM1001C,97,LOS,punct_interior,5,22,3,7.965,16.0,1.0,,,8.18,3.03,3.39,8.13,-16.34,2.18,51.0
2026-06-11 15:11:49.009,1781179909.01,DWM1001C,97,LOS,punct_interior,5,23,3,7.965,16.0,1.0,,,8.16,2.97,3.35,8.14,-16.33,2.22,53.0
2026-06-11 15:11:49.112,1781179909.113,DWM1001C,97,LOS,punct_interior,5,24,3,7.965,16.0,1.0,,,8.25,2.99,3.33,8.15,-16.34,2.25,51.0
2026-06-11 15:11:49.196,1781179909.196,DWM1001C,97,LOS,punct_interior,5,25,3,7.965,16.0,1.0,,,8.19,3.01,3.36,8.15,-16.33,2.28,52.0
2026-06-11 15:11:49.300,1781179909.301,DWM1001C,97,LOS,punct_interior,5,26,3,7.965,16.0,1.0,,,8.13,2.97,3.33,8.15,-16.32,1.46,55.0
2026-06-11 15:11:49.404,1781179909.405,DWM1001C,97,LOS,punct_interior,5,27,3,7.965,16.0,1.0,,,8.19,2.97,3.32,8.16,-16.32,1.67,53.0
2026-06-11 15:11:49.488,1781179909.488,DWM1001C,97,LOS,punct_interior,5,28,2,7.965,16.0,1.0,,,8.18,2.94,,,,,
2026-06-11 15:11:49.613,1781179909.613,DWM1001C,97,LOS,punct_interior,5,29,3,7.965,16.0,1.0,,,8.26,2.97,3.38,8.16,-16.35,1.85,52.0
2026-06-11 15:11:49.695,1781179909.696,DWM1001C,97,LOS,punct_interior,5,30,3,7.965,16.0,1.0,,,8.14,3.0,3.37,8.15,-16.32,1.98,53.0
2026-06-11 15:12:06.401,1781179926.401,DWM1001C,98,LOS,punct_interior,5,1,3,8.965,16.0,1.0,,,8.44,3.96,2.52,9.05,-15.4,-0.81,69.0
2026-06-11 15:12:06.504,1781179926.505,DWM1001C,98,LOS,punct_interior,5,2,3,8.965,16.0,1.0,,,8.51,3.97,2.46,9.07,-15.42,-0.81,68.0
2026-06-11 15:12:06.608,1781179926.609,DWM1001C,98,LOS,punct_interior,5,3,3,8.965,16.0,1.0,,,8.35,3.97,2.48,9.06,-15.39,-0.77,75.0
2026-06-11 15:12:06.692,1781179926.693,DWM1001C,98,LOS,punct_interior,5,4,3,8.965,16.0,1.0,,,8.49,3.93,2.53,9.06,-15.42,-0.79,66.0
2026-06-11 15:12:06.796,1781179926.796,DWM1001C,98,LOS,punct_interior,5,5,3,8.965,16.0,1.0,,,8.38,3.98,2.5,9.06,-15.39,-0.77,73.0
2026-06-11 15:12:06.899,1781179926.9,DWM1001C,98,LOS,punct_interior,5,6,3,8.965,16.0,1.0,,,8.42,3.98,2.49,9.06,-15.38,-0.76,71.0
2026-06-11 15:12:07.004,1781179927.005,DWM1001C,98,LOS,punct_interior,5,7,3,8.965,16.0,1.0,,,8.4,3.95,2.55,9.05,-15.38,-0.77,69.0
2026-06-11 15:12:07.088,1781179927.088,DWM1001C,98,LOS,punct_interior,5,8,2,8.965,16.0,1.0,,,8.37,,2.49,,,,
2026-06-11 15:12:07.213,1781179927.213,DWM1001C,98,LOS,punct_interior,5,9,3,8.965,16.0,1.0,,,8.4,3.98,2.45,9.06,-15.37,-0.75,73.0
2026-06-11 15:12:07.297,1781179927.297,DWM1001C,98,LOS,punct_interior,5,10,3,8.965,16.0,1.0,,,8.4,3.99,2.48,9.06,-15.36,-0.74,72.0
2026-06-11 15:12:07.400,1781179927.401,DWM1001C,98,LOS,punct_interior,5,11,3,8.965,16.0,1.0,,,8.51,4.01,2.51,9.07,-15.38,-0.77,66.0
2026-06-11 15:12:07.503,1781179927.504,DWM1001C,98,LOS,punct_interior,5,12,3,8.965,16.0,1.0,,,8.36,3.97,2.55,9.06,-15.36,-0.77,72.0
2026-06-11 15:12:07.608,1781179927.608,DWM1001C,98,LOS,punct_interior,5,13,3,8.965,16.0,1.0,,,8.53,3.97,2.51,9.07,-15.4,-0.79,65.0
2026-06-11 15:12:07.692,1781179927.693,DWM1001C,98,LOS,punct_interior,5,14,3,8.965,16.0,1.0,,,8.42,3.97,2.5,9.06,-15.39,-0.78,71.0
2026-06-11 15:12:07.796,1781179927.797,DWM1001C,98,LOS,punct_interior,5,15,3,8.965,16.0,1.0,,,8.49,3.98,2.5,9.07,-15.41,-0.8,67.0
2026-06-11 15:12:07.900,1781179927.901,DWM1001C,98,LOS,punct_interior,5,16,3,8.965,16.0,1.0,,,8.44,3.96,2.54,9.06,-15.41,-0.8,68.0
2026-06-11 15:12:08.004,1781179928.004,DWM1001C,98,LOS,punct_interior,5,17,3,8.965,16.0,1.0,,,8.38,3.96,2.57,9.05,-15.4,-0.81,70.0
2026-06-11 15:12:08.108,1781179928.109,DWM1001C,98,LOS,punct_interior,5,18,3,8.965,16.0,1.0,,,8.4,3.97,2.54,9.05,-15.39,-0.8,70.0
2026-06-11 15:12:08.191,1781179928.191,DWM1001C,98,LOS,punct_interior,5,19,3,8.965,16.0,1.0,,,8.45,4.0,2.52,9.05,-15.39,-0.81,68.0
2026-06-11 15:12:08.295,1781179928.295,DWM1001C,98,LOS,punct_interior,5,20,3,8.965,16.0,1.0,,,8.47,3.97,2.49,9.06,-15.4,-0.8,69.0
2026-06-11 15:12:08.398,1781179928.398,DWM1001C,98,LOS,punct_interior,5,21,2,8.965,16.0,1.0,,,,3.95,2.48,,,,
2026-06-11 15:12:08.501,1781179928.501,DWM1001C,98,LOS,punct_interior,5,22,3,8.965,16.0,1.0,,,8.48,4.02,2.5,9.07,-15.4,-0.81,68.0
2026-06-11 15:12:08.604,1781179928.605,DWM1001C,98,LOS,punct_interior,5,23,3,8.965,16.0,1.0,,,8.46,4.01,2.5,9.08,-15.39,-0.81,69.0
2026-06-11 15:12:08.707,1781179928.708,DWM1001C,98,LOS,punct_interior,5,24,3,8.965,16.0,1.0,,,8.45,3.97,2.53,9.07,-15.4,-0.81,68.0
2026-06-11 15:12:08.811,1781179928.811,DWM1001C,98,LOS,punct_interior,5,25,3,8.965,16.0,1.0,,,8.37,3.96,2.49,9.06,-15.38,-0.78,74.0
2026-06-11 15:12:08.893,1781179928.893,DWM1001C,98,LOS,punct_interior,5,26,3,8.965,16.0,1.0,,,8.38,3.98,2.48,9.06,-15.36,-0.76,73.0
2026-06-11 15:12:08.995,1781179928.995,DWM1001C,98,LOS,punct_interior,5,27,3,8.965,16.0,1.0,,,8.39,3.98,2.51,9.06,-15.35,-0.75,72.0
2026-06-11 15:12:09.097,1781179929.098,DWM1001C,98,LOS,punct_interior,5,28,3,8.965,16.0,1.0,,,8.54,3.96,2.57,9.06,-15.4,-0.8,62.0
2026-06-11 15:12:09.199,1781179929.2,DWM1001C,98,LOS,punct_interior,5,29,3,8.965,16.0,1.0,,,8.45,3.99,2.53,9.06,-15.4,-0.81,68.0
2026-06-11 15:12:09.302,1781179929.302,DWM1001C,98,LOS,punct_interior,5,30,3,8.965,16.0,1.0,,,8.4,3.94,2.53,9.05,-15.4,-0.8,70.0
2026-06-11 15:12:18.500,1781179938.501,DWM1001C,99,LOS,punct_interior,5,1,3,9.965,16.0,1.0,,,9.49,4.62,1.81,10.01,-15.78,-0.86,68.0
2026-06-11 15:12:18.604,1781179938.605,DWM1001C,99,LOS,punct_interior,5,2,3,9.965,16.0,1.0,,,9.5,4.63,1.83,10.02,-15.79,-0.86,68.0
2026-06-11 15:12:18.708,1781179938.709,DWM1001C,99,LOS,punct_interior,5,3,3,9.965,16.0,1.0,,,9.49,4.58,1.84,10.01,-15.81,-0.86,68.0
2026-06-11 15:12:18.792,1781179938.793,DWM1001C,99,LOS,punct_interior,5,4,3,9.965,16.0,1.0,,,9.47,4.6,1.81,10.01,-15.82,-0.86,68.0
2026-06-11 15:12:18.896,1781179938.897,DWM1001C,99,LOS,punct_interior,5,5,3,9.965,16.0,1.0,,,9.45,4.63,1.85,10.01,-15.8,-0.86,67.0
2026-06-11 15:12:19.000,1781179939.001,DWM1001C,99,LOS,punct_interior,5,6,3,9.965,16.0,1.0,,,9.4,4.62,1.85,10.0,-15.78,-0.86,67.0
2026-06-11 15:12:19.104,1781179939.105,DWM1001C,99,LOS,punct_interior,5,7,3,9.965,16.0,1.0,,,9.44,4.64,1.81,10.01,-15.77,-0.85,67.0
2026-06-11 15:12:19.208,1781179939.209,DWM1001C,99,LOS,punct_interior,5,8,3,9.965,16.0,1.0,,,9.51,4.61,1.85,10.01,-15.8,-0.86,68.0
2026-06-11 15:12:19.292,1781179939.293,DWM1001C,99,LOS,punct_interior,5,9,3,9.965,16.0,1.0,,,9.45,4.64,1.85,10.01,-15.79,-0.87,67.0
2026-06-11 15:12:19.396,1781179939.397,DWM1001C,99,LOS,punct_interior,5,10,3,9.965,16.0,1.0,,,9.51,4.65,1.83,10.02,-15.79,-0.87,68.0
2026-06-11 15:12:19.500,1781179939.5,DWM1001C,99,LOS,punct_interior,5,11,3,9.965,16.0,1.0,,,9.41,4.63,1.86,10.01,-15.77,-0.87,67.0
2026-06-11 15:12:19.603,1781179939.604,DWM1001C,99,LOS,punct_interior,5,12,3,9.965,16.0,1.0,,,9.48,4.61,1.86,10.01,-15.79,-0.88,68.0
2026-06-11 15:12:19.707,1781179939.708,DWM1001C,99,LOS,punct_interior,5,13,3,9.965,16.0,1.0,,,9.42,4.63,1.78,10.01,-15.77,-0.85,67.0
2026-06-11 15:12:19.790,1781179939.791,DWM1001C,99,LOS,punct_interior,5,14,3,9.965,16.0,1.0,,,9.47,4.67,1.82,10.02,-15.76,-0.86,67.0
2026-06-11 15:12:19.894,1781179939.895,DWM1001C,99,LOS,punct_interior,5,15,3,9.965,16.0,1.0,,,9.47,4.67,1.84,10.02,-15.76,-0.86,67.0
2026-06-11 15:12:19.998,1781179939.998,DWM1001C,99,LOS,punct_interior,5,16,3,9.965,16.0,1.0,,,9.43,4.6,1.83,10.02,-15.76,-0.86,67.0
2026-06-11 15:12:20.100,1781179940.101,DWM1001C,99,LOS,punct_interior,5,17,3,9.965,16.0,1.0,,,9.47,4.57,1.81,10.01,-15.78,-0.85,68.0
2026-06-11 15:12:20.204,1781179940.204,DWM1001C,99,LOS,punct_interior,5,18,3,9.965,16.0,1.0,,,9.47,4.6,1.87,10.0,-15.8,-0.86,68.0
2026-06-11 15:12:20.308,1781179940.308,DWM1001C,99,LOS,punct_interior,5,19,3,9.965,16.0,1.0,,,9.45,4.68,1.88,10.01,-15.77,-0.87,67.0
2026-06-11 15:12:20.411,1781179940.412,DWM1001C,99,LOS,punct_interior,5,20,3,9.965,16.0,1.0,,,9.5,4.66,1.83,10.02,-15.78,-0.87,68.0
2026-06-11 15:12:20.495,1781179940.495,DWM1001C,99,LOS,punct_interior,5,21,3,9.965,16.0,1.0,,,9.49,4.64,1.84,10.02,-15.78,-0.88,68.0
2026-06-11 15:12:20.598,1781179940.599,DWM1001C,99,LOS,punct_interior,5,22,3,9.965,16.0,1.0,,,9.43,4.6,1.81,10.02,-15.78,-0.86,67.0
2026-06-11 15:12:20.702,1781179940.703,DWM1001C,99,LOS,punct_interior,5,23,3,9.965,16.0,1.0,,,9.41,4.61,1.83,10.01,-15.76,-0.85,67.0
2026-06-11 15:12:20.806,1781179940.807,DWM1001C,99,LOS,punct_interior,5,24,3,9.965,16.0,1.0,,,9.45,4.63,1.87,10.01,-15.77,-0.86,67.0
2026-06-11 15:12:20.909,1781179940.91,DWM1001C,99,LOS,punct_interior,5,25,3,9.965,16.0,1.0,,,9.46,4.59,1.81,10.0,-15.78,-0.86,68.0
2026-06-11 15:12:21.013,1781179941.014,DWM1001C,99,LOS,punct_interior,5,26,3,9.965,16.0,1.0,,,9.48,4.62,1.83,10.01,-15.79,-0.86,68.0
2026-06-11 15:12:21.096,1781179941.096,DWM1001C,99,LOS,punct_interior,5,27,3,9.965,16.0,1.0,,,9.49,4.6,1.84,10.01,-15.81,-0.86,68.0
2026-06-11 15:12:21.199,1781179941.199,DWM1001C,99,LOS,punct_interior,5,28,3,9.965,16.0,1.0,,,9.43,4.59,1.86,10.0,-15.8,-0.86,67.0
2026-06-11 15:12:21.302,1781179941.303,DWM1001C,99,LOS,punct_interior,5,29,3,9.965,16.0,1.0,,,9.46,4.6,1.83,10.0,-15.8,-0.86,68.0
2026-06-11 15:12:21.405,1781179941.406,DWM1001C,99,LOS,punct_interior,5,30,3,9.965,16.0,1.0,,,9.44,4.59,1.86,9.99,-15.8,-0.87,67.0