timestamp_iso,timestamp_unix,system,point_id,condition,region,channel,cycle_idx,n_valid,gt_x,gt_y,gt_z,r_AN0,r_AN1,r_AN2,r_AN3,r_AN4,snr_AN0,snr_AN1,snr_AN2,snr_AN3,snr_AN4,rssi_AN0,rssi_AN1,rssi_AN2,rssi_AN3,rssi_AN4
2026-06-08 18:04:21.744,1780931061.744,MK8000,2,LOS,punct_interior,5,1,5,1.965,1.0,1.0,1.09,2.72,11.87,17.16,21.69,1.0,15.0,8.0,8.0,1.0,-49.0,-57.0,-70.0,-69.0,-85.0
2026-06-08 18:04:29.468,1780931069.469,MK8000,2,LOS,punct_interior,5,2,5,1.965,1.0,1.0,1.12,2.86,11.91,16.99,20.37,6.0,10.0,8.0,6.0,1.0,-53.0,-57.0,-69.0,-69.0,-88.0
2026-06-08 18:04:37.221,1780931077.222,MK8000,2,LOS,punct_interior,5,3,5,1.965,1.0,1.0,1.18,2.66,11.83,17.15,26.32,6.0,13.0,8.0,6.0,1.0,-51.0,-58.0,-69.0,-66.0,-86.0
2026-06-08 18:04:45.000,1780931085.001,MK8000,2,LOS,punct_interior,5,4,5,1.965,1.0,1.0,1.13,2.66,11.89,16.98,24.18,6.0,13.0,8.0,7.0,0.0,-51.0,-58.0,-69.0,-64.0,-85.0
2026-06-08 18:04:52.802,1780931092.803,MK8000,2,LOS,punct_interior,5,5,5,1.965,1.0,1.0,1.09,2.6,11.78,17.07,24.92,8.0,12.0,11.0,14.0,-1.0,-52.0,-58.0,-69.0,-70.0,-87.0
2026-06-08 18:05:00.623,1780931100.623,MK8000,2,LOS,punct_interior,5,6,5,1.965,1.0,1.0,1.13,2.9,11.9,17.06,19.46,7.0,12.0,11.0,9.0,-3.0,-52.0,-55.0,-69.0,-69.0,-84.0
2026-06-08 18:05:08.465,1780931108.465,MK8000,2,LOS,punct_interior,5,7,5,1.965,1.0,1.0,1.13,2.82,11.76,17.11,20.0,8.0,11.0,8.0,6.0,-3.0,-52.0,-57.0,-70.0,-66.0,-83.0
2026-06-08 18:05:16.353,1780931116.354,MK8000,2,LOS,punct_interior,5,8,5,1.965,1.0,1.0,1.19,2.76,11.76,17.23,23.33,6.0,13.0,10.0,8.0,1.0,-52.0,-58.0,-70.0,-69.0,-82.0
2026-06-08 18:05:24.295,1780931124.295,MK8000,2,LOS,punct_interior,5,9,5,1.965,1.0,1.0,1.11,2.85,13.29,16.96,22.78,5.0,12.0,10.0,4.0,-3.0,-50.0,-56.0,-80.0,-78.0,-89.0
2026-06-08 18:05:32.475,1780931132.476,MK8000,2,LOS,punct_interior,5,10,5,1.965,1.0,1.0,1.11,2.72,12.93,17.41,24.52,7.0,11.0,9.0,9.0,-3.0,-51.0,-57.0,-81.0,-83.0,-89.0
2026-06-08 18:05:40.543,1780931140.543,MK8000,2,LOS,punct_interior,5,11,5,1.965,1.0,1.0,1.21,2.79,11.5,17.15,20.81,8.0,13.0,4.0,10.0,-1.0,-51.0,-58.0,-62.0,-80.0,-87.0
2026-06-08 18:05:48.649,1780931148.65,MK8000,2,LOS,punct_interior,5,12,5,1.965,1.0,1.0,1.21,2.68,11.79,17.23,22.38,7.0,12.0,8.0,6.0,2.0,-50.0,-57.0,-69.0,-66.0,-83.0
2026-06-08 18:05:56.779,1780931156.779,MK8000,2,LOS,punct_interior,5,13,5,1.965,1.0,1.0,1.13,2.74,10.9,17.07,20.63,6.0,10.0,10.0,11.0,3.0,-52.0,-57.0,-64.0,-67.0,-83.0
2026-06-08 18:06:04.334,1780931164.335,MK8000,2,LOS,punct_interior,5,14,5,1.965,1.0,1.0,1.13,2.75,11.12,17.07,20.4,,,,6.0,0.0,,,,-64.0,-81.0
2026-06-08 18:06:11.915,1780931171.916,MK8000,2,LOS,punct_interior,5,15,5,1.965,1.0,1.0,1.13,2.76,10.85,17.0,22.35,6.0,12.0,11.0,13.0,2.0,-50.0,-57.0,-67.0,-67.0,-82.0
2026-06-08 18:06:19.521,1780931179.521,MK8000,2,LOS,punct_interior,5,16,5,1.965,1.0,1.0,1.13,2.73,11.02,17.01,22.99,8.0,13.0,10.0,12.0,2.0,-52.0,-57.0,-67.0,-66.0,-83.0
2026-06-08 18:06:27.148,1780931187.149,MK8000,2,LOS,punct_interior,5,17,5,1.965,1.0,1.0,1.13,2.77,10.98,17.02,22.96,6.0,11.0,14.0,11.0,1.0,-52.0,-58.0,-67.0,-67.0,-86.0
2026-06-08 18:06:34.791,1780931194.791,MK8000,2,LOS,punct_interior,5,18,5,1.965,1.0,1.0,1.12,2.78,10.89,17.01,23.35,4.0,11.0,13.0,8.0,-1.0,-51.0,-57.0,-67.0,-64.0,-85.0
2026-06-08 18:06:42.465,1780931202.466,MK8000,2,LOS,punct_interior,5,19,5,1.965,1.0,1.0,1.13,2.74,10.88,17.04,21.15,6.0,11.0,14.0,12.0,2.0,-52.0,-57.0,-68.0,-62.0,-82.0
2026-06-08 18:06:50.170,1780931210.17,MK8000,2,LOS,punct_interior,5,20,5,1.965,1.0,1.0,1.11,2.74,10.98,16.98,22.03,7.0,12.0,11.0,10.0,1.0,-52.0,-57.0,-68.0,-62.0,-83.0
2026-06-08 18:06:57.898,1780931217.899,MK8000,2,LOS,punct_interior,5,21,5,1.965,1.0,1.0,1.13,2.76,10.9,17.11,24.35,8.0,10.0,11.0,7.0,-1.0,-53.0,-58.0,-68.0,-69.0,-85.0
2026-06-08 18:07:05.646,1780931225.647,MK8000,2,LOS,punct_interior,5,22,5,1.965,1.0,1.0,1.13,2.78,10.91,17.01,19.68,8.0,13.0,13.0,10.0,2.0,-52.0,-57.0,-67.0,-68.0,-83.0
2026-06-08 18:07:13.424,1780931233.425,MK8000,2,LOS,punct_interior,5,23,5,1.965,1.0,1.0,1.13,2.78,10.89,17.01,23.52,6.0,13.0,11.0,8.0,1.0,-51.0,-57.0,-68.0,-64.0,-87.0
2026-06-08 18:07:21.223,1780931241.223,MK8000,2,LOS,punct_interior,5,24,5,1.965,1.0,1.0,1.13,2.74,10.9,17.03,24.65,6.0,12.0,11.0,10.0,2.0,-52.0,-57.0,-68.0,-67.0,-86.0
2026-06-08 18:07:29.051,1780931249.052,MK8000,2,LOS,punct_interior,5,25,5,1.965,1.0,1.0,1.14,2.75,10.89,17.0,23.52,7.0,11.0,11.0,12.0,2.0,-53.0,-57.0,-68.0,-66.0,-87.0
2026-06-08 18:07:36.905,1780931256.905,MK8000,2,LOS,punct_interior,5,26,5,1.965,1.0,1.0,1.13,2.77,10.88,17.02,22.58,6.0,13.0,11.0,11.0,2.0,-52.0,-54.0,-68.0,-67.0,-82.0
2026-06-08 18:07:44.783,1780931264.784,MK8000,2,LOS,punct_interior,5,27,5,1.965,1.0,1.0,1.14,2.74,10.96,17.02,22.01,6.0,11.0,12.0,10.0,1.0,-52.0,-57.0,-68.0,-67.0,-83.0
2026-06-08 18:07:52.685,1780931272.686,MK8000,2,LOS,punct_interior,5,28,5,1.965,1.0,1.0,1.13,2.76,10.88,17.02,21.62,8.0,11.0,8.0,10.0,-2.0,-52.0,-57.0,-68.0,-67.0,-81.0
2026-06-08 18:08:00.613,1780931280.614,MK8000,2,LOS,punct_interior,5,29,5,1.965,1.0,1.0,1.13,2.75,10.86,17.02,22.68,7.0,11.0,9.0,10.0,1.0,-52.0,-57.0,-64.0,-66.0,-81.0
2026-06-08 18:08:08.203,1780931288.204,MK8000,2,LOS,punct_interior,5,30,5,1.965,1.0,1.0,1.13,2.74,10.87,17.0,22.41,8.0,12.0,9.0,13.0,2.0,-52.0,-57.0,-69.0,-66.0,-82.0
2026-06-08 18:13:34.787,1780931614.788,MK8000,3,LOS,punct_interior,5,1,5,2.965,1.0,1.0,1.91,1.76,11.27,16.73,18.78,8.0,13.0,5.0,2.0,1.0,-55.0,-54.0,-82.0,-83.0,-85.0
2026-06-08 18:13:42.372,1780931622.373,MK8000,3,LOS,punct_interior,5,2,5,2.965,1.0,1.0,2.02,1.86,11.68,16.92,20.41,9.0,15.0,8.0,4.0,-1.0,-56.0,-54.0,-81.0,-81.0,-87.0
2026-06-08 18:13:49.981,1780931629.982,MK8000,3,LOS,punct_interior,5,3,5,2.965,1.0,1.0,1.92,1.89,11.76,16.91,18.54,7.0,14.0,7.0,3.0,-3.0,-57.0,-55.0,-84.0,-81.0,-81.0
2026-06-08 18:13:57.616,1780931637.617,MK8000,3,LOS,punct_interior,5,4,5,2.965,1.0,1.0,1.91,1.75,11.81,16.88,19.41,8.0,13.0,6.0,4.0,-3.0,-54.0,-50.0,-83.0,-81.0,-86.0
2026-06-08 18:14:05.276,1780931645.276,MK8000,3,LOS,punct_interior,5,5,5,2.965,1.0,1.0,1.75,1.9,12.0,16.81,18.91,8.0,13.0,7.0,5.0,-3.0,-54.0,-58.0,-82.0,-81.0,-82.0
2026-06-08 18:14:12.958,1780931652.959,MK8000,3,LOS,punct_interior,5,6,5,2.965,1.0,1.0,1.69,1.86,11.88,16.85,19.91,6.0,14.0,5.0,4.0,0.0,-58.0,-54.0,-84.0,-80.0,-87.0
2026-06-08 18:14:20.662,1780931660.663,MK8000,3,LOS,punct_interior,5,7,5,2.965,1.0,1.0,1.76,1.86,12.85,16.89,19.29,9.0,14.0,7.0,4.0,-5.0,-56.0,-54.0,-85.0,-80.0,-82.0
2026-06-08 18:14:28.387,1780931668.388,MK8000,3,LOS,punct_interior,5,8,5,2.965,1.0,1.0,1.74,1.83,11.96,16.82,18.48,4.0,16.0,6.0,5.0,1.0,-52.0,-54.0,-82.0,-81.0,-83.0
2026-06-08 18:14:36.146,1780931676.147,MK8000,3,LOS,punct_interior,5,9,5,2.965,1.0,1.0,1.69,1.87,11.91,16.88,18.85,8.0,17.0,5.0,8.0,-4.0,-57.0,-53.0,-83.0,-82.0,-83.0
2026-06-08 18:14:43.930,1780931683.931,MK8000,3,LOS,punct_interior,5,10,5,2.965,1.0,1.0,1.7,1.86,11.96,16.86,19.32,5.0,16.0,6.0,4.0,-5.0,-54.0,-54.0,-82.0,-80.0,-84.0
2026-06-08 18:14:51.739,1780931691.739,MK8000,3,LOS,punct_interior,5,11,5,2.965,1.0,1.0,1.62,1.85,11.74,16.9,19.49,3.0,16.0,6.0,4.0,-4.0,-52.0,-54.0,-81.0,-80.0,-81.0
2026-06-08 18:14:59.765,1780931699.765,MK8000,3,LOS,punct_interior,5,12,5,2.965,1.0,1.0,1.65,1.83,11.38,16.86,18.85,3.0,14.0,6.0,6.0,-4.0,-52.0,-56.0,-81.0,-82.0,-85.0
2026-06-08 18:15:08.136,1780931708.136,MK8000,3,LOS,punct_interior,5,13,5,2.965,1.0,1.0,1.66,1.83,11.61,16.76,18.82,7.0,16.0,4.0,10.0,2.0,-58.0,-54.0,-80.0,-67.0,-87.0
2026-06-08 18:15:16.042,1780931716.043,MK8000,3,LOS,punct_interior,5,14,5,2.965,1.0,1.0,1.94,1.88,10.81,16.54,18.74,6.0,16.0,8.0,8.0,-1.0,-56.0,-53.0,-81.0,-69.0,-86.0
2026-06-08 18:15:24.532,1780931724.533,MK8000,3,LOS,punct_interior,5,15,5,2.965,1.0,1.0,2.1,1.83,10.6,16.71,18.69,9.0,15.0,4.0,9.0,-3.0,-55.0,-53.0,-68.0,-70.0,-83.0
2026-06-08 18:15:33.496,1780931733.496,MK8000,3,LOS,punct_interior,5,16,4,2.965,1.0,1.0,1.79,1.88,10.65,16.68,,7.0,16.0,6.0,7.0,,-57.0,-54.0,-83.0,-68.0,
2026-06-08 18:15:41.555,1780931741.556,MK8000,3,LOS,punct_interior,5,17,5,2.965,1.0,1.0,1.89,1.8,10.75,16.75,18.75,7.0,15.0,6.0,7.0,-3.0,-57.0,-53.0,-66.0,-70.0,-83.0
2026-06-08 18:15:50.581,1780931750.582,MK8000,3,LOS,punct_interior,5,18,4,2.965,1.0,1.0,2.12,1.82,10.63,16.75,,9.0,16.0,6.0,10.0,,-54.0,-54.0,-80.0,-70.0,
2026-06-08 18:15:58.716,1780931758.717,MK8000,3,LOS,punct_interior,5,19,5,2.965,1.0,1.0,1.75,1.81,10.83,16.64,18.81,8.0,18.0,8.0,10.0,-1.0,-56.0,-52.0,-83.0,-69.0,-86.0
2026-06-08 18:16:06.272,1780931766.273,MK8000,3,LOS,punct_interior,5,20,5,2.965,1.0,1.0,1.82,1.81,10.67,16.71,18.71,,,,9.0,1.0,,,,-77.0,-86.0
2026-06-08 18:16:13.856,1780931773.857,MK8000,3,LOS,punct_interior,5,21,5,2.965,1.0,1.0,2.09,1.84,10.58,16.71,18.72,7.0,13.0,6.0,7.0,-3.0,-57.0,-54.0,-68.0,-70.0,-82.0
2026-06-08 18:16:22.503,1780931782.504,MK8000,3,LOS,punct_interior,5,22,4,2.965,1.0,1.0,1.58,1.81,12.03,16.63,,2.0,15.0,5.0,7.0,,-52.0,-54.0,-82.0,-69.0,
2026-06-08 18:16:30.132,1780931790.133,MK8000,3,LOS,punct_interior,5,23,5,2.965,1.0,1.0,1.92,1.83,10.57,16.58,19.23,8.0,15.0,6.0,7.0,-4.0,-55.0,-55.0,-81.0,-70.0,-82.0
2026-06-08 18:16:37.787,1780931797.788,MK8000,3,LOS,punct_interior,5,24,5,2.965,1.0,1.0,1.71,1.8,10.79,16.63,18.94,4.0,14.0,7.0,11.0,-1.0,-52.0,-54.0,-80.0,-69.0,-88.0
2026-06-08 18:16:45.471,1780931805.471,MK8000,3,LOS,punct_interior,5,25,5,2.965,1.0,1.0,1.91,1.81,10.61,16.58,19.75,4.0,16.0,7.0,8.0,-3.0,-52.0,-54.0,-80.0,-69.0,-85.0
2026-06-08 18:16:54.094,1780931814.095,MK8000,3,LOS,punct_interior,5,26,4,2.965,1.0,1.0,1.91,1.82,10.61,16.58,,8.0,17.0,6.0,9.0,,-56.0,-54.0,-66.0,-69.0,
2026-06-08 18:17:02.736,1780931822.736,MK8000,3,LOS,punct_interior,5,27,4,2.965,1.0,1.0,1.92,1.78,11.48,16.65,,8.0,18.0,5.0,12.0,,-55.0,-54.0,-79.0,-69.0,
2026-06-08 18:17:11.400,1780931831.4,MK8000,3,LOS,punct_interior,5,28,4,2.965,1.0,1.0,1.95,1.81,10.6,16.71,,8.0,15.0,5.0,8.0,,-55.0,-54.0,-80.0,-69.0,
2026-06-08 18:17:19.178,1780931839.179,MK8000,3,LOS,punct_interior,5,29,5,2.965,1.0,1.0,1.98,1.82,10.83,16.76,18.67,8.0,15.0,7.0,13.0,2.0,-56.0,-54.0,-81.0,-68.0,-85.0
2026-06-08 18:17:26.988,1780931846.989,MK8000,3,LOS,punct_interior,5,30,5,2.965,1.0,1.0,1.83,1.78,11.58,16.84,19.2,2.0,15.0,7.0,11.0,4.0,-52.0,-54.0,-66.0,-68.0,-85.0
2026-06-08 18:18:20.682,1780931900.683,MK8000,4,LOS,punct_interior,5,1,5,3.965,1.0,1.0,2.71,1.07,10.84,17.09,20.78,9.0,11.0,8.0,6.0,-1.0,-53.0,-53.0,-67.0,-82.0,-88.0
2026-06-08 18:18:28.540,1780931908.541,MK8000,4,LOS,punct_interior,5,2,5,3.965,1.0,1.0,2.72,1.02,10.82,17.1,20.75,3.0,13.0,10.0,6.0,2.0,-50.0,-52.0,-68.0,-82.0,-83.0
2026-06-08 18:18:36.423,1780931916.423,MK8000,4,LOS,punct_interior,5,3,5,3.965,1.0,1.0,2.73,0.99,10.88,17.45,22.07,7.0,13.0,10.0,3.0,0.0,-53.0,-54.0,-66.0,-66.0,-81.0
2026-06-08 18:18:44.329,1780931924.33,MK8000,4,LOS,punct_interior,5,4,5,3.965,1.0,1.0,2.72,1.03,10.79,17.31,23.11,7.0,13.0,8.0,9.0,1.0,-54.0,-54.0,-64.0,-66.0,-86.0
2026-06-08 18:18:52.261,1780931932.261,MK8000,4,LOS,punct_interior,5,5,5,3.965,1.0,1.0,2.72,1.03,10.77,17.06,22.04,10.0,13.0,13.0,10.0,2.0,-54.0,-53.0,-67.0,-64.0,-82.0
2026-06-08 18:18:59.846,1780931939.847,MK8000,4,LOS,punct_interior,5,6,5,3.965,1.0,1.0,2.72,1.04,10.79,17.6,22.03,10.0,11.0,14.0,9.0,0.0,-54.0,-49.0,-67.0,-64.0,-84.0
2026-06-08 18:19:07.406,1780931947.407,MK8000,4,LOS,punct_interior,5,7,5,3.965,1.0,1.0,2.72,0.99,10.78,17.49,23.32,8.0,12.0,10.0,8.0,-1.0,-54.0,-54.0,-62.0,-64.0,-86.0
2026-06-08 18:19:15.494,1780931955.495,MK8000,4,LOS,punct_interior,5,8,5,3.965,1.0,1.0,2.71,0.99,10.75,17.19,20.79,6.0,12.0,9.0,4.0,0.0,-53.0,-54.0,-62.0,-66.0,-83.0
2026-06-08 18:19:23.108,1780931963.108,MK8000,4,LOS,punct_interior,5,9,5,3.965,1.0,1.0,2.71,1.03,10.81,17.76,21.44,6.0,11.0,10.0,10.0,1.0,-50.0,-53.0,-67.0,-64.0,-83.0
2026-06-08 18:19:30.744,1780931970.745,MK8000,4,LOS,punct_interior,5,10,5,3.965,1.0,1.0,2.72,0.98,10.81,17.52,21.28,4.0,12.0,11.0,7.0,0.0,-50.0,-54.0,-67.0,-66.0,-81.0
2026-06-08 18:19:38.398,1780931978.398,MK8000,4,LOS,punct_interior,5,11,5,3.965,1.0,1.0,2.72,1.04,10.81,17.73,20.61,7.0,12.0,11.0,6.0,2.0,-53.0,-53.0,-67.0,-66.0,-84.0
2026-06-08 18:19:46.084,1780931986.085,MK8000,4,LOS,punct_interior,5,12,5,3.965,1.0,1.0,2.69,1.03,10.8,17.22,22.08,5.0,13.0,7.0,7.0,1.0,-53.0,-54.0,-62.0,-64.0,-81.0
2026-06-08 18:19:53.786,1780931993.787,MK8000,4,LOS,punct_interior,5,13,5,3.965,1.0,1.0,2.7,1.01,10.78,17.36,21.49,7.0,14.0,11.0,7.0,2.0,-54.0,-54.0,-67.0,-64.0,-82.0
2026-06-08 18:20:01.517,1780932001.518,MK8000,4,LOS,punct_interior,5,14,5,3.965,1.0,1.0,2.7,1.04,10.8,17.29,21.5,7.0,12.0,7.0,7.0,2.0,-54.0,-49.0,-62.0,-66.0,-81.0
2026-06-08 18:20:09.275,1780932009.276,MK8000,4,LOS,punct_interior,5,15,5,3.965,1.0,1.0,2.72,1.02,10.81,17.32,20.77,7.0,14.0,11.0,9.0,0.0,-54.0,-53.0,-67.0,-64.0,-82.0
2026-06-08 18:20:17.057,1780932017.057,MK8000,4,LOS,punct_interior,5,16,5,3.965,1.0,1.0,2.71,0.98,10.81,17.02,23.28,8.0,14.0,11.0,4.0,0.0,-54.0,-54.0,-67.0,-66.0,-86.0
2026-06-08 18:20:24.868,1780932024.868,MK8000,4,LOS,punct_interior,5,17,5,3.965,1.0,1.0,2.72,0.99,10.82,17.24,21.99,7.0,11.0,13.0,10.0,-1.0,-54.0,-54.0,-67.0,-64.0,-86.0
2026-06-08 18:20:32.714,1780932032.715,MK8000,4,LOS,punct_interior,5,18,5,3.965,1.0,1.0,2.71,1.0,10.82,17.54,20.65,8.0,13.0,10.0,7.0,3.0,-53.0,-53.0,-67.0,-64.0,-83.0
2026-06-08 18:20:40.576,1780932040.577,MK8000,4,LOS,punct_interior,5,19,5,3.965,1.0,1.0,2.76,1.16,10.99,16.87,20.67,8.0,12.0,6.0,6.0,1.0,-54.0,-53.0,-66.0,-81.0,-87.0
2026-06-08 18:20:49.463,1780932049.463,MK8000,4,LOS,punct_interior,5,20,4,3.965,1.0,1.0,2.72,1.15,11.31,17.43,,8.0,14.0,5.0,6.0,,-54.0,-52.0,-68.0,-83.0,
2026-06-08 18:20:58.503,1780932058.503,MK8000,4,LOS,punct_interior,5,21,4,3.965,1.0,1.0,2.75,1.0,11.18,17.14,,10.0,12.0,11.0,3.0,,-54.0,-53.0,-82.0,-80.0,
2026-06-08 18:21:07.484,1780932067.484,MK8000,4,LOS,punct_interior,5,22,4,3.965,1.0,1.0,2.71,1.07,11.17,17.47,,8.0,13.0,10.0,6.0,,-54.0,-53.0,-81.0,-83.0,
2026-06-08 18:21:15.546,1780932075.546,MK8000,4,LOS,punct_interior,5,23,5,3.965,1.0,1.0,2.71,1.02,10.73,18.07,22.03,5.0,12.0,9.0,7.0,0.0,-50.0,-53.0,-64.0,-68.0,-83.0
2026-06-08 18:21:23.656,1780932083.657,MK8000,4,LOS,punct_interior,5,24,5,3.965,1.0,1.0,2.72,0.99,10.81,18.04,20.68,5.0,12.0,10.0,8.0,3.0,-50.0,-54.0,-67.0,-64.0,-82.0
2026-06-08 18:21:31.799,1780932091.799,MK8000,4,LOS,punct_interior,5,25,5,3.965,1.0,1.0,2.72,1.03,10.8,17.96,22.62,8.0,13.0,10.0,8.0,1.0,-54.0,-54.0,-67.0,-64.0,-87.0
2026-06-08 18:21:39.355,1780932099.356,MK8000,4,LOS,punct_interior,5,26,5,3.965,1.0,1.0,2.73,0.99,10.81,17.94,20.74,,,,10.0,-2.0,,,,-69.0,-84.0
2026-06-08 18:21:46.945,1780932106.946,MK8000,4,LOS,punct_interior,5,27,5,3.965,1.0,1.0,2.72,1.02,10.73,17.69,21.18,8.0,13.0,8.0,8.0,1.0,-53.0,-54.0,-62.0,-68.0,-83.0
2026-06-08 18:21:54.558,1780932114.558,MK8000,4,LOS,punct_interior,5,28,5,3.965,1.0,1.0,2.72,1.03,10.83,17.96,21.31,2.0,15.0,10.0,7.0,0.0,-50.0,-53.0,-67.0,-69.0,-82.0
2026-06-08 18:22:02.193,1780932122.194,MK8000,4,LOS,punct_interior,5,29,5,3.965,1.0,1.0,2.72,0.99,10.76,17.62,21.77,7.0,12.0,14.0,7.0,4.0,-54.0,-54.0,-67.0,-64.0,-85.0
2026-06-08 18:22:09.858,1780932129.858,MK8000,4,LOS,punct_interior,5,30,5,3.965,1.0,1.0,2.72,1.03,10.81,17.97,21.89,8.0,14.0,13.0,7.0,2.0,-54.0,-54.0,-68.0,-64.0,-83.0
2026-06-08 18:23:52.184,1780932232.184,MK8000,5,LOS,punct_interior,5,1,5,4.965,1.0,1.0,3.52,0.79,11.0,17.74,20.11,9.0,16.0,12.0,7.0,3.0,-58.0,-54.0,-66.0,-66.0,-80.0
2026-06-08 18:23:59.893,1780932239.894,MK8000,5,LOS,punct_interior,5,2,5,4.965,1.0,1.0,3.57,0.83,11.01,17.83,24.16,8.0,16.0,11.0,6.0,3.0,-58.0,-55.0,-62.0,-66.0,-85.0
2026-06-08 18:24:07.630,1780932247.631,MK8000,5,LOS,punct_interior,5,3,5,4.965,1.0,1.0,3.59,0.77,11.01,18.06,24.16,9.0,16.0,8.0,8.0,4.0,-58.0,-55.0,-67.0,-69.0,-85.0
2026-06-08 18:24:15.395,1780932255.395,MK8000,5,LOS,punct_interior,5,4,5,4.965,1.0,1.0,3.51,0.81,11.05,18.0,20.8,8.0,14.0,9.0,9.0,3.0,-58.0,-55.0,-62.0,-82.0,-84.0
2026-06-08 18:24:23.182,1780932263.183,MK8000,5,LOS,punct_interior,5,5,5,4.965,1.0,1.0,3.49,0.87,10.99,17.69,19.49,7.0,13.0,13.0,7.0,3.0,-58.0,-53.0,-65.0,-66.0,-84.0
2026-06-08 18:24:30.997,1780932270.998,MK8000,5,LOS,punct_interior,5,6,5,4.965,1.0,1.0,3.5,0.79,11.13,17.65,20.63,8.0,15.0,9.0,9.0,3.0,-58.0,-54.0,-62.0,-66.0,-86.0
2026-06-08 18:24:38.834,1780932278.835,MK8000,5,LOS,punct_interior,5,7,5,4.965,1.0,1.0,3.44,0.8,11.02,17.89,21.31,9.0,16.0,12.0,8.0,2.0,-59.0,-54.0,-67.0,-66.0,-85.0
2026-06-08 18:24:47.543,1780932287.544,MK8000,5,LOS,punct_interior,5,8,5,4.965,1.0,1.0,3.51,0.84,11.0,17.83,20.1,9.0,16.0,13.0,6.0,4.0,-59.0,-53.0,-67.0,-66.0,-81.0
2026-06-08 18:24:55.431,1780932295.432,MK8000,5,LOS,punct_interior,5,9,5,4.965,1.0,1.0,3.47,0.79,11.01,17.73,21.08,7.0,17.0,11.0,6.0,3.0,-58.0,-54.0,-66.0,-66.0,-85.0
2026-06-08 18:25:03.342,1780932303.342,MK8000,5,LOS,punct_interior,5,10,5,4.965,1.0,1.0,3.46,0.79,11.0,17.67,19.97,9.0,17.0,8.0,7.0,4.0,-58.0,-54.0,-62.0,-66.0,-83.0
2026-06-08 18:25:11.122,1780932311.122,MK8000,5,LOS,punct_interior,5,11,5,4.965,1.0,1.0,3.49,0.76,11.03,17.87,20.64,7.0,14.0,11.0,8.0,2.0,-58.0,-55.0,-62.0,-82.0,-85.0
2026-06-08 18:25:18.666,1780932318.667,MK8000,5,LOS,punct_interior,5,12,5,4.965,1.0,1.0,3.47,0.81,11.03,17.93,19.94,8.0,14.0,11.0,8.0,3.0,-58.0,-54.0,-67.0,-82.0,-83.0
2026-06-08 18:25:26.236,1780932326.237,MK8000,5,LOS,punct_interior,5,13,5,4.965,1.0,1.0,3.48,0.82,10.99,17.64,19.94,9.0,16.0,11.0,9.0,4.0,-58.0,-54.0,-62.0,-66.0,-84.0
2026-06-08 18:25:33.831,1780932333.831,MK8000,5,LOS,punct_interior,5,14,5,4.965,1.0,1.0,3.55,0.84,10.98,17.72,20.04,9.0,14.0,13.0,8.0,1.0,-58.0,-54.0,-67.0,-66.0,-84.0
2026-06-08 18:25:41.448,1780932341.449,MK8000,5,LOS,punct_interior,5,15,5,4.965,1.0,1.0,3.49,0.83,10.98,17.84,21.91,9.0,17.0,10.0,7.0,5.0,-58.0,-54.0,-62.0,-81.0,-81.0
2026-06-08 18:25:49.087,1780932349.088,MK8000,5,LOS,punct_interior,5,16,5,4.965,1.0,1.0,3.48,0.84,10.98,17.68,20.87,9.0,15.0,9.0,9.0,3.0,-58.0,-54.0,-65.0,-66.0,-80.0
2026-06-08 18:25:56.755,1780932356.756,MK8000,5,LOS,punct_interior,5,17,5,4.965,1.0,1.0,3.44,0.81,11.0,17.96,20.82,3.0,17.0,8.0,7.0,3.0,-54.0,-54.0,-62.0,-70.0,-80.0
2026-06-08 18:26:04.449,1780932364.45,MK8000,5,LOS,punct_interior,5,18,5,4.965,1.0,1.0,3.49,0.83,10.98,18.01,23.34,10.0,14.0,10.0,8.0,2.0,-58.0,-55.0,-62.0,-82.0,-85.0
2026-06-08 18:26:12.162,1780932372.162,MK8000,5,LOS,punct_interior,5,19,5,4.965,1.0,1.0,3.55,0.8,11.02,17.93,20.81,9.0,19.0,10.0,7.0,2.0,-57.0,-54.0,-62.0,-83.0,-84.0
2026-06-08 18:26:19.898,1780932379.898,MK8000,5,LOS,punct_interior,5,20,5,4.965,1.0,1.0,3.49,0.85,10.98,17.95,24.11,3.0,15.0,11.0,7.0,2.0,-54.0,-54.0,-62.0,-82.0,-83.0
2026-06-08 18:26:27.665,1780932387.665,MK8000,5,LOS,punct_interior,5,21,5,4.965,1.0,1.0,3.44,0.82,10.98,17.91,24.11,8.0,17.0,10.0,7.0,4.0,-58.0,-54.0,-62.0,-70.0,-85.0
2026-06-08 18:26:35.444,1780932395.445,MK8000,5,LOS,punct_interior,5,22,5,4.965,1.0,1.0,3.55,0.81,11.02,17.95,22.6,8.0,16.0,12.0,8.0,2.0,-57.0,-53.0,-66.0,-82.0,-84.0
2026-06-08 18:26:43.255,1780932403.256,MK8000,5,LOS,punct_interior,5,23,5,4.965,1.0,1.0,3.56,0.83,11.0,17.88,23.08,8.0,14.0,10.0,8.0,4.0,-57.0,-55.0,-66.0,-80.0,-86.0
2026-06-08 18:26:51.105,1780932411.105,MK8000,5,LOS,punct_interior,5,24,5,4.965,1.0,1.0,3.49,0.87,11.0,17.67,19.27,8.0,13.0,9.0,9.0,2.0,-58.0,-54.0,-64.0,-66.0,-82.0
2026-06-08 18:26:58.993,1780932418.994,MK8000,5,LOS,punct_interior,5,25,5,4.965,1.0,1.0,3.53,0.84,10.98,17.93,20.98,8.0,14.0,11.0,9.0,2.0,-58.0,-53.0,-67.0,-82.0,-84.0
2026-06-08 18:27:06.912,1780932426.912,MK8000,5,LOS,punct_interior,5,26,5,4.965,1.0,1.0,3.5,0.82,10.99,17.78,21.66,7.0,16.0,12.0,7.0,4.0,-58.0,-54.0,-66.0,-66.0,-82.0
2026-06-08 18:27:14.881,1780932434.881,MK8000,5,LOS,punct_interior,5,27,5,4.965,1.0,1.0,3.53,0.86,10.97,17.9,19.99,8.0,11.0,8.0,9.0,4.0,-58.0,-54.0,-64.0,-66.0,-81.0
2026-06-08 18:27:22.918,1780932442.919,MK8000,5,LOS,punct_interior,5,28,5,4.965,1.0,1.0,3.52,0.86,11.01,17.95,20.98,8.0,14.0,11.0,7.0,3.0,-58.0,-53.0,-66.0,-82.0,-85.0
2026-06-08 18:27:31.014,1780932451.015,MK8000,5,LOS,punct_interior,5,29,5,4.965,1.0,1.0,3.55,0.83,11.08,17.83,20.13,8.0,14.0,9.0,7.0,2.0,-58.0,-54.0,-62.0,-70.0,-82.0
2026-06-08 18:27:39.134,1780932459.134,MK8000,5,LOS,punct_interior,5,30,5,4.965,1.0,1.0,3.54,0.82,11.0,17.97,20.83,9.0,17.0,9.0,9.0,4.0,-58.0,-55.0,-64.0,-70.0,-83.0
2026-06-08 18:29:02.151,1780932542.151,MK8000,7,LOS,punct_interior,5,1,5,1.965,2.0,1.0,1.9,3.13,9.85,16.25,18.66,,,,8.0,2.0,,,,-64.0,-84.0
2026-06-08 18:29:09.721,1780932549.722,MK8000,7,LOS,punct_interior,5,2,5,1.965,2.0,1.0,1.85,3.2,9.64,15.92,20.63,,,,10.0,3.0,,,,-67.0,-85.0
2026-06-08 18:29:17.310,1780932557.31,MK8000,7,LOS,punct_interior,5,3,5,1.965,2.0,1.0,1.84,3.22,9.7,16.08,19.68,10.0,12.0,7.0,10.0,3.0,-54.0,-59.0,-81.0,-67.0,-84.0
2026-06-08 18:29:24.927,1780932564.928,MK8000,7,LOS,punct_interior,5,4,5,1.965,2.0,1.0,1.84,3.2,9.71,16.0,21.48,9.0,13.0,6.0,5.0,1.0,-55.0,-58.0,-66.0,-64.0,-85.0
2026-06-08 18:29:32.573,1780932572.573,MK8000,7,LOS,punct_interior,5,5,5,1.965,2.0,1.0,1.84,3.21,9.64,15.94,19.57,5.0,12.0,7.0,11.0,-3.0,-54.0,-58.0,-66.0,-67.0,-83.0
2026-06-08 18:29:40.244,1780932580.244,MK8000,7,LOS,punct_interior,5,6,5,1.965,2.0,1.0,1.84,3.21,9.69,15.81,18.7,8.0,15.0,6.0,10.0,2.0,-55.0,-58.0,-66.0,-67.0,-85.0
2026-06-08 18:29:47.936,1780932587.937,MK8000,7,LOS,punct_interior,5,7,5,1.965,2.0,1.0,1.85,3.21,9.75,15.73,18.73,5.0,13.0,7.0,10.0,3.0,-50.0,-59.0,-82.0,-67.0,-85.0
2026-06-08 18:29:55.655,1780932595.656,MK8000,7,LOS,punct_interior,5,8,5,1.965,2.0,1.0,1.85,3.21,9.68,16.05,20.6,9.0,13.0,9.0,9.0,4.0,-55.0,-58.0,-78.0,-64.0,-84.0
2026-06-08 18:30:03.405,1780932603.406,MK8000,7,LOS,punct_interior,5,9,5,1.965,2.0,1.0,1.85,3.21,9.72,15.61,18.82,7.0,11.0,8.0,11.0,3.0,-55.0,-59.0,-66.0,-67.0,-86.0
2026-06-08 18:30:11.169,1780932611.169,MK8000,7,LOS,punct_interior,5,10,5,1.965,2.0,1.0,1.84,3.2,9.68,16.01,18.79,8.0,14.0,9.0,11.0,2.0,-54.0,-59.0,-77.0,-64.0,-84.0
2026-06-08 18:30:18.962,1780932618.963,MK8000,7,LOS,punct_interior,5,11,5,1.965,2.0,1.0,1.84,3.21,9.76,15.82,18.74,7.0,15.0,7.0,11.0,4.0,-55.0,-58.0,-81.0,-66.0,-85.0
2026-06-08 18:30:26.774,1780932626.775,MK8000,7,LOS,punct_interior,5,12,5,1.965,2.0,1.0,1.84,3.2,9.69,15.94,19.69,9.0,13.0,7.0,10.0,4.0,-55.0,-59.0,-81.0,-67.0,-83.0
2026-06-08 18:30:34.616,1780932634.617,MK8000,7,LOS,punct_interior,5,13,5,1.965,2.0,1.0,1.85,3.2,9.77,16.11,19.61,9.0,14.0,8.0,7.0,1.0,-55.0,-59.0,-81.0,-64.0,-85.0
2026-06-08 18:30:42.479,1780932642.479,MK8000,7,LOS,punct_interior,5,14,5,1.965,2.0,1.0,1.85,3.21,9.72,15.81,18.7,9.0,13.0,8.0,12.0,4.0,-55.0,-59.0,-82.0,-67.0,-85.0
2026-06-08 18:30:50.370,1780932650.371,MK8000,7,LOS,punct_interior,5,15,5,1.965,2.0,1.0,1.84,3.21,9.7,16.06,19.68,6.0,14.0,7.0,13.0,2.0,-54.0,-58.0,-79.0,-67.0,-85.0
2026-06-08 18:30:58.289,1780932658.29,MK8000,7,LOS,punct_interior,5,16,5,1.965,2.0,1.0,1.84,3.21,9.69,16.0,21.5,8.0,13.0,8.0,7.0,3.0,-54.0,-59.0,-66.0,-64.0,-85.0
2026-06-08 18:31:05.874,1780932665.874,MK8000,7,LOS,punct_interior,5,17,5,1.965,2.0,1.0,1.85,3.22,9.73,15.93,19.66,6.0,14.0,8.0,12.0,4.0,-50.0,-58.0,-82.0,-67.0,-83.0
2026-06-08 18:31:13.411,1780932673.412,MK8000,7,LOS,punct_interior,5,18,5,1.965,2.0,1.0,1.85,3.21,9.78,16.06,19.62,9.0,14.0,9.0,7.0,1.0,-54.0,-58.0,-81.0,-64.0,-84.0
2026-06-08 18:31:20.987,1780932680.987,MK8000,7,LOS,punct_interior,5,19,5,1.965,2.0,1.0,1.84,3.2,9.67,15.88,18.75,9.0,16.0,7.0,12.0,3.0,-55.0,-58.0,-66.0,-64.0,-84.0
2026-06-08 18:31:28.580,1780932688.581,MK8000,7,LOS,punct_interior,5,20,5,1.965,2.0,1.0,1.84,3.21,9.72,15.86,18.74,8.0,15.0,7.0,11.0,3.0,-54.0,-58.0,-82.0,-67.0,-84.0
2026-06-08 18:31:36.198,1780932696.198,MK8000,7,LOS,punct_interior,5,21,5,1.965,2.0,1.0,1.85,3.2,9.72,15.96,20.58,9.0,15.0,8.0,11.0,1.0,-55.0,-58.0,-66.0,-67.0,-85.0
2026-06-08 18:31:43.845,1780932703.846,MK8000,7,LOS,punct_interior,5,22,5,1.965,2.0,1.0,1.84,3.2,9.67,15.8,19.69,9.0,12.0,7.0,10.0,3.0,-55.0,-58.0,-78.0,-67.0,-85.0
2026-06-08 18:31:51.513,1780932711.513,MK8000,7,LOS,punct_interior,5,23,5,1.965,2.0,1.0,1.84,3.21,9.68,16.08,20.66,8.0,15.0,6.0,7.0,2.0,-55.0,-58.0,-66.0,-61.0,-85.0
2026-06-08 18:31:59.206,1780932719.207,MK8000,7,LOS,punct_interior,5,24,5,1.965,2.0,1.0,1.84,3.21,9.73,15.65,18.81,7.0,14.0,7.0,7.0,3.0,-55.0,-58.0,-66.0,-64.0,-85.0
2026-06-08 18:32:06.930,1780932726.931,MK8000,7,LOS,punct_interior,5,25,5,1.965,2.0,1.0,1.85,3.21,9.74,16.11,20.56,8.0,12.0,7.0,9.0,3.0,-54.0,-54.0,-79.0,-64.0,-85.0
2026-06-08 18:32:14.677,1780932734.678,MK8000,7,LOS,punct_interior,5,26,5,1.965,2.0,1.0,1.84,3.2,9.66,15.94,18.84,5.0,12.0,8.0,12.0,3.0,-55.0,-58.0,-80.0,-67.0,-85.0
2026-06-08 18:32:22.442,1780932742.443,MK8000,7,LOS,punct_interior,5,27,5,1.965,2.0,1.0,1.84,3.21,9.66,15.84,19.65,7.0,13.0,5.0,7.0,1.0,-55.0,-59.0,-66.0,-62.0,-86.0
2026-06-08 18:32:30.236,1780932750.237,MK8000,7,LOS,punct_interior,5,28,5,1.965,2.0,1.0,1.84,3.21,9.76,16.1,19.75,7.0,16.0,7.0,7.0,2.0,-54.0,-58.0,-80.0,-64.0,-83.0
2026-06-08 18:32:38.066,1780932758.067,MK8000,7,LOS,punct_interior,5,29,5,1.965,2.0,1.0,1.84,3.19,9.73,16.02,19.69,8.0,14.0,6.0,6.0,2.0,-55.0,-58.0,-82.0,-62.0,-85.0
2026-06-08 18:32:45.925,1780932765.926,MK8000,7,LOS,punct_interior,5,30,5,1.965,2.0,1.0,1.85,3.21,9.77,16.19,19.67,9.0,15.0,7.0,9.0,3.0,-55.0,-58.0,-81.0,-64.0,-84.0
2026-06-08 18:37:09.369,1780933029.369,MK8000,8,LOS,punct_interior,5,1,5,2.965,2.0,1.0,2.39,2.37,10.4,15.42,19.94,7.0,9.0,11.0,11.0,1.0,-52.0,-58.0,-67.0,-65.0,-83.0
2026-06-08 18:37:17.331,1780933037.332,MK8000,8,LOS,punct_interior,5,2,5,2.965,2.0,1.0,2.4,2.39,10.45,15.52,19.07,8.0,12.0,11.0,13.0,2.0,-51.0,-55.0,-62.0,-65.0,-82.0
2026-06-08 18:37:25.318,1780933045.319,MK8000,8,LOS,punct_interior,5,3,5,2.965,2.0,1.0,2.4,2.37,10.75,15.38,19.08,7.0,10.0,10.0,13.0,0.0,-53.0,-58.0,-60.0,-65.0,-83.0
2026-06-08 18:37:33.354,1780933053.354,MK8000,8,LOS,punct_interior,5,4,5,2.965,2.0,1.0,2.39,2.38,10.42,15.34,19.16,7.0,13.0,10.0,13.0,1.0,-52.0,-54.0,-61.0,-65.0,-83.0
2026-06-08 18:37:41.442,1780933061.443,MK8000,8,LOS,punct_interior,5,5,5,2.965,2.0,1.0,2.38,2.38,10.32,15.58,18.93,6.0,14.0,10.0,17.0,3.0,-52.0,-55.0,-64.0,-65.0,-85.0
2026-06-08 18:37:49.567,1780933069.568,MK8000,8,LOS,punct_interior,5,6,5,2.965,2.0,1.0,2.38,2.37,10.6,15.47,18.9,7.0,10.0,10.0,10.0,2.0,-52.0,-58.0,-66.0,-65.0,-84.0
2026-06-08 18:37:57.312,1780933077.313,MK8000,8,LOS,punct_interior,5,7,5,2.965,2.0,1.0,2.38,2.39,10.55,15.52,18.97,5.0,,,15.0,2.0,-51.0,,,-65.0,-85.0
2026-06-08 18:38:04.888,1780933084.888,MK8000,8,LOS,punct_interior,5,8,5,2.965,2.0,1.0,2.38,2.38,10.62,15.33,18.81,,,9.0,12.0,2.0,,,-62.0,-65.0,-85.0
2026-06-08 18:38:12.488,1780933092.488,MK8000,8,LOS,punct_interior,5,9,5,2.965,2.0,1.0,2.4,2.38,10.63,15.34,18.95,8.0,14.0,14.0,14.0,2.0,-52.0,-54.0,-61.0,-65.0,-87.0
2026-06-08 18:38:20.112,1780933100.113,MK8000,8,LOS,punct_interior,5,10,5,2.965,2.0,1.0,2.4,2.39,10.54,15.56,18.86,8.0,13.0,12.0,14.0,3.0,-52.0,-55.0,-64.0,-64.0,-83.0
2026-06-08 18:38:27.762,1780933107.763,MK8000,8,LOS,punct_interior,5,11,5,2.965,2.0,1.0,2.39,2.39,10.44,15.43,19.07,7.0,14.0,10.0,9.0,2.0,-52.0,-55.0,-64.0,-60.0,-83.0
2026-06-08 18:38:35.436,1780933115.436,MK8000,8,LOS,punct_interior,5,12,5,2.965,2.0,1.0,2.4,2.38,10.59,15.32,18.95,5.0,13.0,10.0,11.0,3.0,-52.0,-55.0,-66.0,-65.0,-83.0
2026-06-08 18:38:43.135,1780933123.136,MK8000,8,LOS,punct_interior,5,13,5,2.965,2.0,1.0,2.39,2.4,10.44,15.52,18.92,6.0,14.0,10.0,14.0,2.0,-51.0,-55.0,-64.0,-65.0,-83.0
2026-06-08 18:38:50.858,1780933130.858,MK8000,8,LOS,punct_interior,5,14,5,2.965,2.0,1.0,2.39,2.4,10.68,15.52,19.14,8.0,13.0,11.0,12.0,3.0,-52.0,-55.0,-66.0,-65.0,-82.0
2026-06-08 18:38:58.609,1780933138.609,MK8000,8,LOS,punct_interior,5,15,5,2.965,2.0,1.0,2.39,2.39,10.64,15.52,19.05,7.0,12.0,9.0,13.0,3.0,-52.0,-59.0,-64.0,-65.0,-85.0
2026-06-08 18:39:06.382,1780933146.382,MK8000,8,LOS,punct_interior,5,16,5,2.965,2.0,1.0,2.4,2.38,10.69,15.62,19.1,8.0,9.0,9.0,14.0,2.0,-52.0,-57.0,-62.0,-65.0,-82.0
2026-06-08 18:39:14.181,1780933154.181,MK8000,8,LOS,punct_interior,5,17,5,2.965,2.0,1.0,2.41,2.39,10.56,15.55,19.02,8.0,13.0,11.0,14.0,2.0,-52.0,-55.0,-64.0,-64.0,-85.0
2026-06-08 18:39:22.003,1780933162.003,MK8000,8,LOS,punct_interior,5,18,5,2.965,2.0,1.0,2.4,2.37,10.43,15.51,19.15,7.0,13.0,10.0,12.0,1.0,-52.0,-55.0,-64.0,-66.0,-82.0
2026-06-08 18:39:29.851,1780933169.851,MK8000,8,LOS,punct_interior,5,19,5,2.965,2.0,1.0,2.4,2.38,10.65,15.53,18.94,6.0,13.0,11.0,13.0,2.0,-52.0,-55.0,-66.0,-64.0,-83.0
2026-06-08 18:39:37.717,1780933177.718,MK8000,8,LOS,punct_interior,5,20,5,2.965,2.0,1.0,2.39,2.37,10.75,15.61,18.94,6.0,12.0,9.0,12.0,2.0,-51.0,-56.0,-66.0,-65.0,-82.0
2026-06-08 18:39:45.615,1780933185.616,MK8000,8,LOS,punct_interior,5,21,5,2.965,2.0,1.0,2.39,2.37,10.51,15.36,18.98,5.0,8.0,10.0,15.0,1.0,-52.0,-58.0,-61.0,-65.0,-84.0
2026-06-08 18:39:53.537,1780933193.538,MK8000,8,LOS,punct_interior,5,22,5,2.965,2.0,1.0,2.39,2.38,10.6,15.4,19.02,7.0,15.0,11.0,15.0,1.0,-52.0,-55.0,-66.0,-65.0,-84.0
2026-06-08 18:40:01.125,1780933201.125,MK8000,8,LOS,punct_interior,5,23,5,2.965,2.0,1.0,2.39,2.39,10.76,15.44,18.91,5.0,12.0,11.0,15.0,3.0,-52.0,-55.0,-65.0,-65.0,-85.0
2026-06-08 18:40:08.666,1780933208.667,MK8000,8,LOS,punct_interior,5,24,5,2.965,2.0,1.0,2.37,2.39,10.51,15.42,18.93,3.0,12.0,10.0,17.0,1.0,-51.0,-55.0,-64.0,-65.0,-86.0
2026-06-08 18:40:16.239,1780933216.24,MK8000,8,LOS,punct_interior,5,25,5,2.965,2.0,1.0,2.39,2.4,10.6,15.42,20.85,5.0,11.0,11.0,13.0,1.0,-52.0,-55.0,-66.0,-65.0,-85.0
2026-06-08 18:40:23.832,1780933223.833,MK8000,8,LOS,punct_interior,5,26,5,2.965,2.0,1.0,2.39,2.4,10.35,15.5,18.93,8.0,12.0,11.0,13.0,1.0,-52.0,-54.0,-62.0,-65.0,-85.0
2026-06-08 18:40:31.462,1780933231.463,MK8000,8,LOS,punct_interior,5,27,5,2.965,2.0,1.0,2.38,2.39,10.46,15.52,18.96,7.0,13.0,8.0,16.0,2.0,-52.0,-55.0,-62.0,-65.0,-83.0
2026-06-08 18:40:39.109,1780933239.11,MK8000,8,LOS,punct_interior,5,28,5,2.965,2.0,1.0,2.41,2.38,10.61,15.43,19.1,1.0,11.0,10.0,14.0,2.0,-48.0,-55.0,-64.0,-65.0,-83.0
2026-06-08 18:40:46.780,1780933246.78,MK8000,8,LOS,punct_interior,5,29,5,2.965,2.0,1.0,2.39,2.36,10.41,15.33,19.11,8.0,11.0,10.0,13.0,-1.0,-52.0,-55.0,-62.0,-65.0,-85.0
2026-06-08 18:40:54.479,1780933254.479,MK8000,8,LOS,punct_interior,5,30,5,2.965,2.0,1.0,2.39,2.4,10.43,15.55,19.0,7.0,11.0,11.0,14.0,2.0,-52.0,-55.0,-62.0,-64.0,-83.0
2026-06-08 18:46:51.289,1780933611.289,MK8000,9,LOS,punct_interior,5,1,5,3.965,2.0,1.0,3.16,1.66,10.29,16.58,22.22,6.0,17.0,14.0,7.0,2.0,-59.0,-54.0,-66.0,-64.0,-79.0
2026-06-08 18:46:59.034,1780933619.034,MK8000,9,LOS,punct_interior,5,2,5,3.965,2.0,1.0,3.16,1.68,10.21,16.47,22.24,6.0,17.0,17.0,9.0,2.0,-56.0,-54.0,-65.0,-64.0,-84.0
2026-06-08 18:47:06.813,1780933626.813,MK8000,9,LOS,punct_interior,5,3,5,3.965,2.0,1.0,3.18,1.62,10.08,16.36,22.24,6.0,15.0,15.0,8.0,1.0,-55.0,-58.0,-67.0,-64.0,-83.0
2026-06-08 18:47:14.616,1780933634.616,MK8000,9,LOS,punct_interior,5,4,5,3.965,2.0,1.0,3.13,1.6,9.99,16.47,22.25,8.0,14.0,13.0,6.0,2.0,-55.0,-59.0,-66.0,-66.0,-80.0
2026-06-08 18:47:22.443,1780933642.443,MK8000,9,LOS,punct_interior,5,5,5,3.965,2.0,1.0,3.17,1.66,10.1,16.43,22.23,6.0,14.0,14.0,8.0,2.0,-59.0,-58.0,-66.0,-69.0,-80.0
2026-06-08 18:47:30.309,1780933650.31,MK8000,9,LOS,punct_interior,5,6,5,3.965,2.0,1.0,3.13,1.66,9.8,16.92,22.24,8.0,15.0,9.0,9.0,2.0,-56.0,-58.0,-62.0,-68.0,-81.0
2026-06-08 18:47:38.250,1780933658.251,MK8000,9,LOS,punct_interior,5,7,5,3.965,2.0,1.0,3.18,1.8,10.26,16.16,22.24,7.0,13.0,11.0,8.0,2.0,-56.0,-58.0,-66.0,-64.0,-80.0
2026-06-08 18:47:46.230,1780933666.23,MK8000,9,LOS,punct_interior,5,8,5,3.965,2.0,1.0,3.14,1.66,10.13,16.35,22.23,7.0,15.0,11.0,7.0,1.0,-56.0,-58.0,-62.0,-64.0,-79.0
2026-06-08 18:47:54.240,1780933674.241,MK8000,9,LOS,punct_interior,5,9,5,3.965,2.0,1.0,3.13,1.68,10.21,16.67,22.24,8.0,13.0,14.0,8.0,4.0,-60.0,-58.0,-66.0,-64.0,-81.0
2026-06-08 18:48:02.283,1780933682.283,MK8000,9,LOS,punct_interior,5,10,5,3.965,2.0,1.0,3.17,1.62,9.99,16.71,22.25,7.0,13.0,13.0,7.0,2.0,-55.0,-59.0,-67.0,-68.0,-83.0
2026-06-08 18:48:10.386,1780933690.387,MK8000,9,LOS,punct_interior,5,11,5,3.965,2.0,1.0,3.13,1.63,10.05,16.39,22.22,6.0,14.0,11.0,8.0,1.0,-56.0,-58.0,-66.0,-66.0,-80.0
2026-06-08 18:48:18.518,1780933698.519,MK8000,9,LOS,punct_interior,5,12,5,3.965,2.0,1.0,3.17,1.64,10.24,16.39,22.22,8.0,16.0,12.0,6.0,0.0,-56.0,-54.0,-66.0,-64.0,-83.0
2026-06-08 18:48:26.578,1780933706.579,MK8000,9,LOS,punct_interior,5,13,5,3.965,2.0,1.0,3.14,1.62,10.11,16.48,22.23,,,,9.0,1.0,,,,-64.0,-84.0
2026-06-08 18:48:34.149,1780933714.15,MK8000,9,LOS,punct_interior,5,14,5,3.965,2.0,1.0,3.1,1.67,10.15,16.49,22.24,,17.0,16.0,8.0,2.0,,-54.0,-65.0,-64.0,-81.0
2026-06-08 18:48:41.753,1780933721.753,MK8000,9,LOS,punct_interior,5,15,5,3.965,2.0,1.0,3.15,1.63,10.06,16.28,22.22,8.0,13.0,13.0,6.0,2.0,-56.0,-59.0,-67.0,-64.0,-80.0
2026-06-08 18:48:49.383,1780933729.384,MK8000,9,LOS,punct_interior,5,16,5,3.965,2.0,1.0,3.16,1.63,10.15,16.45,22.24,7.0,14.0,16.0,8.0,2.0,-56.0,-59.0,-65.0,-64.0,-80.0
2026-06-08 18:48:57.038,1780933737.039,MK8000,9,LOS,punct_interior,5,17,5,3.965,2.0,1.0,3.16,1.66,10.04,16.42,22.22,7.0,15.0,11.0,7.0,1.0,-60.0,-54.0,-67.0,-64.0,-79.0
2026-06-08 18:49:04.717,1780933744.718,MK8000,9,LOS,punct_interior,5,18,5,3.965,2.0,1.0,3.12,1.67,10.08,16.46,22.21,5.0,13.0,12.0,7.0,3.0,-56.0,-58.0,-67.0,-64.0,-80.0
2026-06-08 18:49:12.413,1780933752.413,MK8000,9,LOS,punct_interior,5,19,5,3.965,2.0,1.0,3.13,1.62,10.07,16.47,22.26,8.0,15.0,11.0,11.0,1.0,-55.0,-59.0,-66.0,-69.0,-81.0
2026-06-08 18:49:20.143,1780933760.143,MK8000,9,LOS,punct_interior,5,20,5,3.965,2.0,1.0,3.11,1.61,10.05,16.4,22.24,7.0,14.0,14.0,8.0,2.0,-56.0,-58.0,-66.0,-66.0,-81.0
2026-06-08 18:49:27.897,1780933767.897,MK8000,9,LOS,punct_interior,5,21,5,3.965,2.0,1.0,3.18,1.63,10.1,16.15,22.24,6.0,13.0,15.0,7.0,2.0,-56.0,-57.0,-66.0,-64.0,-80.0
2026-06-08 18:49:35.675,1780933775.676,MK8000,9,LOS,punct_interior,5,22,5,3.965,2.0,1.0,3.15,1.64,10.14,16.47,22.21,5.0,14.0,16.0,9.0,4.0,-56.0,-58.0,-65.0,-68.0,-84.0
2026-06-08 18:49:43.480,1780933783.48,MK8000,9,LOS,punct_interior,5,23,5,3.965,2.0,1.0,3.13,1.66,9.78,16.49,22.21,9.0,13.0,11.0,6.0,2.0,-56.0,-58.0,-60.0,-64.0,-80.0
2026-06-08 18:49:51.300,1780933791.301,MK8000,9,LOS,punct_interior,5,24,5,3.965,2.0,1.0,3.17,1.67,10.11,16.18,22.25,8.0,17.0,14.0,9.0,3.0,-56.0,-56.0,-66.0,-64.0,-81.0
2026-06-08 18:49:59.152,1780933799.153,MK8000,9,LOS,punct_interior,5,25,5,3.965,2.0,1.0,3.16,1.66,9.91,15.99,22.21,6.0,14.0,10.0,7.0,1.0,-57.0,-58.0,-62.0,-64.0,-80.0
2026-06-08 18:50:07.030,1780933807.03,MK8000,9,LOS,punct_interior,5,26,5,3.965,2.0,1.0,3.16,1.64,10.09,16.66,22.21,8.0,14.0,14.0,9.0,2.0,-56.0,-59.0,-66.0,-68.0,-83.0
2026-06-08 18:50:14.932,1780933814.933,MK8000,9,LOS,punct_interior,5,27,5,3.965,2.0,1.0,3.12,1.65,10.21,16.47,22.26,7.0,14.0,12.0,8.0,3.0,-56.0,-59.0,-66.0,-68.0,-81.0
2026-06-08 18:50:22.860,1780933822.861,MK8000,9,LOS,punct_interior,5,28,5,3.965,2.0,1.0,3.13,1.8,10.26,16.73,22.22,7.0,15.0,11.0,5.0,1.0,-55.0,-58.0,-67.0,-66.0,-84.0
2026-06-08 18:50:30.449,1780933830.45,MK8000,9,LOS,punct_interior,5,29,5,3.965,2.0,1.0,3.14,1.66,9.59,16.33,22.26,7.0,14.0,13.0,7.0,5.0,-55.0,-58.0,-62.0,-64.0,-84.0
2026-06-08 18:50:38.001,1780933838.002,MK8000,9,LOS,punct_interior,5,30,5,3.965,2.0,1.0,3.18,1.67,10.15,16.4,22.2,9.0,12.0,17.0,7.0,3.0,-60.0,-58.0,-65.0,-64.0,-83.0
2026-06-08 18:54:08.661,1780934048.661,MK8000,10,LOS,punct_interior,5,1,5,4.965,2.0,1.0,3.94,1.47,10.44,16.63,23.25,1.0,11.0,15.0,8.0,4.0,-54.0,-51.0,-69.0,-70.0,-83.0
2026-06-08 18:54:16.268,1780934056.269,MK8000,10,LOS,punct_interior,5,2,5,4.965,2.0,1.0,3.8,1.49,10.26,16.64,23.47,7.0,13.0,11.0,8.0,2.0,-62.0,-55.0,-65.0,-81.0,-80.0
2026-06-08 18:54:23.897,1780934063.898,MK8000,10,LOS,punct_interior,5,3,5,4.965,2.0,1.0,3.78,1.43,10.32,17.58,21.94,8.0,14.0,13.0,3.0,0.0,-57.0,-55.0,-65.0,-81.0,-82.0
2026-06-08 18:54:31.556,1780934071.557,MK8000,10,LOS,punct_interior,5,4,5,4.965,2.0,1.0,3.78,1.52,9.93,17.83,22.82,7.0,14.0,7.0,3.0,-2.0,-59.0,-56.0,-66.0,-81.0,-85.0
2026-06-08 18:54:39.238,1780934079.239,MK8000,10,LOS,punct_interior,5,5,5,4.965,2.0,1.0,3.87,1.55,10.24,17.36,23.32,10.0,13.0,12.0,4.0,0.0,-57.0,-55.0,-69.0,-81.0,-83.0
2026-06-08 18:54:46.948,1780934086.948,MK8000,10,LOS,punct_interior,5,6,5,4.965,2.0,1.0,3.73,1.47,10.65,18.39,23.51,6.0,13.0,5.0,3.0,0.0,-56.0,-55.0,-79.0,-83.0,-85.0
2026-06-08 18:54:54.673,1780934094.674,MK8000,10,LOS,punct_interior,5,7,5,4.965,2.0,1.0,3.87,1.52,10.32,17.66,22.82,8.0,14.0,10.0,5.0,-1.0,-57.0,-55.0,-67.0,-83.0,-84.0
2026-06-08 18:55:02.433,1780934102.433,MK8000,10,LOS,punct_interior,5,8,5,4.965,2.0,1.0,3.93,1.42,11.98,16.76,21.42,6.0,17.0,7.0,1.0,-1.0,-61.0,-55.0,-81.0,-83.0,-86.0
2026-06-08 18:55:10.215,1780934110.215,MK8000,10,LOS,punct_interior,5,9,5,4.965,2.0,1.0,4.06,1.47,10.17,16.43,23.65,7.0,11.0,4.0,-1.0,2.0,-61.0,-52.0,-81.0,-83.0,-85.0
2026-06-08 18:55:18.023,1780934118.023,MK8000,10,LOS,punct_interior,5,10,5,4.965,2.0,1.0,3.86,1.51,10.22,16.84,23.63,9.0,12.0,9.0,2.0,3.0,-58.0,-54.0,-69.0,-83.0,-82.0
2026-06-08 18:55:25.855,1780934125.856,MK8000,10,LOS,punct_interior,5,11,5,4.965,2.0,1.0,3.91,1.48,10.26,16.66,23.34,6.0,10.0,13.0,8.0,1.0,-56.0,-59.0,-62.0,-69.0,-85.0
2026-06-08 18:55:33.726,1780934133.726,MK8000,10,LOS,punct_interior,5,12,5,4.965,2.0,1.0,3.81,34.01,10.17,17.08,23.26,8.0,-3.0,14.0,11.0,2.0,-60.0,-43.0,-65.0,-81.0,-85.0
2026-06-08 18:55:41.666,1780934141.667,MK8000,10,LOS,punct_interior,5,13,5,4.965,2.0,1.0,3.83,1.61,10.21,16.85,22.82,8.0,12.0,12.0,7.0,1.0,-60.0,-55.0,-67.0,-70.0,-83.0
2026-06-08 18:55:49.637,1780934149.638,MK8000,10,LOS,punct_interior,5,14,5,4.965,2.0,1.0,4.39,1.48,10.18,16.68,22.94,3.0,14.0,6.0,9.0,0.0,-60.0,-54.0,-66.0,-83.0,-86.0
2026-06-08 18:55:57.664,1780934157.665,MK8000,10,LOS,punct_interior,5,15,5,4.965,2.0,1.0,3.85,1.44,10.25,16.66,23.32,5.0,13.0,9.0,8.0,4.0,-54.0,-54.0,-67.0,-66.0,-81.0
2026-06-08 18:56:05.731,1780934165.731,MK8000,10,LOS,punct_interior,5,16,5,4.965,2.0,1.0,3.82,1.46,10.25,16.64,22.25,9.0,14.0,14.0,8.0,3.0,-58.0,-55.0,-65.0,-70.0,-81.0
2026-06-08 18:56:13.843,1780934173.843,MK8000,10,LOS,punct_interior,5,17,5,4.965,2.0,1.0,3.8,1.48,10.25,16.67,22.65,8.0,15.0,10.0,8.0,1.0,-58.0,-56.0,-65.0,-66.0,-85.0
2026-06-08 18:56:21.971,1780934181.972,MK8000,10,LOS,punct_interior,5,18,5,4.965,2.0,1.0,3.83,1.49,10.25,16.85,23.06,8.0,14.0,16.0,7.0,1.0,-58.0,-54.0,-65.0,-81.0,-82.0
2026-06-08 18:56:29.523,1780934189.524,MK8000,10,LOS,punct_interior,5,19,5,4.965,2.0,1.0,3.79,1.43,10.25,16.64,23.32,,,,9.0,4.0,,,,-81.0,-82.0
2026-06-08 18:56:37.097,1780934197.097,MK8000,10,LOS,punct_interior,5,20,5,4.965,2.0,1.0,3.85,1.49,10.24,16.64,22.14,10.0,15.0,14.0,8.0,0.0,-59.0,-55.0,-65.0,-80.0,-81.0
2026-06-08 18:56:44.705,1780934204.706,MK8000,10,LOS,punct_interior,5,21,5,4.965,2.0,1.0,3.82,1.49,10.25,16.65,22.71,5.0,14.0,12.0,8.0,1.0,-54.0,-55.0,-65.0,-81.0,-83.0
2026-06-08 18:56:52.341,1780934212.341,MK8000,10,LOS,punct_interior,5,22,5,4.965,2.0,1.0,3.81,1.47,10.25,16.68,22.28,1.0,12.0,9.0,8.0,5.0,-54.0,-55.0,-65.0,-80.0,-83.0
2026-06-08 18:56:59.999,1780934220.0,MK8000,10,LOS,punct_interior,5,23,5,4.965,2.0,1.0,3.81,1.47,10.25,16.72,23.28,10.0,15.0,12.0,7.0,5.0,-59.0,-54.0,-65.0,-66.0,-82.0
2026-06-08 18:57:07.684,1780934227.685,MK8000,10,LOS,punct_interior,5,24,5,4.965,2.0,1.0,3.84,1.49,10.23,16.65,22.03,7.0,14.0,13.0,6.0,2.0,-57.0,-55.0,-65.0,-70.0,-82.0
2026-06-08 18:57:15.398,1780934235.399,MK8000,10,LOS,punct_interior,5,25,5,4.965,2.0,1.0,3.79,1.5,10.24,16.66,23.3,8.0,14.0,11.0,6.0,5.0,-58.0,-55.0,-65.0,-70.0,-82.0
2026-06-08 18:57:23.131,1780934243.131,MK8000,10,LOS,punct_interior,5,26,5,4.965,2.0,1.0,3.82,1.47,10.24,16.69,22.62,6.0,14.0,14.0,6.0,0.0,-54.0,-55.0,-65.0,-70.0,-86.0
2026-06-08 18:57:30.885,1780934250.886,MK8000,10,LOS,punct_interior,5,27,5,4.965,2.0,1.0,3.78,1.5,10.23,16.77,22.5,8.0,15.0,13.0,7.0,1.0,-58.0,-55.0,-65.0,-81.0,-82.0
2026-06-08 18:57:38.668,1780934258.669,MK8000,10,LOS,punct_interior,5,28,5,4.965,2.0,1.0,3.82,1.47,10.27,16.66,22.12,9.0,14.0,17.0,10.0,4.0,-59.0,-55.0,-64.0,-81.0,-81.0
2026-06-08 18:57:46.482,1780934266.483,MK8000,10,LOS,punct_interior,5,29,5,4.965,2.0,1.0,3.81,1.5,10.23,16.66,23.35,7.0,14.0,12.0,8.0,4.0,-58.0,-55.0,-65.0,-81.0,-81.0
2026-06-08 18:57:54.310,1780934274.31,MK8000,10,LOS,punct_interior,5,30,5,4.965,2.0,1.0,3.84,1.47,10.25,16.69,23.28,2.0,14.0,15.0,8.0,5.0,-54.0,-56.0,-65.0,-70.0,-83.0
2026-06-08 19:44:40.131,1780937080.132,MK8000,12,LOS,punct_interior,5,1,5,1.965,3.0,1.0,2.91,3.72,9.04,14.91,18.02,8.0,15.0,9.0,18.0,0.0,-54.0,-59.0,-68.0,-65.0,-82.0
2026-06-08 19:44:47.694,1780937087.695,MK8000,12,LOS,punct_interior,5,2,5,1.965,3.0,1.0,2.84,3.59,8.7,14.94,18.24,9.0,16.0,7.0,15.0,-3.0,-54.0,-58.0,-68.0,-64.0,-82.0
2026-06-08 19:44:55.275,1780937095.275,MK8000,12,LOS,punct_interior,5,3,5,1.965,3.0,1.0,2.81,3.66,8.72,14.94,18.73,10.0,14.0,8.0,17.0,1.0,-54.0,-59.0,-64.0,-63.0,-82.0
2026-06-08 19:45:02.880,1780937102.88,MK8000,12,LOS,punct_interior,5,4,5,1.965,3.0,1.0,2.85,3.72,8.59,14.99,20.08,10.0,12.0,7.0,11.0,-1.0,-54.0,-57.0,-66.0,-67.0,-87.0
2026-06-08 19:45:10.510,1780937110.511,MK8000,12,LOS,punct_interior,5,5,5,1.965,3.0,1.0,2.87,3.71,8.74,14.96,18.2,10.0,15.0,8.0,15.0,0.0,-55.0,-57.0,-66.0,-64.0,-83.0
2026-06-08 19:45:18.167,1780937118.167,MK8000,12,LOS,punct_interior,5,6,5,1.965,3.0,1.0,2.81,3.77,8.71,14.94,17.99,7.0,17.0,10.0,14.0,2.0,-54.0,-57.0,-64.0,-63.0,-82.0
2026-06-08 19:45:25.848,1780937125.848,MK8000,12,LOS,punct_interior,5,7,5,1.965,3.0,1.0,2.95,3.72,8.8,14.98,20.13,9.0,13.0,6.0,17.0,0.0,-54.0,-54.0,-66.0,-66.0,-86.0
2026-06-08 19:45:33.559,1780937133.559,MK8000,12,LOS,punct_interior,5,8,5,1.965,3.0,1.0,2.79,3.78,8.52,15.03,20.19,11.0,14.0,8.0,14.0,2.0,-55.0,-56.0,-66.0,-67.0,-81.0
2026-06-08 19:45:41.296,1780937141.297,MK8000,12,LOS,punct_interior,5,9,5,1.965,3.0,1.0,2.77,3.87,8.84,15.12,19.53,4.0,16.0,7.0,9.0,-3.0,-50.0,-58.0,-82.0,-69.0,-83.0
2026-06-08 19:45:49.057,1780937149.058,MK8000,12,LOS,punct_interior,5,10,5,1.965,3.0,1.0,2.82,3.63,8.69,15.04,20.18,9.0,13.0,9.0,10.0,1.0,-58.0,-56.0,-64.0,-65.0,-85.0
2026-06-08 19:45:56.842,1780937156.843,MK8000,12,LOS,punct_interior,5,11,5,1.965,3.0,1.0,2.97,3.71,8.63,14.89,18.13,10.0,15.0,7.0,17.0,2.0,-55.0,-58.0,-69.0,-64.0,-84.0
2026-06-08 19:46:04.655,1780937164.655,MK8000,12,LOS,punct_interior,5,12,5,1.965,3.0,1.0,2.86,3.66,8.87,14.91,17.87,7.0,15.0,8.0,13.0,1.0,-52.0,-59.0,-64.0,-64.0,-83.0
2026-06-08 19:46:12.510,1780937172.511,MK8000,12,LOS,punct_interior,5,13,5,1.965,3.0,1.0,2.75,3.67,8.89,14.95,17.89,7.0,15.0,9.0,14.0,2.0,-50.0,-58.0,-64.0,-63.0,-81.0
2026-06-08 19:46:20.403,1780937180.403,MK8000,12,LOS,punct_interior,5,14,5,1.965,3.0,1.0,2.84,3.65,8.89,14.91,17.91,8.0,14.0,10.0,14.0,1.0,-54.0,-59.0,-69.0,-64.0,-84.0
2026-06-08 19:46:28.339,1780937188.339,MK8000,12,LOS,punct_interior,5,15,5,1.965,3.0,1.0,2.87,3.68,8.64,14.94,17.98,7.0,14.0,6.0,13.0,2.0,-55.0,-56.0,-66.0,-64.0,-87.0
2026-06-08 19:46:36.244,1780937196.244,MK8000,12,LOS,punct_interior,5,16,5,1.965,3.0,1.0,2.81,3.66,8.84,14.93,18.03,6.0,18.0,9.0,15.0,1.0,-52.0,-59.0,-64.0,-64.0,-83.0
2026-06-08 19:46:44.256,1780937204.257,MK8000,12,LOS,punct_interior,5,17,5,1.965,3.0,1.0,2.77,3.67,8.89,14.94,18.01,6.0,14.0,10.0,14.0,3.0,-50.0,-59.0,-66.0,-63.0,-83.0
2026-06-08 19:46:52.325,1780937212.325,MK8000,12,LOS,punct_interior,5,18,5,1.965,3.0,1.0,2.81,3.64,8.9,14.95,17.94,6.0,13.0,7.0,14.0,1.0,-50.0,-60.0,-66.0,-63.0,-83.0
2026-06-08 19:47:00.432,1780937220.432,MK8000,12,LOS,punct_interior,5,19,5,1.965,3.0,1.0,2.87,3.67,8.63,14.9,18.15,10.0,14.0,9.0,15.0,3.0,-55.0,-59.0,-64.0,-64.0,-85.0
2026-06-08 19:47:08.373,1780937228.373,MK8000,12,LOS,punct_interior,5,20,5,1.965,3.0,1.0,2.83,3.67,8.67,14.95,18.02,10.0,12.0,,13.0,1.0,-56.0,-58.0,,-64.0,-82.0
2026-06-08 19:47:16.135,1780937236.136,MK8000,12,LOS,punct_interior,5,21,5,1.965,3.0,1.0,2.83,3.67,8.77,14.97,17.98,8.0,,,13.0,1.0,-54.0,,,-64.0,-82.0
2026-06-08 19:47:23.722,1780937243.722,MK8000,12,LOS,punct_interior,5,22,5,1.965,3.0,1.0,2.87,3.67,8.64,14.98,17.93,7.0,14.0,8.0,15.0,-2.0,-55.0,-59.0,-68.0,-64.0,-79.0
2026-06-08 19:47:31.330,1780937251.33,MK8000,12,LOS,punct_interior,5,23,5,1.965,3.0,1.0,2.78,3.64,8.92,14.92,17.93,11.0,13.0,6.0,15.0,3.0,-55.0,-60.0,-66.0,-64.0,-82.0
2026-06-08 19:47:38.960,1780937258.961,MK8000,12,LOS,punct_interior,5,24,5,1.965,3.0,1.0,2.82,3.65,8.82,14.93,17.93,7.0,13.0,9.0,14.0,1.0,-52.0,-59.0,-66.0,-64.0,-84.0
2026-06-08 19:47:46.625,1780937266.625,MK8000,12,LOS,punct_interior,5,25,5,1.965,3.0,1.0,2.87,3.68,8.67,14.92,18.29,7.0,13.0,6.0,18.0,2.0,-54.0,-59.0,-66.0,-65.0,-85.0
2026-06-08 19:47:54.309,1780937274.31,MK8000,12,LOS,punct_interior,5,26,5,1.965,3.0,1.0,2.8,3.65,8.87,14.95,18.19,8.0,15.0,7.0,16.0,1.0,-55.0,-60.0,-66.0,-63.0,-84.0
2026-06-08 19:48:02.018,1780937282.018,MK8000,12,LOS,punct_interior,5,27,5,1.965,3.0,1.0,2.8,3.67,8.97,14.9,18.04,5.0,14.0,8.0,14.0,2.0,-52.0,-56.0,-66.0,-64.0,-83.0
2026-06-08 19:48:09.954,1780937289.955,MK8000,12,LOS,punct_interior,5,28,5,1.965,3.0,1.0,2.75,3.66,8.94,14.92,18.28,9.0,17.0,8.0,14.0,1.0,-55.0,-54.0,-66.0,-64.0,-85.0
2026-06-08 19:48:17.716,1780937297.717,MK8000,12,LOS,punct_interior,5,29,5,1.965,3.0,1.0,2.74,3.65,8.66,14.9,18.07,6.0,16.0,7.0,17.0,3.0,-50.0,-58.0,-64.0,-64.0,-84.0
2026-06-08 19:48:25.502,1780937305.503,MK8000,12,LOS,punct_interior,5,30,5,1.965,3.0,1.0,2.8,3.65,8.69,14.9,17.87,9.0,15.0,7.0,13.0,2.0,-55.0,-59.0,-68.0,-64.0,-83.0
2026-06-08 19:51:06.796,1780937466.797,MK8000,13,LOS,punct_interior,5,1,5,2.965,3.0,1.0,3.18,2.91,9.28,14.7,19.86,9.0,13.0,7.0,14.0,3.0,-55.0,-54.0,-62.0,-63.0,-81.0
2026-06-08 19:51:14.628,1780937474.628,MK8000,13,LOS,punct_interior,5,2,5,2.965,3.0,1.0,3.17,3.05,9.72,14.69,19.37,8.0,17.0,7.0,12.0,4.0,-55.0,-56.0,-62.0,-64.0,-80.0
2026-06-08 19:51:22.488,1780937482.488,MK8000,13,LOS,punct_interior,5,3,5,2.965,3.0,1.0,3.16,3.04,9.24,14.71,20.67,6.0,20.0,9.0,11.0,2.0,-55.0,-57.0,-67.0,-63.0,-80.0
2026-06-08 19:51:30.375,1780937490.375,MK8000,13,LOS,punct_interior,5,4,5,2.965,3.0,1.0,3.16,3.02,9.23,14.72,20.82,7.0,16.0,8.0,12.0,2.0,-55.0,-58.0,-64.0,-63.0,-80.0
2026-06-08 19:51:38.284,1780937498.285,MK8000,13,LOS,punct_interior,5,5,5,2.965,3.0,1.0,3.17,3.01,9.67,14.7,19.31,7.0,16.0,9.0,12.0,4.0,-55.0,-58.0,-66.0,-63.0,-82.0
2026-06-08 19:51:46.075,1780937506.076,MK8000,13,LOS,punct_interior,5,6,5,2.965,3.0,1.0,3.15,2.95,9.21,14.7,20.51,7.0,18.0,10.0,11.0,1.0,-54.0,-58.0,-67.0,-64.0,-81.0
2026-06-08 19:51:53.618,1780937513.618,MK8000,13,LOS,punct_interior,5,7,5,2.965,3.0,1.0,3.17,2.96,9.62,14.72,18.91,10.0,17.0,7.0,13.0,4.0,-55.0,-58.0,-62.0,-63.0,-79.0
2026-06-08 19:52:01.185,1780937521.185,MK8000,13,LOS,punct_interior,5,8,5,2.965,3.0,1.0,3.19,3.02,9.24,14.7,18.88,9.0,17.0,10.0,15.0,4.0,-55.0,-58.0,-66.0,-62.0,-82.0
2026-06-08 19:52:08.778,1780937528.778,MK8000,13,LOS,punct_interior,5,9,5,2.965,3.0,1.0,3.18,2.9,9.33,14.69,20.43,8.0,13.0,12.0,12.0,2.0,-55.0,-54.0,-66.0,-62.0,-80.0
2026-06-08 19:52:16.394,1780937536.395,MK8000,13,LOS,punct_interior,5,10,5,2.965,3.0,1.0,3.18,3.02,9.66,14.7,20.49,9.0,17.0,10.0,15.0,3.0,-55.0,-58.0,-66.0,-63.0,-80.0
2026-06-08 19:52:24.029,1780937544.029,MK8000,13,LOS,punct_interior,5,11,5,2.965,3.0,1.0,3.18,3.01,9.69,14.71,19.93,7.0,12.0,8.0,11.0,1.0,-55.0,-54.0,-62.0,-62.0,-80.0
2026-06-08 19:52:31.690,1780937551.69,MK8000,13,LOS,punct_interior,5,12,5,2.965,3.0,1.0,3.17,3.0,9.29,14.7,19.24,10.0,18.0,10.0,9.0,3.0,-56.0,-58.0,-66.0,-61.0,-82.0
2026-06-08 19:52:39.376,1780937559.377,MK8000,13,LOS,punct_interior,5,13,5,2.965,3.0,1.0,3.18,3.02,9.26,14.72,20.77,8.0,16.0,9.0,10.0,3.0,-55.0,-57.0,-66.0,-63.0,-81.0
2026-06-08 19:52:47.093,1780937567.094,MK8000,13,LOS,punct_interior,5,14,5,2.965,3.0,1.0,3.18,3.02,9.28,14.69,19.91,9.0,12.0,8.0,13.0,2.0,-55.0,-54.0,-66.0,-62.0,-81.0
2026-06-08 19:52:54.834,1780937574.835,MK8000,13,LOS,punct_interior,5,15,5,2.965,3.0,1.0,3.19,3.03,9.28,14.7,19.78,10.0,17.0,9.0,10.0,2.0,-55.0,-57.0,-67.0,-64.0,-81.0
2026-06-08 19:53:02.594,1780937582.595,MK8000,13,LOS,punct_interior,5,16,5,2.965,3.0,1.0,3.19,3.02,9.6,14.69,20.53,7.0,14.0,12.0,12.0,4.0,-55.0,-57.0,-66.0,-62.0,-80.0
2026-06-08 19:53:10.384,1780937590.384,MK8000,13,LOS,punct_interior,5,17,5,2.965,3.0,1.0,3.18,2.94,9.22,14.69,19.94,10.0,17.0,7.0,17.0,3.0,-55.0,-58.0,-64.0,-62.0,-81.0
2026-06-08 19:53:18.201,1780937598.202,MK8000,13,LOS,punct_interior,5,18,5,2.965,3.0,1.0,3.16,2.99,9.63,14.7,19.21,7.0,12.0,8.0,14.0,3.0,-54.0,-54.0,-62.0,-62.0,-81.0
2026-06-08 19:53:26.047,1780937606.048,MK8000,13,LOS,punct_interior,5,19,5,2.965,3.0,1.0,3.2,2.86,9.44,14.69,20.04,8.0,12.0,9.0,16.0,2.0,-55.0,-54.0,-62.0,-62.0,-81.0
2026-06-08 19:53:33.946,1780937613.947,MK8000,13,LOS,punct_interior,5,20,5,2.965,3.0,1.0,3.2,3.15,9.45,14.73,20.98,9.0,12.0,8.0,14.0,1.0,-55.0,-54.0,-65.0,-63.0,-82.0
2026-06-08 19:53:41.893,1780937621.894,MK8000,13,LOS,punct_interior,5,21,5,2.965,3.0,1.0,3.19,2.97,9.63,14.68,18.54,8.0,13.0,9.0,12.0,3.0,-54.0,-54.0,-65.0,-63.0,-80.0
2026-06-08 19:53:49.888,1780937629.888,MK8000,13,LOS,punct_interior,5,22,5,2.965,3.0,1.0,3.18,2.97,9.66,14.73,19.19,10.0,17.0,9.0,13.0,4.0,-55.0,-57.0,-66.0,-63.0,-82.0
2026-06-08 19:53:57.912,1780937637.912,MK8000,13,LOS,punct_interior,5,23,5,2.965,3.0,1.0,3.19,2.97,9.75,14.7,20.48,8.0,16.0,8.0,11.0,5.0,-54.0,-58.0,-62.0,-63.0,-81.0
2026-06-08 19:54:05.992,1780937645.992,MK8000,13,LOS,punct_interior,5,24,5,2.965,3.0,1.0,3.18,3.02,9.3,14.73,21.04,8.0,16.0,9.0,10.0,2.0,-55.0,-57.0,-65.0,-63.0,-80.0
2026-06-08 19:54:14.111,1780937654.111,MK8000,13,LOS,punct_interior,5,25,5,2.965,3.0,1.0,3.19,3.01,9.24,14.68,21.04,8.0,18.0,7.0,13.0,3.0,-55.0,-57.0,-65.0,-62.0,-82.0
2026-06-08 19:54:22.055,1780937662.055,MK8000,13,LOS,punct_interior,5,26,5,2.965,3.0,1.0,3.18,2.99,9.23,14.72,19.33,6.0,17.0,,12.0,2.0,-51.0,-58.0,,-63.0,-81.0
2026-06-08 19:54:29.623,1780937669.623,MK8000,13,LOS,punct_interior,5,27,5,2.965,3.0,1.0,3.19,3.02,9.25,14.71,19.83,,,,12.0,1.0,,,,-64.0,-80.0
2026-06-08 19:54:37.222,1780937677.222,MK8000,13,LOS,punct_interior,5,28,5,2.965,3.0,1.0,3.18,3.0,9.27,14.68,21.15,7.0,15.0,7.0,17.0,3.0,-55.0,-58.0,-62.0,-62.0,-82.0
2026-06-08 19:54:44.839,1780937684.84,MK8000,13,LOS,punct_interior,5,29,5,2.965,3.0,1.0,3.19,2.92,9.24,14.69,20.44,9.0,13.0,10.0,14.0,2.0,-55.0,-54.0,-66.0,-63.0,-82.0
2026-06-08 19:54:52.488,1780937692.488,MK8000,13,LOS,punct_interior,5,30,5,2.965,3.0,1.0,3.19,3.02,9.26,14.71,20.7,8.0,15.0,9.0,12.0,2.0,-55.0,-54.0,-66.0,-63.0,-80.0
2026-06-08 19:59:41.262,1780937981.263,MK8000,14,LOS,punct_interior,5,1,5,3.965,3.0,1.0,3.72,2.58,8.86,15.67,19.97,9.0,14.0,12.0,10.0,1.0,-55.0,-56.0,-60.0,-68.0,-87.0
2026-06-08 19:59:48.953,1780937988.953,MK8000,14,LOS,punct_interior,5,2,5,3.965,3.0,1.0,3.72,2.56,8.83,15.68,18.57,8.0,12.0,13.0,12.0,2.0,-57.0,-59.0,-64.0,-68.0,-84.0
2026-06-08 19:59:56.665,1780937996.665,MK8000,14,LOS,punct_interior,5,3,5,3.965,3.0,1.0,3.73,2.57,8.9,15.66,18.65,8.0,10.0,11.0,12.0,2.0,-55.0,-60.0,-64.0,-69.0,-82.0
2026-06-08 20:00:04.399,1780938004.4,MK8000,14,LOS,punct_interior,5,4,5,3.965,3.0,1.0,3.72,2.55,8.85,15.68,19.11,7.0,13.0,16.0,12.0,1.0,-57.0,-56.0,-64.0,-68.0,-84.0
2026-06-08 20:00:12.167,1780938012.168,MK8000,14,LOS,punct_interior,5,5,5,3.965,3.0,1.0,3.71,2.54,8.93,15.68,18.59,6.0,9.0,13.0,12.0,1.0,-56.0,-60.0,-60.0,-68.0,-80.0
2026-06-08 20:00:19.958,1780938019.959,MK8000,14,LOS,punct_interior,5,6,5,3.965,3.0,1.0,3.74,2.55,8.77,15.66,20.09,9.0,9.0,13.0,9.0,1.0,-56.0,-60.0,-63.0,-69.0,-86.0
2026-06-08 20:00:27.775,1780938027.775,MK8000,14,LOS,punct_interior,5,7,5,3.965,3.0,1.0,3.73,2.49,8.89,15.68,18.7,9.0,10.0,13.0,9.0,3.0,-60.0,-61.0,-64.0,-68.0,-83.0
2026-06-08 20:00:35.614,1780938035.615,MK8000,14,LOS,punct_interior,5,8,5,3.965,3.0,1.0,3.73,2.54,8.73,15.67,18.61,5.0,10.0,12.0,11.0,1.0,-55.0,-61.0,-63.0,-68.0,-82.0
2026-06-08 20:00:43.481,1780938043.482,MK8000,14,LOS,punct_interior,5,9,5,3.965,3.0,1.0,3.75,2.54,8.9,15.66,18.65,9.0,12.0,13.0,11.0,1.0,-56.0,-60.0,-60.0,-68.0,-83.0
2026-06-08 20:00:51.372,1780938051.373,MK8000,14,LOS,punct_interior,5,10,5,3.965,3.0,1.0,3.72,2.51,8.79,15.67,18.25,6.0,13.0,13.0,12.0,3.0,-57.0,-56.0,-60.0,-68.0,-84.0
2026-06-08 20:00:59.281,1780938059.281,MK8000,14,LOS,punct_interior,5,11,5,3.965,3.0,1.0,3.73,2.52,8.71,15.65,18.25,7.0,11.0,14.0,11.0,2.0,-55.0,-60.0,-63.0,-69.0,-83.0
2026-06-08 20:01:06.859,1780938066.86,MK8000,14,LOS,punct_interior,5,12,5,3.965,3.0,1.0,3.73,2.6,9.0,15.67,18.18,8.0,10.0,10.0,9.0,2.0,-56.0,-60.0,-64.0,-69.0,-82.0
2026-06-08 20:01:14.405,1780938074.406,MK8000,14,LOS,punct_interior,5,13,5,3.965,3.0,1.0,3.73,2.55,8.76,15.69,18.77,7.0,10.0,10.0,9.0,3.0,-57.0,-60.0,-65.0,-68.0,-81.0
2026-06-08 20:01:21.971,1780938081.972,MK8000,14,LOS,punct_interior,5,14,5,3.965,3.0,1.0,3.72,2.53,8.77,15.65,19.11,6.0,11.0,15.0,14.0,3.0,-57.0,-61.0,-64.0,-68.0,-83.0
2026-06-08 20:01:29.564,1780938089.564,MK8000,14,LOS,punct_interior,5,15,5,3.965,3.0,1.0,3.73,2.52,8.81,15.65,18.73,6.0,10.0,11.0,10.0,2.0,-57.0,-61.0,-64.0,-68.0,-82.0
2026-06-08 20:01:37.177,1780938097.178,MK8000,14,LOS,punct_interior,5,16,5,3.965,3.0,1.0,3.74,2.52,8.75,15.66,18.25,9.0,9.0,10.0,11.0,-3.0,-60.0,-61.0,-64.0,-69.0,-81.0
2026-06-08 20:01:44.819,1780938104.82,MK8000,14,LOS,punct_interior,5,17,5,3.965,3.0,1.0,3.71,2.58,8.67,15.69,17.79,8.0,10.0,11.0,12.0,2.0,-57.0,-61.0,-64.0,-68.0,-83.0
2026-06-08 20:01:52.485,1780938112.486,MK8000,14,LOS,punct_interior,5,18,5,3.965,3.0,1.0,3.74,2.5,8.74,15.69,19.08,10.0,11.0,12.0,11.0,0.0,-56.0,-61.0,-64.0,-68.0,-84.0
2026-06-08 20:02:00.182,1780938120.183,MK8000,14,LOS,punct_interior,5,19,5,3.965,3.0,1.0,3.72,2.57,8.73,15.69,19.08,7.0,15.0,11.0,10.0,0.0,-56.0,-56.0,-62.0,-68.0,-87.0
2026-06-08 20:02:07.902,1780938127.903,MK8000,14,LOS,punct_interior,5,20,5,3.965,3.0,1.0,3.74,2.54,8.81,15.28,18.19,9.0,13.0,10.0,11.0,1.0,-57.0,-56.0,-64.0,-68.0,-83.0
2026-06-08 20:02:15.641,1780938135.642,MK8000,14,LOS,punct_interior,5,21,5,3.965,3.0,1.0,3.74,2.59,8.72,15.66,19.06,10.0,12.0,12.0,13.0,2.0,-56.0,-56.0,-64.0,-69.0,-82.0
2026-06-08 20:02:23.412,1780938143.412,MK8000,14,LOS,punct_interior,5,22,5,3.965,3.0,1.0,3.72,2.55,8.8,15.66,18.65,7.0,10.0,11.0,15.0,1.0,-57.0,-60.0,-64.0,-68.0,-82.0
2026-06-08 20:02:31.195,1780938151.195,MK8000,14,LOS,punct_interior,5,23,5,3.965,3.0,1.0,3.72,2.54,8.68,15.69,20.05,7.0,11.0,10.0,9.0,2.0,-56.0,-60.0,-64.0,-68.0,-86.0
2026-06-08 20:02:39.011,1780938159.012,MK8000,14,LOS,punct_interior,5,24,5,3.965,3.0,1.0,3.74,2.55,8.79,15.67,19.11,8.0,10.0,13.0,11.0,-2.0,-57.0,-60.0,-63.0,-69.0,-86.0
2026-06-08 20:02:46.881,1780938166.882,MK8000,14,LOS,punct_interior,5,25,5,3.965,3.0,1.0,3.73,2.51,8.86,15.65,19.19,9.0,10.0,14.0,11.0,2.0,-60.0,-61.0,-60.0,-68.0,-82.0
2026-06-08 20:02:54.785,1780938174.786,MK8000,14,LOS,punct_interior,5,26,5,3.965,3.0,1.0,3.73,2.53,8.75,15.67,19.07,9.0,9.0,14.0,12.0,-2.0,-57.0,-60.0,-60.0,-68.0,-82.0
2026-06-08 20:03:02.744,1780938182.745,MK8000,14,LOS,punct_interior,5,27,5,3.965,3.0,1.0,3.72,2.5,8.76,15.25,18.17,8.0,11.0,11.0,10.0,3.0,-57.0,-61.0,-64.0,-68.0,-83.0
2026-06-08 20:03:10.788,1780938190.789,MK8000,14,LOS,punct_interior,5,28,5,3.965,3.0,1.0,3.73,2.53,8.73,15.68,18.17,10.0,10.0,13.0,10.0,0.0,-56.0,-60.0,-63.0,-68.0,-84.0
2026-06-08 20:03:18.836,1780938198.836,MK8000,14,LOS,punct_interior,5,29,5,3.965,3.0,1.0,3.71,2.51,8.76,15.45,19.08,7.0,12.0,10.0,12.0,2.0,-56.0,-55.0,-64.0,-68.0,-85.0
2026-06-08 20:03:26.920,1780938206.921,MK8000,14,LOS,punct_interior,5,30,5,3.965,3.0,1.0,3.72,2.57,8.76,15.68,18.84,4.0,13.0,10.0,9.0,0.0,-56.0,-56.0,-64.0,-68.0,-80.0
2026-06-08 20:07:12.816,1780938432.816,MK8000,15,LOS,punct_interior,5,1,5,4.965,3.0,1.0,4.54,2.51,9.3,15.64,22.68,9.0,13.0,9.0,7.0,2.0,-56.0,-56.0,-69.0,-82.0,-83.0
2026-06-08 20:07:20.558,1780938440.559,MK8000,15,LOS,punct_interior,5,2,5,4.965,3.0,1.0,4.55,2.54,9.17,15.68,19.71,8.0,,,7.0,1.0,-55.0,,,-66.0,-81.0
2026-06-08 20:07:28.132,1780938448.132,MK8000,15,LOS,punct_interior,5,3,5,4.965,3.0,1.0,4.53,2.53,9.05,15.69,20.97,,,10.0,9.0,0.0,,,-68.0,-81.0,-87.0
2026-06-08 20:07:35.732,1780938455.732,MK8000,15,LOS,punct_interior,5,4,5,4.965,3.0,1.0,4.59,2.6,9.26,15.71,22.34,8.0,15.0,3.0,1.0,0.0,-56.0,-56.0,-79.0,-81.0,-87.0
2026-06-08 20:07:43.355,1780938463.356,MK8000,15,LOS,punct_interior,5,5,5,4.965,3.0,1.0,4.31,2.38,9.13,15.6,21.06,11.0,13.0,6.0,1.0,-16.0,-58.0,-54.0,-66.0,-83.0,-85.0
2026-06-08 20:07:51.000,1780938471.001,MK8000,15,LOS,punct_interior,5,6,5,4.965,3.0,1.0,4.52,2.36,9.09,15.51,21.5,4.0,13.0,8.0,4.0,-5.0,-56.0,-55.0,-66.0,-82.0,-87.0
2026-06-08 20:07:58.672,1780938478.673,MK8000,15,LOS,punct_interior,5,7,5,4.965,3.0,1.0,4.59,2.56,9.35,15.77,20.99,5.0,12.0,9.0,4.0,4.0,-55.0,-57.0,-71.0,-82.0,-83.0
2026-06-08 20:08:06.369,1780938486.37,MK8000,15,LOS,punct_interior,5,8,5,4.965,3.0,1.0,4.54,2.42,9.53,15.75,22.15,8.0,14.0,9.0,8.0,1.0,-56.0,-55.0,-68.0,-81.0,-85.0
2026-06-08 20:08:14.098,1780938494.099,MK8000,15,LOS,punct_interior,5,9,5,4.965,3.0,1.0,4.51,2.47,9.03,15.74,22.69,8.0,13.0,8.0,9.0,-4.0,-55.0,-56.0,-70.0,-82.0,-82.0
2026-06-08 20:08:21.843,1780938501.844,MK8000,15,LOS,punct_interior,5,10,5,4.965,3.0,1.0,4.47,2.42,10.43,15.5,21.39,9.0,13.0,12.0,10.0,1.0,-57.0,-56.0,-64.0,-66.0,-83.0
2026-06-08 20:08:29.615,1780938509.615,MK8000,15,LOS,punct_interior,5,11,5,4.965,3.0,1.0,4.53,2.49,9.4,15.7,21.21,8.0,10.0,10.0,8.0,2.0,-56.0,-53.0,-65.0,-69.0,-83.0
2026-06-08 20:08:37.404,1780938517.405,MK8000,15,LOS,punct_interior,5,12,5,4.965,3.0,1.0,4.53,2.49,9.29,15.71,21.98,7.0,13.0,8.0,8.0,2.0,-57.0,-57.0,-66.0,-69.0,-81.0
2026-06-08 20:08:45.226,1780938525.227,MK8000,15,LOS,punct_interior,5,13,5,4.965,3.0,1.0,4.52,2.48,9.2,15.67,20.93,8.0,15.0,11.0,10.0,1.0,-56.0,-58.0,-65.0,-69.0,-82.0
2026-06-08 20:08:53.073,1780938533.074,MK8000,15,LOS,punct_interior,5,14,5,4.965,3.0,1.0,4.53,2.51,9.47,15.71,21.51,7.0,15.0,10.0,9.0,0.0,-56.0,-56.0,-66.0,-69.0,-84.0
2026-06-08 20:09:00.943,1780938540.944,MK8000,15,LOS,punct_interior,5,15,5,4.965,3.0,1.0,4.53,2.53,9.53,15.77,21.85,8.0,13.0,14.0,9.0,1.0,-56.0,-56.0,-65.0,-69.0,-83.0
2026-06-08 20:09:08.839,1780938548.839,MK8000,15,LOS,punct_interior,5,16,5,4.965,3.0,1.0,4.53,2.51,9.32,15.65,20.9,7.0,12.0,12.0,6.0,0.0,-56.0,-57.0,-66.0,-66.0,-82.0
2026-06-08 20:09:16.759,1780938556.76,MK8000,15,LOS,punct_interior,5,17,5,4.965,3.0,1.0,4.52,2.51,9.53,15.8,20.89,7.0,12.0,10.0,8.0,1.0,-56.0,-57.0,-65.0,-64.0,-82.0
2026-06-08 20:09:24.346,1780938564.346,MK8000,15,LOS,punct_interior,5,18,5,4.965,3.0,1.0,4.52,2.51,9.21,15.71,20.74,7.0,13.0,11.0,8.0,0.0,-56.0,-60.0,-66.0,-69.0,-81.0
2026-06-08 20:09:31.897,1780938571.897,MK8000,15,LOS,punct_interior,5,19,5,4.965,3.0,1.0,4.53,2.49,9.42,15.7,22.36,6.0,13.0,8.0,8.0,1.0,-55.0,-57.0,-66.0,-69.0,-80.0
2026-06-08 20:09:39.470,1780938579.47,MK8000,15,LOS,punct_interior,5,20,5,4.965,3.0,1.0,4.53,2.51,9.41,15.72,22.83,6.0,14.0,14.0,7.0,1.0,-56.0,-57.0,-65.0,-69.0,-80.0
2026-06-08 20:09:47.071,1780938587.071,MK8000,15,LOS,punct_interior,5,21,5,4.965,3.0,1.0,4.53,2.5,9.33,15.7,22.35,6.0,16.0,8.0,9.0,0.0,-56.0,-56.0,-66.0,-69.0,-85.0
2026-06-08 20:09:54.698,1780938594.698,MK8000,15,LOS,punct_interior,5,22,5,4.965,3.0,1.0,4.52,2.49,9.34,15.7,20.77,8.0,13.0,9.0,8.0,2.0,-56.0,-57.0,-66.0,-66.0,-80.0
2026-06-08 20:10:02.350,1780938602.35,MK8000,15,LOS,punct_interior,5,23,5,4.965,3.0,1.0,4.51,2.51,9.24,15.81,21.42,7.0,14.0,15.0,9.0,1.0,-56.0,-57.0,-65.0,-69.0,-81.0
2026-06-08 20:10:10.013,1780938610.014,MK8000,15,LOS,punct_interior,5,24,5,4.965,3.0,1.0,4.52,2.52,9.32,15.79,21.91,8.0,13.0,7.0,8.0,1.0,-56.0,-57.0,-66.0,-69.0,-82.0
2026-06-08 20:10:17.708,1780938617.709,MK8000,15,LOS,punct_interior,5,25,5,4.965,3.0,1.0,4.52,2.5,9.37,15.7,21.92,8.0,14.0,8.0,8.0,2.0,-56.0,-57.0,-66.0,-69.0,-84.0
2026-06-08 20:10:25.436,1780938625.437,MK8000,15,LOS,punct_interior,5,26,5,4.965,3.0,1.0,4.52,2.5,9.54,15.7,22.79,8.0,14.0,8.0,8.0,-2.0,-56.0,-56.0,-66.0,-69.0,-87.0
2026-06-08 20:10:33.180,1780938633.181,MK8000,15,LOS,punct_interior,5,27,5,4.965,3.0,1.0,4.52,2.52,9.53,15.78,21.39,9.0,10.0,12.0,7.0,0.0,-56.0,-57.0,-65.0,-69.0,-84.0
2026-06-08 20:10:40.957,1780938640.958,MK8000,15,LOS,punct_interior,5,28,5,4.965,3.0,1.0,4.52,2.52,9.52,15.68,20.83,7.0,12.0,8.0,8.0,1.0,-56.0,-57.0,-66.0,-69.0,-82.0
2026-06-08 20:10:48.757,1780938648.758,MK8000,15,LOS,punct_interior,5,29,5,4.965,3.0,1.0,4.52,2.51,9.98,15.84,21.79,7.0,11.0,13.0,11.0,0.0,-56.0,-60.0,-65.0,-64.0,-81.0
2026-06-08 20:10:56.584,1780938656.585,MK8000,15,LOS,punct_interior,5,30,5,4.965,3.0,1.0,4.52,2.51,9.3,15.7,21.33,9.0,15.0,8.0,7.0,0.0,-56.0,-57.0,-66.0,-69.0,-83.0
2026-06-08 20:14:05.680,1780938845.68,MK8000,18,LOS,punct_interior,5,1,5,2.965,4.0,1.0,3.92,3.89,7.88,14.02,20.03,8.0,15.0,13.0,7.0,3.0,-59.0,-60.0,-60.0,-66.0,-79.0
2026-06-08 20:14:13.627,1780938853.628,MK8000,18,LOS,punct_interior,5,2,5,2.965,4.0,1.0,3.86,3.94,7.66,13.78,17.9,5.0,14.0,13.0,14.0,5.0,-54.0,-60.0,-60.0,-65.0,-83.0
2026-06-08 20:14:21.585,1780938861.585,MK8000,18,LOS,punct_interior,5,3,5,2.965,4.0,1.0,3.81,3.97,7.71,13.87,20.18,10.0,15.0,12.0,6.0,3.0,-59.0,-60.0,-60.0,-81.0,-83.0
2026-06-08 20:14:29.606,1780938869.607,MK8000,18,LOS,punct_interior,5,4,5,2.965,4.0,1.0,4.21,3.94,7.8,14.02,20.78,7.0,12.0,12.0,6.0,1.0,-58.0,-59.0,-66.0,-66.0,-84.0
2026-06-08 20:14:37.678,1780938877.679,MK8000,18,LOS,punct_interior,5,5,5,2.965,4.0,1.0,3.84,3.86,8.38,13.62,18.32,8.0,14.0,8.0,6.0,-2.0,-58.0,-60.0,-64.0,-66.0,-80.0
2026-06-08 20:14:45.783,1780938885.783,MK8000,18,LOS,punct_interior,5,6,5,2.965,4.0,1.0,4.22,3.91,7.74,13.96,20.17,4.0,12.0,14.0,8.0,2.0,-54.0,-55.0,-62.0,-66.0,-82.0
2026-06-08 20:14:53.910,1780938893.911,MK8000,18,LOS,punct_interior,5,7,5,2.965,4.0,1.0,4.12,3.97,7.91,13.88,18.06,10.0,15.0,14.0,8.0,3.0,-58.0,-61.0,-62.0,-66.0,-82.0
2026-06-08 20:15:01.464,1780938901.465,MK8000,18,LOS,punct_interior,5,8,5,2.965,4.0,1.0,4.17,3.89,7.67,13.76,17.78,,,,14.0,2.0,,,,-65.0,-80.0
2026-06-08 20:15:09.041,1780938909.041,MK8000,18,LOS,punct_interior,5,9,5,2.965,4.0,1.0,4.07,3.94,7.94,13.76,18.29,6.0,16.0,15.0,17.0,3.0,-56.0,-60.0,-59.0,-65.0,-82.0
2026-06-08 20:15:16.638,1780938916.638,MK8000,18,LOS,punct_interior,5,10,5,2.965,4.0,1.0,3.87,3.91,7.72,13.74,17.66,8.0,14.0,13.0,11.0,4.0,-54.0,-61.0,-60.0,-61.0,-80.0
2026-06-08 20:15:24.260,1780938924.261,MK8000,18,LOS,punct_interior,5,11,5,2.965,4.0,1.0,3.91,3.95,7.72,13.75,17.53,8.0,17.0,16.0,16.0,3.0,-58.0,-61.0,-59.0,-65.0,-80.0
2026-06-08 20:15:31.905,1780938931.905,MK8000,18,LOS,punct_interior,5,12,5,2.965,4.0,1.0,4.17,3.94,7.84,13.75,17.87,3.0,17.0,16.0,10.0,3.0,-54.0,-60.0,-59.0,-61.0,-81.0
2026-06-08 20:15:39.783,1780938939.783,MK8000,18,LOS,punct_interior,5,13,5,2.965,4.0,1.0,4.02,3.95,7.74,13.75,17.85,9.0,16.0,15.0,14.0,3.0,-58.0,-60.0,-60.0,-65.0,-81.0
2026-06-08 20:15:47.485,1780938947.486,MK8000,18,LOS,punct_interior,5,14,5,2.965,4.0,1.0,3.77,3.94,7.71,13.73,18.33,9.0,15.0,17.0,12.0,3.0,-59.0,-60.0,-60.0,-65.0,-82.0
2026-06-08 20:15:55.204,1780938955.205,MK8000,18,LOS,punct_interior,5,15,5,2.965,4.0,1.0,4.03,4.01,7.85,13.72,17.95,5.0,12.0,16.0,14.0,3.0,-54.0,-61.0,-59.0,-66.0,-84.0
2026-06-08 20:16:02.957,1780938962.958,MK8000,18,LOS,punct_interior,5,16,5,2.965,4.0,1.0,4.22,3.93,7.92,13.76,17.91,2.0,15.0,15.0,13.0,4.0,-56.0,-60.0,-59.0,-65.0,-81.0
2026-06-08 20:16:10.740,1780938970.74,MK8000,18,LOS,punct_interior,5,17,5,2.965,4.0,1.0,3.79,3.94,7.72,13.77,17.81,9.0,15.0,15.0,12.0,3.0,-59.0,-60.0,-59.0,-64.0,-81.0
2026-06-08 20:16:18.540,1780938978.541,MK8000,18,LOS,punct_interior,5,18,5,2.965,4.0,1.0,3.79,3.94,7.76,13.72,18.79,3.0,15.0,14.0,16.0,3.0,-54.0,-60.0,-59.0,-66.0,-85.0
2026-06-08 20:16:26.361,1780938986.361,MK8000,18,LOS,punct_interior,5,19,5,2.965,4.0,1.0,4.22,3.93,7.62,13.72,18.16,3.0,15.0,17.0,14.0,4.0,-54.0,-61.0,-59.0,-65.0,-83.0
2026-06-08 20:16:34.204,1780938994.205,MK8000,18,LOS,punct_interior,5,20,5,2.965,4.0,1.0,3.98,3.93,7.72,13.78,19.14,9.0,15.0,17.0,18.0,4.0,-56.0,-60.0,-59.0,-64.0,-83.0
2026-06-08 20:16:42.069,1780939002.07,MK8000,18,LOS,punct_interior,5,21,5,2.965,4.0,1.0,3.75,3.93,7.84,13.73,18.19,10.0,17.0,16.0,11.0,3.0,-59.0,-60.0,-58.0,-65.0,-80.0
2026-06-08 20:16:49.970,1780939009.97,MK8000,18,LOS,punct_interior,5,22,5,2.965,4.0,1.0,3.78,3.93,7.72,13.77,19.07,6.0,17.0,16.0,14.0,5.0,-54.0,-60.0,-59.0,-65.0,-81.0
2026-06-08 20:16:57.895,1780939017.895,MK8000,18,LOS,punct_interior,5,23,5,2.965,4.0,1.0,3.86,3.94,7.67,13.77,17.77,9.0,15.0,14.0,14.0,3.0,-59.0,-61.0,-59.0,-65.0,-80.0
2026-06-08 20:17:05.482,1780939025.482,MK8000,18,LOS,punct_interior,5,24,5,2.965,4.0,1.0,4.04,3.93,7.8,13.77,17.77,9.0,17.0,14.0,14.0,3.0,-59.0,-61.0,-59.0,-65.0,-82.0
2026-06-08 20:17:13.040,1780939033.04,MK8000,18,LOS,punct_interior,5,25,5,2.965,4.0,1.0,3.81,3.95,7.68,13.74,17.76,3.0,15.0,16.0,13.0,2.0,-54.0,-59.0,-59.0,-65.0,-82.0
2026-06-08 20:17:20.621,1780939040.622,MK8000,18,LOS,punct_interior,5,26,5,2.965,4.0,1.0,4.01,3.94,7.69,13.75,17.77,3.0,13.0,15.0,15.0,3.0,-54.0,-56.0,-59.0,-65.0,-83.0
2026-06-08 20:17:28.230,1780939048.23,MK8000,18,LOS,punct_interior,5,27,5,2.965,4.0,1.0,4.08,3.94,7.76,13.76,17.76,9.0,15.0,13.0,14.0,3.0,-59.0,-60.0,-60.0,-65.0,-82.0
2026-06-08 20:17:35.860,1780939055.861,MK8000,18,LOS,punct_interior,5,28,5,2.965,4.0,1.0,3.92,3.93,7.73,13.77,17.84,3.0,14.0,16.0,12.0,4.0,-54.0,-60.0,-59.0,-65.0,-82.0
2026-06-08 20:17:43.511,1780939063.511,MK8000,18,LOS,punct_interior,5,29,5,2.965,4.0,1.0,4.12,3.93,7.82,13.75,18.85,2.0,17.0,15.0,13.0,2.0,-54.0,-60.0,-59.0,-65.0,-83.0
2026-06-08 20:17:51.187,1780939071.188,MK8000,18,LOS,punct_interior,5,30,5,2.965,4.0,1.0,3.89,3.93,7.77,13.73,17.79,3.0,15.0,15.0,9.0,2.0,-54.0,-60.0,-59.0,-61.0,-82.0
2026-06-08 20:19:29.791,1780939169.791,MK8000,19,LOS,punct_interior,5,1,5,3.965,4.0,1.0,4.41,3.44,8.0,15.1,18.85,9.0,13.0,12.0,8.0,2.0,-57.0,-62.0,-59.0,-69.0,-86.0
2026-06-08 20:19:37.515,1780939177.515,MK8000,19,LOS,punct_interior,5,2,5,3.965,4.0,1.0,4.41,3.44,7.97,15.32,20.83,8.0,12.0,12.0,9.0,3.0,-58.0,-61.0,-60.0,-68.0,-83.0
2026-06-08 20:19:46.278,1780939186.279,MK8000,19,LOS,punct_interior,5,3,4,3.965,4.0,1.0,4.42,3.5,7.9,14.98,,5.0,14.0,14.0,10.0,,-54.0,-56.0,-64.0,-64.0,
2026-06-08 20:19:54.059,1780939194.059,MK8000,19,LOS,punct_interior,5,4,5,3.965,4.0,1.0,4.45,3.6,7.99,14.28,20.29,5.0,11.0,19.0,6.0,2.0,-54.0,-56.0,-61.0,-66.0,-86.0
2026-06-08 20:20:01.858,1780939201.859,MK8000,19,LOS,punct_interior,5,5,5,3.965,4.0,1.0,4.45,3.68,8.11,13.53,19.14,8.0,12.0,15.0,7.0,5.0,-58.0,-56.0,-66.0,-66.0,-82.0
2026-06-08 20:20:09.683,1780939209.683,MK8000,19,LOS,punct_interior,5,6,5,3.965,4.0,1.0,4.42,3.44,8.02,15.05,19.79,7.0,11.0,15.0,5.0,4.0,-57.0,-62.0,-62.0,-66.0,-80.0
2026-06-08 20:20:17.556,1780939217.557,MK8000,19,LOS,punct_interior,5,7,5,3.965,4.0,1.0,4.43,3.52,8.01,15.13,20.4,9.0,12.0,16.0,10.0,2.0,-58.0,-58.0,-63.0,-64.0,-83.0
2026-06-08 20:20:25.469,1780939225.469,MK8000,19,LOS,punct_interior,5,8,5,3.965,4.0,1.0,4.41,3.44,8.26,14.54,16.55,9.0,11.0,10.0,9.0,1.0,-57.0,-62.0,-66.0,-64.0,-85.0
2026-06-08 20:20:33.427,1780939233.428,MK8000,19,LOS,punct_interior,5,9,5,3.965,4.0,1.0,4.81,3.46,8.07,13.4,16.39,6.0,15.0,16.0,10.0,4.0,-52.0,-59.0,-63.0,-68.0,-81.0
2026-06-08 20:20:41.420,1780939241.421,MK8000,19,LOS,punct_interior,5,10,5,3.965,4.0,1.0,4.43,3.47,8.03,13.72,20.28,9.0,13.0,15.0,10.0,3.0,-57.0,-60.0,-62.0,-62.0,-85.0
2026-06-08 20:20:49.434,1780939249.435,MK8000,19,LOS,punct_interior,5,11,5,3.965,4.0,1.0,4.43,3.43,8.01,14.79,19.9,9.0,13.0,13.0,8.0,-2.0,-57.0,-61.0,-58.0,-64.0,-81.0
2026-06-08 20:20:58.043,1780939258.043,MK8000,19,LOS,punct_interior,5,12,5,3.965,4.0,1.0,4.4,3.4,8.0,14.87,19.62,7.0,12.0,13.0,11.0,0.0,-57.0,-60.0,-58.0,-67.0,-85.0
2026-06-08 20:21:06.172,1780939266.173,MK8000,19,LOS,punct_interior,5,13,5,3.965,4.0,1.0,4.42,3.42,7.98,14.82,18.18,7.0,12.0,19.0,9.0,-7.0,-54.0,-61.0,-62.0,-62.0,-79.0
2026-06-08 20:21:13.729,1780939273.73,MK8000,19,LOS,punct_interior,5,14,5,3.965,4.0,1.0,4.43,3.48,8.0,14.88,19.6,,,,9.0,1.0,,,,-66.0,-84.0
2026-06-08 20:21:21.301,1780939281.301,MK8000,19,LOS,punct_interior,5,15,5,3.965,4.0,1.0,4.44,3.47,8.0,14.79,20.25,9.0,10.0,12.0,11.0,0.0,-57.0,-61.0,-58.0,-62.0,-86.0
2026-06-08 20:21:29.824,1780939289.825,MK8000,19,LOS,punct_interior,5,16,4,3.965,4.0,1.0,4.44,3.47,8.0,14.88,,6.0,13.0,13.0,10.0,,-54.0,-60.0,-58.0,-66.0,
2026-06-08 20:21:38.485,1780939298.486,MK8000,19,LOS,punct_interior,5,17,4,3.965,4.0,1.0,4.45,3.48,7.98,14.63,,9.0,16.0,13.0,9.0,,-57.0,-56.0,-58.0,-66.0,
2026-06-08 20:21:47.079,1780939307.08,MK8000,19,LOS,punct_interior,5,18,4,3.965,4.0,1.0,4.43,3.45,7.98,14.33,,8.0,13.0,16.0,12.0,,-54.0,-57.0,-62.0,-65.0,
2026-06-08 20:21:55.674,1780939315.674,MK8000,19,LOS,punct_interior,5,19,4,3.965,4.0,1.0,4.42,3.42,7.98,14.31,,8.0,12.0,16.0,10.0,,-57.0,-60.0,-62.0,-62.0,
2026-06-08 20:22:04.283,1780939324.284,MK8000,19,LOS,punct_interior,5,20,4,3.965,4.0,1.0,4.43,3.47,8.02,14.88,,6.0,15.0,14.0,8.0,,-54.0,-56.0,-63.0,-66.0,
2026-06-08 20:22:12.517,1780939332.517,MK8000,19,LOS,punct_interior,5,21,5,3.965,4.0,1.0,4.44,3.45,8.0,13.54,18.96,8.0,11.0,13.0,10.0,1.0,-57.0,-61.0,-63.0,-62.0,-83.0
2026-06-08 20:22:20.269,1780939340.269,MK8000,19,LOS,punct_interior,5,22,5,3.965,4.0,1.0,4.39,3.41,8.08,13.78,16.77,9.0,13.0,15.0,8.0,2.0,-57.0,-61.0,-62.0,-64.0,-85.0
2026-06-08 20:22:28.051,1780939348.052,MK8000,19,LOS,punct_interior,5,23,5,3.965,4.0,1.0,4.5,3.46,8.06,14.61,20.52,9.0,14.0,14.0,12.0,1.0,-58.0,-61.0,-62.0,-68.0,-85.0
2026-06-08 20:22:36.745,1780939356.746,MK8000,19,LOS,punct_interior,5,24,4,3.965,4.0,1.0,4.41,3.47,8.03,14.91,,8.0,14.0,15.0,11.0,,-56.0,-56.0,-62.0,-67.0,
2026-06-08 20:22:45.072,1780939365.073,MK8000,19,LOS,punct_interior,5,25,5,3.965,4.0,1.0,4.45,3.51,8.02,14.1,18.81,8.0,15.0,13.0,8.0,4.0,-58.0,-60.0,-58.0,-62.0,-85.0
2026-06-08 20:22:53.425,1780939373.425,MK8000,19,LOS,punct_interior,5,26,5,3.965,4.0,1.0,4.38,3.46,8.02,13.37,20.46,10.0,12.0,12.0,9.0,2.0,-57.0,-60.0,-60.0,-62.0,-82.0
2026-06-08 20:23:01.294,1780939381.294,MK8000,19,LOS,punct_interior,5,27,5,3.965,4.0,1.0,4.41,3.49,7.98,14.46,17.52,9.0,15.0,14.0,10.0,0.0,-57.0,-56.0,-58.0,-67.0,-84.0
2026-06-08 20:23:09.202,1780939389.203,MK8000,19,LOS,punct_interior,5,28,5,3.965,4.0,1.0,4.39,3.44,8.02,14.79,18.93,9.0,12.0,18.0,11.0,1.0,-57.0,-61.0,-61.0,-66.0,-84.0
2026-06-08 20:23:18.050,1780939398.051,MK8000,19,LOS,punct_interior,5,29,4,3.965,4.0,1.0,4.42,3.47,8.03,14.07,,9.0,14.0,15.0,9.0,,-57.0,-56.0,-58.0,-62.0,
2026-06-08 20:23:26.623,1780939406.624,MK8000,19,LOS,punct_interior,5,30,4,3.965,4.0,1.0,4.46,3.4,8.28,13.57,,7.0,15.0,10.0,8.0,,-54.0,-60.0,-62.0,-64.0,
2026-06-08 20:24:07.526,1780939447.526,MK8000,20,LOS,punct_interior,5,1,5,4.965,4.0,1.0,5.28,3.41,8.25,14.03,19.43,9.0,14.0,12.0,6.0,6.0,-56.0,-61.0,-60.0,-79.0,-83.0
2026-06-08 20:24:15.113,1780939455.113,MK8000,20,LOS,punct_interior,5,2,5,4.965,4.0,1.0,5.37,3.41,8.28,14.5,20.06,7.0,13.0,14.0,5.0,10.0,-57.0,-61.0,-63.0,-78.0,-82.0
2026-06-08 20:24:22.723,1780939462.724,MK8000,20,LOS,punct_interior,5,3,5,4.965,4.0,1.0,5.22,3.42,8.18,14.56,19.51,9.0,13.0,14.0,6.0,8.0,-56.0,-61.0,-63.0,-66.0,-82.0
2026-06-08 20:24:30.362,1780939470.362,MK8000,20,LOS,punct_interior,5,4,5,4.965,4.0,1.0,5.29,3.4,8.17,14.25,19.46,7.0,12.0,16.0,7.0,6.0,-56.0,-61.0,-63.0,-66.0,-80.0
2026-06-08 20:24:38.022,1780939478.023,MK8000,20,LOS,punct_interior,5,5,5,4.965,4.0,1.0,5.29,3.4,8.12,14.57,19.44,6.0,13.0,15.0,6.0,8.0,-60.0,-61.0,-63.0,-66.0,-82.0
2026-06-08 20:24:45.704,1780939485.704,MK8000,20,LOS,punct_interior,5,6,5,4.965,4.0,1.0,5.3,3.41,8.23,14.39,19.47,8.0,12.0,16.0,7.0,9.0,-56.0,-59.0,-63.0,-77.0,-82.0
2026-06-08 20:24:53.414,1780939493.414,MK8000,20,LOS,punct_interior,5,7,5,4.965,4.0,1.0,5.22,3.42,8.17,14.22,19.5,8.0,10.0,14.0,3.0,8.0,-56.0,-61.0,-63.0,-82.0,-82.0
2026-06-08 20:25:01.143,1780939501.144,MK8000,20,LOS,punct_interior,5,8,5,4.965,4.0,1.0,5.3,3.41,8.29,14.35,20.33,9.0,13.0,16.0,5.0,7.0,-57.0,-60.0,-63.0,-66.0,-83.0
2026-06-08 20:25:08.903,1780939508.904,MK8000,20,LOS,punct_interior,5,9,5,4.965,4.0,1.0,5.32,3.4,8.19,14.11,20.73,9.0,14.0,17.0,6.0,5.0,-56.0,-60.0,-63.0,-66.0,-80.0
2026-06-08 20:25:16.683,1780939516.684,MK8000,20,LOS,punct_interior,5,10,5,4.965,4.0,1.0,5.21,3.4,8.18,14.47,19.49,9.0,12.0,14.0,4.0,7.0,-56.0,-61.0,-63.0,-81.0,-82.0
2026-06-08 20:25:24.502,1780939524.502,MK8000,20,LOS,punct_interior,5,11,5,4.965,4.0,1.0,5.27,3.4,8.13,14.49,19.5,7.0,13.0,17.0,6.0,7.0,-56.0,-61.0,-63.0,-80.0,-82.0
2026-06-08 20:25:32.357,1780939532.357,MK8000,20,LOS,punct_interior,5,12,5,4.965,4.0,1.0,5.21,3.38,8.18,14.4,19.42,8.0,13.0,15.0,8.0,6.0,-54.0,-62.0,-63.0,-66.0,-80.0
2026-06-08 20:25:40.243,1780939540.243,MK8000,20,LOS,punct_interior,5,13,5,4.965,4.0,1.0,5.21,3.4,8.13,14.3,19.41,8.0,11.0,15.0,9.0,9.0,-58.0,-61.0,-62.0,-66.0,-82.0
2026-06-08 20:25:48.192,1780939548.192,MK8000,20,LOS,punct_interior,5,14,5,4.965,4.0,1.0,5.28,3.42,8.16,14.23,20.06,8.0,9.0,16.0,5.0,9.0,-56.0,-56.0,-63.0,-66.0,-82.0
2026-06-08 20:25:56.148,1780939556.148,MK8000,20,LOS,punct_interior,5,15,5,4.965,4.0,1.0,5.41,3.4,8.08,14.16,19.99,9.0,15.0,16.0,6.0,10.0,-57.0,-60.0,-63.0,-66.0,-83.0
2026-06-08 20:26:04.184,1780939564.185,MK8000,20,LOS,punct_interior,5,16,5,4.965,4.0,1.0,5.4,3.42,8.33,14.24,19.5,7.0,12.0,17.0,7.0,6.0,-60.0,-61.0,-63.0,-81.0,-79.0
2026-06-08 20:26:12.274,1780939572.275,MK8000,20,LOS,punct_interior,5,17,5,4.965,4.0,1.0,5.32,3.4,8.41,14.57,19.45,7.0,13.0,14.0,7.0,7.0,-57.0,-62.0,-63.0,-64.0,-84.0
2026-06-08 20:26:20.379,1780939580.38,MK8000,20,LOS,punct_interior,5,18,5,4.965,4.0,1.0,5.27,3.41,8.17,14.01,19.61,9.0,14.0,15.0,-1.0,7.0,-56.0,-61.0,-62.0,-59.0,-84.0
2026-06-08 20:26:28.311,1780939588.311,MK8000,20,LOS,punct_interior,5,19,5,4.965,4.0,1.0,5.34,3.4,8.25,14.36,19.46,7.0,13.0,,6.0,7.0,-57.0,-61.0,,-66.0,-83.0
2026-06-08 20:26:35.861,1780939595.861,MK8000,20,LOS,punct_interior,5,20,5,4.965,4.0,1.0,5.36,3.42,8.17,14.07,20.61,,,16.0,6.0,5.0,,,-63.0,-66.0,-79.0
2026-06-08 20:26:43.444,1780939603.444,MK8000,20,LOS,punct_interior,5,21,5,4.965,4.0,1.0,5.41,3.41,8.07,14.58,19.55,8.0,12.0,13.0,7.0,5.0,-60.0,-61.0,-64.0,-66.0,-80.0
2026-06-08 20:26:51.056,1780939611.056,MK8000,20,LOS,punct_interior,5,22,5,4.965,4.0,1.0,5.33,3.4,8.24,14.05,20.81,11.0,14.0,14.0,7.0,5.0,-57.0,-60.0,-62.0,-66.0,-80.0
2026-06-08 20:26:58.693,1780939618.694,MK8000,20,LOS,punct_interior,5,23,5,4.965,4.0,1.0,5.32,3.4,8.3,14.42,18.92,8.0,13.0,18.0,5.0,6.0,-60.0,-61.0,-62.0,-66.0,-81.0
2026-06-08 20:27:06.354,1780939626.355,MK8000,20,LOS,punct_interior,5,24,5,4.965,4.0,1.0,5.3,3.41,8.41,14.4,19.48,7.0,12.0,15.0,7.0,5.0,-56.0,-61.0,-63.0,-66.0,-79.0
2026-06-08 20:27:14.049,1780939634.05,MK8000,20,LOS,punct_interior,5,25,5,4.965,4.0,1.0,5.23,3.4,8.4,14.39,21.14,9.0,13.0,14.0,3.0,5.0,-56.0,-61.0,-63.0,-61.0,-83.0
2026-06-08 20:27:21.760,1780939641.761,MK8000,20,LOS,punct_interior,5,26,5,4.965,4.0,1.0,5.36,3.42,8.25,14.42,21.88,8.0,12.0,13.0,6.0,7.0,-57.0,-60.0,-63.0,-66.0,-83.0
2026-06-08 20:27:29.497,1780939649.498,MK8000,20,LOS,punct_interior,5,27,5,4.965,4.0,1.0,5.24,3.4,8.25,14.51,21.23,8.0,14.0,16.0,5.0,6.0,-56.0,-60.0,-63.0,-66.0,-79.0
2026-06-08 20:27:37.265,1780939657.265,MK8000,20,LOS,punct_interior,5,28,5,4.965,4.0,1.0,5.34,3.4,8.21,14.43,19.47,9.0,12.0,13.0,4.0,5.0,-57.0,-60.0,-63.0,-63.0,-79.0
2026-06-08 20:27:45.050,1780939665.051,MK8000,20,LOS,punct_interior,5,29,5,4.965,4.0,1.0,5.36,3.4,8.1,14.49,19.75,9.0,13.0,14.0,6.0,6.0,-60.0,-60.0,-63.0,-66.0,-83.0
2026-06-08 20:27:52.856,1780939672.856,MK8000,20,LOS,punct_interior,5,30,5,4.965,4.0,1.0,5.32,3.39,7.93,17.25,20.14,9.0,15.0,8.0,8.0,4.0,-56.0,-59.0,-65.0,-83.0,-81.0
2026-06-08 20:31:08.280,1780939868.28,MK8000,22,LOS,punct_interior,5,1,5,1.965,5.0,1.0,4.75,5.34,7.18,12.88,18.66,7.0,14.0,12.0,15.0,5.0,-62.0,-59.0,-63.0,-58.0,-82.0
2026-06-08 20:31:16.134,1780939876.134,MK8000,22,LOS,punct_interior,5,2,5,1.965,5.0,1.0,4.71,5.34,7.33,12.9,18.24,6.0,13.0,13.0,12.0,2.0,-63.0,-60.0,-63.0,-63.0,-81.0
2026-06-08 20:31:24.017,1780939884.018,MK8000,22,LOS,punct_interior,5,3,5,1.965,5.0,1.0,4.66,5.33,7.17,12.86,17.79,6.0,12.0,13.0,12.0,4.0,-64.0,-56.0,-63.0,-63.0,-82.0
2026-06-08 20:31:31.922,1780939891.923,MK8000,22,LOS,punct_interior,5,4,5,1.965,5.0,1.0,4.75,5.32,7.13,12.89,17.67,8.0,12.0,13.0,12.0,3.0,-63.0,-60.0,-63.0,-61.0,-81.0
2026-06-08 20:31:39.706,1780939899.706,MK8000,22,LOS,punct_interior,5,5,5,1.965,5.0,1.0,4.69,5.31,7.61,12.92,17.72,6.0,13.0,16.0,12.0,2.0,-62.0,-60.0,-62.0,-63.0,-81.0
2026-06-08 20:31:47.240,1780939907.241,MK8000,22,LOS,punct_interior,5,6,5,1.965,5.0,1.0,4.59,5.36,7.33,12.87,18.65,5.0,14.0,12.0,11.0,6.0,-58.0,-59.0,-63.0,-62.0,-82.0
2026-06-08 20:31:54.802,1780939914.803,MK8000,22,LOS,punct_interior,5,7,5,1.965,5.0,1.0,4.64,5.3,7.22,13.02,18.31,6.0,12.0,11.0,13.0,4.0,-60.0,-60.0,-60.0,-58.0,-76.0
2026-06-08 20:32:02.395,1780939922.395,MK8000,22,LOS,punct_interior,5,8,5,1.965,5.0,1.0,4.76,5.34,7.08,12.87,18.29,4.0,14.0,14.0,12.0,3.0,-64.0,-60.0,-62.0,-63.0,-81.0
2026-06-08 20:32:10.010,1780939930.011,MK8000,22,LOS,punct_interior,5,9,5,1.965,5.0,1.0,4.65,5.33,7.04,12.88,18.74,5.0,13.0,14.0,13.0,6.0,-60.0,-56.0,-60.0,-63.0,-84.0
2026-06-08 20:32:17.652,1780939937.653,MK8000,22,LOS,punct_interior,5,10,5,1.965,5.0,1.0,4.67,5.28,7.47,12.89,17.73,6.0,13.0,12.0,13.0,6.0,-63.0,-60.0,-63.0,-63.0,-84.0
2026-06-08 20:32:25.307,1780939945.307,MK8000,22,LOS,punct_interior,5,11,5,1.965,5.0,1.0,4.8,5.33,7.11,12.89,18.28,6.0,11.0,14.0,12.0,4.0,-63.0,-61.0,-60.0,-63.0,-82.0
2026-06-08 20:32:32.998,1780939952.999,MK8000,22,LOS,punct_interior,5,12,5,1.965,5.0,1.0,4.66,5.28,7.26,12.92,17.89,6.0,14.0,14.0,13.0,3.0,-58.0,-60.0,-63.0,-63.0,-81.0
2026-06-08 20:32:40.713,1780939960.714,MK8000,22,LOS,punct_interior,5,13,5,1.965,5.0,1.0,4.7,5.28,7.17,12.87,18.45,8.0,11.0,13.0,14.0,6.0,-63.0,-60.0,-63.0,-63.0,-82.0
2026-06-08 20:32:48.457,1780939968.457,MK8000,22,LOS,punct_interior,5,14,5,1.965,5.0,1.0,4.69,5.33,7.19,12.9,17.72,6.0,12.0,11.0,13.0,5.0,-60.0,-56.0,-62.0,-63.0,-81.0
2026-06-08 20:32:56.222,1780939976.222,MK8000,22,LOS,punct_interior,5,15,5,1.965,5.0,1.0,4.66,5.33,7.12,12.9,18.24,2.0,14.0,14.0,11.0,7.0,-60.0,-59.0,-63.0,-63.0,-83.0
2026-06-08 20:33:04.011,1780939984.012,MK8000,22,LOS,punct_interior,5,16,5,1.965,5.0,1.0,4.68,5.31,7.09,12.91,18.76,7.0,13.0,14.0,11.0,5.0,-60.0,-60.0,-60.0,-63.0,-83.0
2026-06-08 20:33:11.828,1780939991.829,MK8000,22,LOS,punct_interior,5,17,5,1.965,5.0,1.0,4.61,5.33,7.32,12.85,18.45,5.0,14.0,12.0,12.0,7.0,-60.0,-60.0,-60.0,-63.0,-82.0
2026-06-08 20:33:19.708,1780939999.708,MK8000,22,LOS,punct_interior,5,18,5,1.965,5.0,1.0,4.69,5.32,7.08,12.88,18.54,2.0,11.0,14.0,11.0,6.0,-60.0,-56.0,-60.0,-63.0,-81.0
2026-06-08 20:33:27.611,1780940007.612,MK8000,22,LOS,punct_interior,5,19,5,1.965,5.0,1.0,4.73,5.34,7.15,12.87,17.51,5.0,13.0,16.0,12.0,3.0,-63.0,-60.0,-60.0,-63.0,-82.0
2026-06-08 20:33:35.565,1780940015.565,MK8000,22,LOS,punct_interior,5,20,5,1.965,5.0,1.0,4.7,5.32,7.15,12.9,18.1,5.0,14.0,12.0,12.0,6.0,-63.0,-56.0,-62.0,-61.0,-83.0
2026-06-08 20:33:43.533,1780940023.533,MK8000,22,LOS,punct_interior,5,21,5,1.965,5.0,1.0,4.73,5.13,7.32,12.92,17.85,6.0,13.0,13.0,11.0,3.0,-64.0,-62.0,-63.0,-63.0,-82.0
2026-06-08 20:33:51.575,1780940031.575,MK8000,22,LOS,punct_interior,5,22,5,1.965,5.0,1.0,4.74,5.3,7.3,13.05,19.04,1.0,12.0,13.0,11.0,4.0,-58.0,-60.0,-63.0,-64.0,-80.0
2026-06-08 20:33:59.637,1780940039.638,MK8000,22,LOS,punct_interior,5,23,5,1.965,5.0,1.0,4.76,5.29,7.15,12.91,18.32,7.0,11.0,14.0,17.0,6.0,-63.0,-60.0,-65.0,-63.0,-82.0
2026-06-08 20:34:07.746,1780940047.746,MK8000,22,LOS,punct_interior,5,24,5,1.965,5.0,1.0,4.73,5.33,7.49,14.47,17.66,7.0,12.0,13.0,10.0,4.0,-63.0,-56.0,-63.0,-68.0,-82.0
2026-06-08 20:34:15.476,1780940055.477,MK8000,22,LOS,punct_interior,5,25,5,1.965,5.0,1.0,4.77,5.38,7.53,14.6,18.27,6.0,,,10.0,2.0,-63.0,,,-79.0,-85.0
2026-06-08 20:34:23.039,1780940063.039,MK8000,22,LOS,punct_interior,5,26,5,1.965,5.0,1.0,4.62,5.2,7.58,14.51,16.28,,,,5.0,3.0,,,,-81.0,-81.0
2026-06-08 20:34:30.632,1780940070.633,MK8000,22,LOS,punct_interior,5,27,5,1.965,5.0,1.0,4.79,5.32,7.57,14.37,17.94,5.0,14.0,13.0,10.0,6.0,-60.0,-60.0,-60.0,-66.0,-81.0
2026-06-08 20:34:38.249,1780940078.249,MK8000,22,LOS,punct_interior,5,28,5,1.965,5.0,1.0,4.71,5.33,6.97,12.85,18.57,7.0,13.0,13.0,12.0,4.0,-62.0,-60.0,-60.0,-60.0,-83.0
2026-06-08 20:34:45.892,1780940085.892,MK8000,22,LOS,punct_interior,5,29,5,1.965,5.0,1.0,4.61,5.33,6.95,12.83,18.1,6.0,12.0,12.0,12.0,4.0,-60.0,-60.0,-60.0,-64.0,-83.0
2026-06-08 20:34:53.557,1780940093.557,MK8000,22,LOS,punct_interior,5,30,5,1.965,5.0,1.0,4.63,5.3,7.96,12.87,18.31,6.0,9.0,11.0,10.0,3.0,-60.0,-64.0,-60.0,-65.0,-81.0
2026-06-08 20:35:17.518,1780940117.519,MK8000,23,LOS,punct_interior,5,1,5,2.965,5.0,1.0,4.85,4.74,7.76,14.39,19.48,5.0,15.0,14.0,8.0,2.0,-64.0,-58.0,-63.0,-62.0,-82.0
2026-06-08 20:35:25.222,1780940125.223,MK8000,23,LOS,punct_interior,5,2,5,2.965,5.0,1.0,4.76,4.9,6.6,12.73,19.43,3.0,15.0,14.0,11.0,1.0,-60.0,-58.0,-62.0,-65.0,-80.0
2026-06-08 20:35:32.965,1780940132.965,MK8000,23,LOS,punct_interior,5,3,5,2.965,5.0,1.0,4.7,4.96,6.29,12.73,19.32,3.0,13.0,14.0,11.0,3.0,-60.0,-59.0,-63.0,-63.0,-82.0
2026-06-08 20:35:40.730,1780940140.73,MK8000,23,LOS,punct_interior,5,4,5,2.965,5.0,1.0,4.93,4.93,6.59,12.73,19.17,7.0,15.0,14.0,11.0,2.0,-60.0,-58.0,-63.0,-63.0,-81.0
2026-06-08 20:35:48.716,1780940148.717,MK8000,23,LOS,punct_interior,5,5,5,2.965,5.0,1.0,4.78,4.9,6.28,12.77,18.91,3.0,12.0,17.0,13.0,2.0,-60.0,-59.0,-63.0,-63.0,-80.0
2026-06-08 20:35:56.532,1780940156.532,MK8000,23,LOS,punct_interior,5,6,5,2.965,5.0,1.0,4.99,4.94,6.28,12.71,19.41,1.0,11.0,16.0,12.0,2.0,-58.0,-56.0,-63.0,-63.0,-81.0
2026-06-08 20:36:04.565,1780940164.565,MK8000,23,LOS,punct_interior,5,7,5,2.965,5.0,1.0,5.11,4.81,6.23,12.76,19.2,6.0,14.0,14.0,11.0,2.0,-60.0,-59.0,-63.0,-64.0,-80.0
2026-06-08 20:36:12.631,1780940172.631,MK8000,23,LOS,punct_interior,5,8,5,2.965,5.0,1.0,5.03,4.92,6.25,12.75,19.38,3.0,13.0,13.0,13.0,3.0,-60.0,-59.0,-63.0,-63.0,-79.0
2026-06-08 20:36:20.522,1780940180.523,MK8000,23,LOS,punct_interior,5,9,5,2.965,5.0,1.0,4.66,4.92,6.62,12.75,19.39,6.0,15.0,12.0,12.0,2.0,-60.0,-58.0,-63.0,-63.0,-81.0
2026-06-08 20:36:28.436,1780940188.436,MK8000,23,LOS,punct_interior,5,10,5,2.965,5.0,1.0,4.84,4.8,7.17,12.72,19.26,3.0,11.0,15.0,13.0,3.0,-60.0,-56.0,-63.0,-63.0,-80.0
2026-06-08 20:36:36.208,1780940196.209,MK8000,23,LOS,punct_interior,5,11,5,2.965,5.0,1.0,4.92,4.93,6.24,12.74,19.47,4.0,16.0,13.0,12.0,2.0,-58.0,-58.0,-63.0,-64.0,-82.0
2026-06-08 20:36:43.756,1780940203.757,MK8000,23,LOS,punct_interior,5,12,5,2.965,5.0,1.0,4.94,4.96,6.29,12.74,19.5,6.0,14.0,13.0,12.0,2.0,-60.0,-59.0,-58.0,-64.0,-83.0
2026-06-08 20:36:51.328,1780940211.329,MK8000,23,LOS,punct_interior,5,13,5,2.965,5.0,1.0,5.19,4.9,6.59,12.76,19.36,5.0,13.0,13.0,13.0,3.0,-60.0,-59.0,-60.0,-63.0,-80.0
2026-06-08 20:36:58.924,1780940218.925,MK8000,23,LOS,punct_interior,5,14,5,2.965,5.0,1.0,4.84,4.94,6.71,12.75,19.47,3.0,14.0,14.0,13.0,2.0,-60.0,-58.0,-63.0,-63.0,-79.0
2026-06-08 20:37:07.190,1780940227.191,MK8000,23,LOS,punct_interior,5,15,5,2.965,5.0,1.0,5.03,4.92,6.24,12.74,19.49,6.0,14.0,13.0,12.0,2.0,-60.0,-58.0,-63.0,-63.0,-80.0
2026-06-08 20:37:14.831,1780940234.832,MK8000,23,LOS,punct_interior,5,16,5,2.965,5.0,1.0,4.78,5.01,6.41,12.77,19.41,4.0,11.0,17.0,14.0,1.0,-62.0,-54.0,-63.0,-63.0,-80.0
2026-06-08 20:37:22.496,1780940242.497,MK8000,23,LOS,punct_interior,5,17,5,2.965,5.0,1.0,4.76,4.95,6.34,12.72,19.34,6.0,15.0,14.0,11.0,4.0,-60.0,-58.0,-60.0,-60.0,-80.0
2026-06-08 20:37:30.193,1780940250.194,MK8000,23,LOS,punct_interior,5,18,5,2.965,5.0,1.0,4.65,4.88,6.68,12.76,19.07,6.0,13.0,14.0,15.0,1.0,-60.0,-58.0,-63.0,-64.0,-80.0
2026-06-08 20:37:37.913,1780940257.914,MK8000,23,LOS,punct_interior,5,19,5,2.965,5.0,1.0,4.76,4.95,6.5,12.76,19.42,3.0,12.0,15.0,12.0,2.0,-60.0,-54.0,-63.0,-64.0,-82.0
2026-06-08 20:37:45.860,1780940265.861,MK8000,23,LOS,punct_interior,5,20,5,2.965,5.0,1.0,4.96,4.84,6.22,12.7,19.32,4.0,13.0,14.0,12.0,2.0,-58.0,-59.0,-63.0,-63.0,-83.0
2026-06-08 20:37:53.622,1780940273.623,MK8000,23,LOS,punct_interior,5,21,5,2.965,5.0,1.0,4.76,4.87,6.27,12.76,19.38,3.0,14.0,16.0,13.0,1.0,-60.0,-59.0,-63.0,-64.0,-82.0
2026-06-08 20:38:01.414,1780940281.414,MK8000,23,LOS,punct_interior,5,22,5,2.965,5.0,1.0,4.99,4.89,6.27,12.71,19.42,3.0,14.0,16.0,14.0,2.0,-60.0,-59.0,-63.0,-64.0,-82.0
2026-06-08 20:38:09.228,1780940289.229,MK8000,23,LOS,punct_interior,5,23,5,2.965,5.0,1.0,5.06,4.96,6.55,12.71,19.47,5.0,11.0,16.0,14.0,2.0,-64.0,-54.0,-63.0,-63.0,-83.0
2026-06-08 20:38:17.073,1780940297.074,MK8000,23,LOS,punct_interior,5,24,5,2.965,5.0,1.0,4.83,4.9,6.36,12.77,19.38,3.0,15.0,15.0,15.0,2.0,-60.0,-59.0,-63.0,-63.0,-83.0
2026-06-08 20:38:24.970,1780940304.97,MK8000,23,LOS,punct_interior,5,25,5,2.965,5.0,1.0,5.08,4.99,6.7,12.77,19.38,6.0,10.0,15.0,13.0,2.0,-60.0,-54.0,-63.0,-63.0,-82.0
2026-06-08 20:38:32.947,1780940312.948,MK8000,23,LOS,punct_interior,5,26,5,2.965,5.0,1.0,4.92,4.96,6.25,12.71,19.23,6.0,14.0,15.0,12.0,2.0,-60.0,-59.0,-63.0,-63.0,-81.0
2026-06-08 20:38:41.159,1780940321.16,MK8000,23,LOS,punct_interior,5,27,5,2.965,5.0,1.0,5.02,4.86,6.65,12.73,19.49,3.0,14.0,16.0,11.0,1.0,-60.0,-59.0,-63.0,-63.0,-80.0
2026-06-08 20:38:49.206,1780940329.207,MK8000,23,LOS,punct_interior,5,28,5,2.965,5.0,1.0,4.67,4.88,6.33,14.38,19.67,3.0,14.0,15.0,12.0,2.0,-64.0,-58.0,-63.0,-64.0,-81.0
2026-06-08 20:38:57.923,1780940337.923,MK8000,23,LOS,punct_interior,5,29,5,2.965,5.0,1.0,5.14,5.1,6.66,13.53,19.87,6.0,13.0,14.0,12.0,4.0,-63.0,-58.0,-61.0,-64.0,-81.0
2026-06-08 20:39:06.053,1780940346.054,MK8000,23,LOS,punct_interior,5,30,5,2.965,5.0,1.0,5.44,4.8,6.65,14.39,19.44,5.0,15.0,18.0,10.0,2.0,-62.0,-59.0,-61.0,-64.0,-81.0
2026-06-08 20:39:34.612,1780940374.612,MK8000,24,LOS,punct_interior,5,1,5,3.965,5.0,1.0,5.33,4.51,7.24,12.8,20.4,,,,9.0,7.0,,,,-64.0,-71.0
2026-06-08 20:39:42.186,1780940382.187,MK8000,24,LOS,punct_interior,5,2,5,3.965,5.0,1.0,5.39,4.52,7.37,12.75,20.74,,,13.0,11.0,12.0,,,-61.0,-64.0,-70.0
2026-06-08 20:39:49.783,1780940389.784,MK8000,24,LOS,punct_interior,5,3,5,3.965,5.0,1.0,5.37,4.54,7.28,12.75,20.71,10.0,14.0,15.0,9.0,9.0,-60.0,-62.0,-56.0,-64.0,-71.0
2026-06-08 20:39:57.406,1780940397.407,MK8000,24,LOS,punct_interior,5,4,5,3.965,5.0,1.0,5.38,4.54,7.31,12.81,20.02,7.0,12.0,13.0,8.0,13.0,-61.0,-62.0,-61.0,-64.0,-70.0
2026-06-08 20:40:05.046,1780940405.046,MK8000,24,LOS,punct_interior,5,5,5,3.965,5.0,1.0,5.36,4.54,7.3,12.79,20.72,10.0,12.0,14.0,9.0,9.0,-60.0,-61.0,-56.0,-62.0,-71.0
2026-06-08 20:40:12.717,1780940412.718,MK8000,24,LOS,punct_interior,5,6,5,3.965,5.0,1.0,5.39,4.51,7.39,12.97,20.74,9.0,13.0,12.0,9.0,8.0,-61.0,-62.0,-60.0,-64.0,-71.0
2026-06-08 20:40:20.415,1780940420.416,MK8000,24,LOS,punct_interior,5,7,5,3.965,5.0,1.0,5.36,4.53,7.37,12.69,20.74,8.0,10.0,14.0,11.0,6.0,-60.0,-62.0,-58.0,-64.0,-71.0
2026-06-08 20:40:28.136,1780940428.137,MK8000,24,LOS,punct_interior,5,8,5,3.965,5.0,1.0,5.38,4.51,7.33,12.74,20.37,9.0,13.0,15.0,9.0,12.0,-60.0,-62.0,-56.0,-64.0,-70.0
2026-06-08 20:40:35.881,1780940435.882,MK8000,24,LOS,punct_interior,5,9,5,3.965,5.0,1.0,5.36,4.52,7.23,12.95,20.73,7.0,13.0,13.0,10.0,12.0,-61.0,-62.0,-56.0,-62.0,-70.0
2026-06-08 20:40:43.655,1780940443.656,MK8000,24,LOS,punct_interior,5,10,5,3.965,5.0,1.0,5.37,4.51,7.28,13.02,19.61,9.0,14.0,16.0,8.0,11.0,-60.0,-62.0,-58.0,-64.0,-71.0
2026-06-08 20:40:51.450,1780940451.451,MK8000,24,LOS,punct_interior,5,11,5,3.965,5.0,1.0,5.35,4.52,7.27,12.76,20.04,9.0,13.0,13.0,8.0,9.0,-60.0,-62.0,-61.0,-67.0,-70.0
2026-06-08 20:40:59.271,1780940459.271,MK8000,24,LOS,punct_interior,5,12,5,3.965,5.0,1.0,5.37,4.52,7.2,12.83,19.98,9.0,13.0,13.0,9.0,8.0,-61.0,-58.0,-60.0,-64.0,-67.0
2026-06-08 20:41:07.115,1780940467.116,MK8000,24,LOS,punct_interior,5,13,5,3.965,5.0,1.0,5.37,4.51,7.15,12.87,19.6,9.0,12.0,12.0,10.0,8.0,-60.0,-62.0,-58.0,-64.0,-72.0
2026-06-08 20:41:14.988,1780940474.989,MK8000,24,LOS,punct_interior,5,14,5,3.965,5.0,1.0,5.37,4.53,7.24,12.76,19.72,8.0,11.0,16.0,10.0,10.0,-60.0,-58.0,-56.0,-64.0,-71.0
2026-06-08 20:41:22.882,1780940482.883,MK8000,24,LOS,punct_interior,5,15,5,3.965,5.0,1.0,5.37,4.53,7.26,12.68,20.73,8.0,12.0,11.0,9.0,7.0,-60.0,-58.0,-61.0,-62.0,-72.0
2026-06-08 20:41:30.803,1780940490.804,MK8000,24,LOS,punct_interior,5,16,5,3.965,5.0,1.0,5.37,4.53,7.28,12.98,20.31,8.0,12.0,15.0,8.0,11.0,-60.0,-63.0,-56.0,-64.0,-71.0
2026-06-08 20:41:38.387,1780940498.387,MK8000,24,LOS,punct_interior,5,17,5,3.965,5.0,1.0,5.37,4.51,7.37,12.78,20.74,8.0,12.0,15.0,9.0,7.0,-61.0,-62.0,-56.0,-62.0,-72.0
2026-06-08 20:41:45.940,1780940505.941,MK8000,24,LOS,punct_interior,5,18,5,3.965,5.0,1.0,5.37,4.52,7.19,12.73,20.73,9.0,11.0,13.0,9.0,8.0,-60.0,-62.0,-60.0,-62.0,-70.0
2026-06-08 20:41:53.516,1780940513.517,MK8000,24,LOS,punct_interior,5,19,5,3.965,5.0,1.0,5.37,4.53,7.22,12.78,20.73,9.0,15.0,15.0,8.0,6.0,-60.0,-62.0,-56.0,-64.0,-72.0
2026-06-08 20:42:01.111,1780940521.112,MK8000,24,LOS,punct_interior,5,20,5,3.965,5.0,1.0,5.4,4.53,7.2,12.88,20.41,9.0,13.0,12.0,10.0,12.0,-61.0,-62.0,-60.0,-62.0,-70.0
2026-06-08 20:42:08.725,1780940528.726,MK8000,24,LOS,punct_interior,5,21,5,3.965,5.0,1.0,5.39,4.53,7.25,12.72,20.4,7.0,11.0,16.0,8.0,8.0,-61.0,-58.0,-56.0,-62.0,-70.0
2026-06-08 20:42:16.364,1780940536.365,MK8000,24,LOS,punct_interior,5,22,5,3.965,5.0,1.0,5.37,4.52,7.33,12.71,20.36,9.0,13.0,13.0,10.0,11.0,-61.0,-61.0,-61.0,-64.0,-71.0
2026-06-08 20:42:24.034,1780940544.035,MK8000,24,LOS,punct_interior,5,23,5,3.965,5.0,1.0,5.37,4.52,7.27,12.78,20.37,7.0,13.0,12.0,9.0,10.0,-61.0,-62.0,-61.0,-62.0,-71.0
2026-06-08 20:42:31.731,1780940551.732,MK8000,24,LOS,punct_interior,5,24,5,3.965,5.0,1.0,5.37,4.53,7.36,12.88,20.42,7.0,13.0,11.0,9.0,9.0,-61.0,-62.0,-56.0,-62.0,-70.0
2026-06-08 20:42:39.448,1780940559.449,MK8000,24,LOS,punct_interior,5,25,5,3.965,5.0,1.0,5.36,4.52,7.31,14.16,20.75,8.0,13.0,16.0,7.0,9.0,-60.0,-62.0,-60.0,-82.0,-72.0
2026-06-08 20:42:47.846,1780940567.847,MK8000,24,LOS,punct_interior,5,26,5,3.965,5.0,1.0,5.32,4.45,7.33,14.04,20.75,10.0,15.0,13.0,4.0,8.0,-61.0,-61.0,-63.0,-66.0,-71.0
2026-06-08 20:42:55.817,1780940575.818,MK8000,24,LOS,punct_interior,5,27,5,3.965,5.0,1.0,5.34,4.6,7.63,13.78,20.72,7.0,13.0,15.0,5.0,8.0,-61.0,-61.0,-64.0,-66.0,-77.0
2026-06-08 20:43:03.615,1780940583.616,MK8000,24,LOS,punct_interior,5,28,5,3.965,5.0,1.0,5.35,4.59,7.67,13.93,20.73,9.0,13.0,15.0,7.0,9.0,-60.0,-62.0,-63.0,-81.0,-72.0
2026-06-08 20:43:11.448,1780940591.448,MK8000,24,LOS,punct_interior,5,29,5,3.965,5.0,1.0,5.32,4.56,7.63,14.05,20.73,9.0,10.0,15.0,4.0,14.0,-61.0,-63.0,-64.0,-66.0,-71.0
2026-06-08 20:43:19.312,1780940599.313,MK8000,24,LOS,punct_interior,5,30,5,3.965,5.0,1.0,5.41,4.54,7.28,14.58,19.5,7.0,15.0,15.0,8.0,8.0,-61.0,-62.0,-60.0,-69.0,-77.0
2026-06-08 20:44:00.491,1780940640.492,MK8000,25,LOS,punct_interior,5,1,5,4.965,5.0,1.0,5.91,4.47,7.89,13.49,14.71,7.0,13.0,8.0,9.0,6.0,-58.0,-62.0,-64.0,-64.0,-81.0
2026-06-08 20:44:08.457,1780940648.458,MK8000,25,LOS,punct_interior,5,2,5,4.965,5.0,1.0,5.81,4.39,7.47,14.31,15.04,9.0,11.0,13.0,10.0,9.0,-59.0,-62.0,-62.0,-64.0,-81.0
2026-06-08 20:44:16.472,1780940656.473,MK8000,25,LOS,punct_interior,5,3,5,4.965,5.0,1.0,5.77,4.37,7.47,13.32,14.83,9.0,11.0,18.0,11.0,8.0,-58.0,-62.0,-62.0,-64.0,-80.0
2026-06-08 20:44:24.550,1780940664.551,MK8000,25,LOS,punct_interior,5,4,5,4.965,5.0,1.0,5.76,4.38,7.47,13.32,15.53,10.0,11.0,14.0,9.0,3.0,-59.0,-63.0,-62.0,-64.0,-82.0
2026-06-08 20:44:32.853,1780940672.854,MK8000,25,LOS,punct_interior,5,5,5,4.965,5.0,1.0,5.8,4.39,7.53,14.31,14.77,8.0,13.0,14.0,10.0,4.0,-58.0,-62.0,-62.0,-64.0,-81.0
2026-06-08 20:44:40.975,1780940680.975,MK8000,25,LOS,punct_interior,5,6,5,4.965,5.0,1.0,5.78,4.41,7.52,13.2,14.86,7.0,14.0,13.0,11.0,3.0,-59.0,-58.0,-63.0,-64.0,-81.0
2026-06-08 20:44:48.528,1780940688.529,MK8000,25,LOS,punct_interior,5,7,5,4.965,5.0,1.0,5.89,4.4,7.53,13.31,15.13,,,,9.0,3.0,,,,-64.0,-82.0
2026-06-08 20:44:56.104,1780940696.105,MK8000,25,LOS,punct_interior,5,8,5,4.965,5.0,1.0,5.84,4.44,7.54,14.36,14.66,,11.0,13.0,10.0,4.0,,-62.0,-62.0,-66.0,-80.0
2026-06-08 20:45:03.706,1780940703.706,MK8000,25,LOS,punct_interior,5,9,5,4.965,5.0,1.0,5.89,4.44,7.49,13.24,14.66,8.0,14.0,15.0,12.0,5.0,-59.0,-63.0,-62.0,-64.0,-81.0
2026-06-08 20:45:11.325,1780940711.326,MK8000,25,LOS,punct_interior,5,10,5,4.965,5.0,1.0,5.75,4.4,7.52,14.35,14.68,8.0,11.0,14.0,10.0,7.0,-59.0,-62.0,-62.0,-66.0,-80.0
2026-06-08 20:45:18.974,1780940718.974,MK8000,25,LOS,punct_interior,5,11,5,4.965,5.0,1.0,5.92,4.39,7.5,13.9,14.7,9.0,11.0,13.0,9.0,8.0,-56.0,-62.0,-63.0,-64.0,-80.0
2026-06-08 20:45:26.651,1780940726.652,MK8000,25,LOS,punct_interior,5,12,5,4.965,5.0,1.0,5.88,4.38,7.47,14.39,15.11,8.0,13.0,12.0,8.0,2.0,-59.0,-61.0,-62.0,-68.0,-79.0
2026-06-08 20:45:34.546,1780940734.547,MK8000,25,LOS,punct_interior,5,13,5,4.965,5.0,1.0,5.82,4.44,7.52,14.33,14.77,9.0,11.0,13.0,10.0,4.0,-58.0,-62.0,-62.0,-64.0,-81.0
2026-06-08 20:45:42.272,1780940742.273,MK8000,25,LOS,punct_interior,5,14,5,4.965,5.0,1.0,5.81,4.41,7.47,14.39,14.86,8.0,12.0,13.0,7.0,4.0,-58.0,-62.0,-63.0,-68.0,-82.0
2026-06-08 20:45:50.024,1780940750.025,MK8000,25,LOS,punct_interior,5,15,5,4.965,5.0,1.0,5.81,4.43,7.52,14.02,14.69,8.0,11.0,13.0,9.0,2.0,-58.0,-62.0,-62.0,-66.0,-81.0
2026-06-08 20:45:57.799,1780940757.8,MK8000,25,LOS,punct_interior,5,16,5,4.965,5.0,1.0,5.87,4.39,7.47,13.6,14.9,9.0,10.0,15.0,8.0,5.0,-58.0,-62.0,-62.0,-64.0,-81.0
2026-06-08 20:46:05.594,1780940765.595,MK8000,25,LOS,punct_interior,5,17,5,4.965,5.0,1.0,5.9,4.39,7.47,13.74,15.34,9.0,14.0,14.0,9.0,4.0,-59.0,-61.0,-62.0,-64.0,-81.0
2026-06-08 20:46:13.419,1780940773.42,MK8000,25,LOS,punct_interior,5,18,5,4.965,5.0,1.0,5.75,4.4,7.52,13.5,14.76,9.0,13.0,13.0,11.0,5.0,-59.0,-58.0,-62.0,-64.0,-81.0
2026-06-08 20:46:21.271,1780940781.272,MK8000,25,LOS,punct_interior,5,19,5,4.965,5.0,1.0,5.89,4.4,7.49,13.53,14.74,10.0,11.0,14.0,11.0,7.0,-59.0,-62.0,-63.0,-64.0,-79.0
2026-06-08 20:46:29.345,1780940789.346,MK8000,25,LOS,punct_interior,5,20,5,4.965,5.0,1.0,5.83,4.4,7.46,13.5,15.05,8.0,11.0,16.0,9.0,2.0,-59.0,-62.0,-62.0,-64.0,-81.0
2026-06-08 20:46:37.234,1780940797.235,MK8000,25,LOS,punct_interior,5,21,5,4.965,5.0,1.0,5.82,4.39,7.47,13.7,14.7,7.0,13.0,13.0,8.0,6.0,-58.0,-62.0,-62.0,-64.0,-80.0
2026-06-08 20:46:45.160,1780940805.16,MK8000,25,LOS,punct_interior,5,22,5,4.965,5.0,1.0,5.9,4.44,7.52,14.38,14.83,9.0,12.0,15.0,9.0,8.0,-58.0,-62.0,-62.0,-66.0,-80.0
2026-06-08 20:46:52.739,1780940812.74,MK8000,25,LOS,punct_interior,5,23,5,4.965,5.0,1.0,5.82,4.39,7.49,13.54,14.82,7.0,11.0,15.0,11.0,3.0,-58.0,-62.0,-62.0,-64.0,-81.0
2026-06-08 20:47:00.297,1780940820.298,MK8000,25,LOS,punct_interior,5,24,5,4.965,5.0,1.0,5.72,4.4,7.47,14.39,14.77,8.0,13.0,14.0,8.0,7.0,-59.0,-62.0,-62.0,-68.0,-79.0
2026-06-08 20:47:07.879,1780940827.88,MK8000,25,LOS,punct_interior,5,25,5,4.965,5.0,1.0,5.75,4.42,7.47,13.66,14.91,7.0,14.0,13.0,9.0,7.0,-59.0,-58.0,-62.0,-64.0,-81.0
2026-06-08 20:47:15.487,1780940835.487,MK8000,25,LOS,punct_interior,5,26,5,4.965,5.0,1.0,5.9,4.42,7.51,13.51,15.35,9.0,14.0,13.0,10.0,9.0,-58.0,-58.0,-63.0,-64.0,-81.0
2026-06-08 20:47:23.118,1780940843.119,MK8000,25,LOS,punct_interior,5,27,5,4.965,5.0,1.0,5.75,4.39,7.5,14.29,14.73,9.0,12.0,13.0,10.0,9.0,-59.0,-62.0,-63.0,-64.0,-80.0
2026-06-08 20:47:30.782,1780940850.782,MK8000,25,LOS,punct_interior,5,28,5,4.965,5.0,1.0,5.77,4.39,7.52,12.95,14.86,8.0,11.0,17.0,11.0,5.0,-58.0,-62.0,-62.0,-64.0,-82.0
2026-06-08 20:47:38.462,1780940858.462,MK8000,25,LOS,punct_interior,5,29,5,4.965,5.0,1.0,5.77,4.37,7.48,14.36,14.71,8.0,12.0,17.0,8.0,7.0,-58.0,-62.0,-62.0,-68.0,-80.0
2026-06-08 20:47:46.170,1780940866.17,MK8000,25,LOS,punct_interior,5,30,5,4.965,5.0,1.0,5.89,4.37,7.52,13.48,15.07,9.0,12.0,15.0,10.0,5.0,-58.0,-62.0,-62.0,-64.0,-81.0
2026-06-09 13:29:36.635,1781000976.635,MK8000,27,LOS,punct_interior,5,1,5,1.965,6.0,1.0,5.71,6.16,5.69,12.18,16.87,6.0,14.0,12.0,8.0,6.0,-64.0,-58.0,-60.0,-62.0,-81.0
2026-06-09 13:29:44.243,1781000984.243,MK8000,27,LOS,punct_interior,5,2,5,1.965,6.0,1.0,5.72,6.05,5.71,11.94,17.0,4.0,13.0,13.0,7.0,6.0,-59.0,-62.0,-60.0,-64.0,-80.0
2026-06-09 13:29:51.876,1781000991.876,MK8000,27,LOS,punct_interior,5,3,5,1.965,6.0,1.0,5.73,6.09,5.76,12.11,16.92,4.0,14.0,12.0,10.0,4.0,-62.0,-58.0,-60.0,-62.0,-81.0
2026-06-09 13:29:59.535,1781000999.535,MK8000,27,LOS,punct_interior,5,4,5,1.965,6.0,1.0,5.75,6.05,5.76,11.94,17.04,6.0,8.0,12.0,7.0,6.0,-63.0,-58.0,-62.0,-64.0,-82.0
2026-06-09 13:30:07.224,1781001007.225,MK8000,27,LOS,punct_interior,5,5,5,1.965,6.0,1.0,5.79,6.13,5.75,11.96,16.99,7.0,14.0,16.0,8.0,6.0,-63.0,-58.0,-63.0,-61.0,-81.0
2026-06-09 13:30:14.935,1781001014.936,MK8000,27,LOS,punct_interior,5,6,5,1.965,6.0,1.0,5.71,6.13,5.67,11.9,17.18,5.0,12.0,13.0,10.0,6.0,-58.0,-62.0,-60.0,-66.0,-85.0
2026-06-09 13:30:23.315,1781001023.315,MK8000,27,LOS,punct_interior,5,7,5,1.965,6.0,1.0,5.76,6.45,5.74,12.2,16.98,7.0,11.0,13.0,12.0,5.0,-63.0,-60.0,-60.0,-66.0,-81.0
2026-06-09 13:30:31.077,1781001031.078,MK8000,27,LOS,punct_interior,5,8,5,1.965,6.0,1.0,5.73,5.89,5.69,12.32,16.73,2.0,10.0,13.0,7.0,6.0,-58.0,-60.0,-60.0,-62.0,-80.0
2026-06-09 13:30:38.866,1781001038.867,MK8000,27,LOS,punct_interior,5,9,5,1.965,6.0,1.0,5.8,5.82,5.73,12.41,16.94,6.0,11.0,13.0,9.0,7.0,-63.0,-60.0,-63.0,-62.0,-80.0
2026-06-09 13:30:46.673,1781001046.673,MK8000,27,LOS,punct_interior,5,10,5,1.965,6.0,1.0,5.75,6.09,5.7,12.01,16.7,4.0,13.0,12.0,7.0,7.0,-62.0,-63.0,-60.0,-62.0,-81.0
2026-06-09 13:30:54.523,1781001054.523,MK8000,27,LOS,punct_interior,5,11,5,1.965,6.0,1.0,5.74,6.13,5.74,12.42,16.94,7.0,14.0,13.0,8.0,6.0,-63.0,-58.0,-60.0,-62.0,-81.0
2026-06-09 13:31:02.400,1781001062.401,MK8000,27,LOS,punct_interior,5,12,5,1.965,6.0,1.0,5.71,6.1,5.69,12.36,16.89,7.0,13.0,15.0,11.0,5.0,-63.0,-62.0,-60.0,-62.0,-82.0
2026-06-09 13:31:10.326,1781001070.327,MK8000,27,LOS,punct_interior,5,13,5,1.965,6.0,1.0,5.67,6.13,5.76,12.31,16.83,7.0,13.0,13.0,8.0,5.0,-61.0,-62.0,-60.0,-62.0,-82.0
2026-06-09 13:31:18.302,1781001078.302,MK8000,27,LOS,punct_interior,5,14,5,1.965,6.0,1.0,5.72,6.1,5.73,12.11,16.95,5.0,14.0,14.0,12.0,3.0,-63.0,-58.0,-60.0,-67.0,-81.0
2026-06-09 13:31:26.323,1781001086.324,MK8000,27,LOS,punct_interior,5,15,5,1.965,6.0,1.0,5.74,6.11,5.74,11.88,16.69,6.0,14.0,14.0,8.0,6.0,-63.0,-62.0,-62.0,-62.0,-81.0
2026-06-09 13:31:34.406,1781001094.407,MK8000,27,LOS,punct_interior,5,16,5,1.965,6.0,1.0,5.76,6.19,5.73,12.26,16.79,6.0,13.0,17.0,10.0,6.0,-62.0,-61.0,-61.0,-62.0,-81.0
2026-06-09 13:31:42.516,1781001102.516,MK8000,27,LOS,punct_interior,5,17,5,1.965,6.0,1.0,5.74,6.13,5.77,12.06,16.62,4.0,10.0,16.0,6.0,4.0,-62.0,-62.0,-61.0,-62.0,-82.0
2026-06-09 13:31:50.451,1781001110.452,MK8000,27,LOS,punct_interior,5,18,5,1.965,6.0,1.0,5.74,6.11,5.71,12.02,16.76,6.0,13.0,,6.0,7.0,-63.0,-58.0,,-62.0,-80.0
2026-06-09 13:31:58.014,1781001118.015,MK8000,27,LOS,punct_interior,5,19,5,1.965,6.0,1.0,5.75,6.22,5.79,12.72,16.87,,,,10.0,5.0,,,,-62.0,-80.0
2026-06-09 13:32:05.800,1781001125.8,MK8000,27,LOS,punct_interior,5,20,5,1.965,6.0,1.0,5.76,6.11,5.61,11.97,16.62,6.0,16.0,12.0,7.0,4.0,-63.0,-56.0,-58.0,-64.0,-83.0
2026-06-09 13:32:14.465,1781001134.466,MK8000,27,LOS,punct_interior,5,21,4,1.965,6.0,1.0,5.74,6.18,5.68,,16.67,6.0,12.0,12.0,,7.0,-63.0,-61.0,-60.0,,-66.0
2026-06-09 13:32:22.511,1781001142.511,MK8000,27,LOS,punct_interior,5,22,5,1.965,6.0,1.0,5.77,6.13,5.58,12.16,16.74,6.0,11.0,12.0,9.0,6.0,-62.0,-61.0,-58.0,-62.0,-81.0
2026-06-09 13:32:31.029,1781001151.03,MK8000,27,LOS,punct_interior,5,23,5,1.965,6.0,1.0,5.74,6.11,5.61,12.08,16.86,5.0,14.0,13.0,8.0,6.0,-58.0,-62.0,-60.0,-60.0,-81.0
2026-06-09 13:32:38.716,1781001158.716,MK8000,27,LOS,punct_interior,5,24,5,1.965,6.0,1.0,5.73,6.13,5.65,12.0,16.81,4.0,15.0,14.0,11.0,6.0,-58.0,-58.0,-58.0,-62.0,-80.0
2026-06-09 13:32:46.432,1781001166.433,MK8000,27,LOS,punct_interior,5,25,5,1.965,6.0,1.0,5.73,6.19,5.65,11.91,16.74,6.0,14.0,11.0,6.0,7.0,-62.0,-58.0,-60.0,-61.0,-82.0
2026-06-09 13:32:54.169,1781001174.169,MK8000,27,LOS,punct_interior,5,26,5,1.965,6.0,1.0,5.73,6.16,5.72,12.14,16.72,4.0,9.0,11.0,11.0,6.0,-63.0,-62.0,-58.0,-61.0,-82.0
2026-06-09 13:33:01.933,1781001181.933,MK8000,27,LOS,punct_interior,5,27,5,1.965,6.0,1.0,5.73,6.06,5.62,12.23,16.76,6.0,15.0,15.0,11.0,6.0,-64.0,-60.0,-60.0,-61.0,-82.0
2026-06-09 13:33:09.723,1781001189.724,MK8000,27,LOS,punct_interior,5,28,5,1.965,6.0,1.0,5.75,6.17,5.65,12.44,16.69,7.0,15.0,14.0,13.0,5.0,-63.0,-56.0,-62.0,-60.0,-82.0
2026-06-09 13:33:17.534,1781001197.535,MK8000,27,LOS,punct_interior,5,29,5,1.965,6.0,1.0,5.75,6.13,5.94,12.19,16.65,5.0,14.0,15.0,6.0,7.0,-63.0,-61.0,-58.0,-62.0,-81.0
2026-06-09 13:33:25.366,1781001205.367,MK8000,27,LOS,punct_interior,5,30,5,1.965,6.0,1.0,5.72,6.2,5.63,12.2,16.81,4.0,14.0,14.0,12.0,5.0,-60.0,-58.0,-60.0,-62.0,-81.0
2026-06-09 13:34:10.508,1781001250.509,MK8000,28,LOS,punct_interior,5,1,5,2.965,6.0,1.0,6.64,5.84,5.79,12.98,15.41,5.0,11.0,12.0,11.0,4.0,-62.0,-61.0,-60.0,-65.0,-82.0
2026-06-09 13:34:18.389,1781001258.389,MK8000,28,LOS,punct_interior,5,2,5,2.965,6.0,1.0,6.66,5.85,5.64,12.77,15.26,5.0,11.0,14.0,15.0,3.0,-58.0,-62.0,-64.0,-65.0,-81.0
2026-06-09 13:34:26.302,1781001266.302,MK8000,28,LOS,punct_interior,5,3,5,2.965,6.0,1.0,6.63,5.84,5.64,13.2,15.19,5.0,10.0,12.0,13.0,4.0,-58.0,-62.0,-60.0,-65.0,-83.0
2026-06-09 13:34:34.106,1781001274.106,MK8000,28,LOS,punct_interior,5,4,5,2.965,6.0,1.0,6.7,5.85,5.64,12.92,15.29,6.0,13.0,11.0,12.0,7.0,-63.0,-62.0,-60.0,-65.0,-86.0
2026-06-09 13:34:41.650,1781001281.651,MK8000,28,LOS,punct_interior,5,5,5,2.965,6.0,1.0,6.62,5.85,5.65,12.67,16.18,6.0,10.0,11.0,12.0,5.0,-62.0,-63.0,-60.0,-65.0,-84.0
2026-06-09 13:34:49.219,1781001289.219,MK8000,28,LOS,punct_interior,5,6,5,2.965,6.0,1.0,6.65,5.88,5.71,13.16,15.35,6.0,11.0,12.0,14.0,8.0,-62.0,-61.0,-63.0,-66.0,-84.0
2026-06-09 13:34:56.813,1781001296.814,MK8000,28,LOS,punct_interior,5,7,5,2.965,6.0,1.0,6.66,5.84,5.66,12.65,15.17,5.0,12.0,11.0,13.0,4.0,-62.0,-63.0,-60.0,-64.0,-80.0
2026-06-09 13:35:04.425,1781001304.426,MK8000,28,LOS,punct_interior,5,8,5,2.965,6.0,1.0,6.57,5.81,5.71,12.44,15.4,5.0,13.0,13.0,13.0,2.0,-58.0,-62.0,-63.0,-65.0,-81.0
2026-06-09 13:35:12.056,1781001312.056,MK8000,28,LOS,punct_interior,5,9,5,2.965,6.0,1.0,6.58,5.86,5.7,13.18,15.43,1.0,11.0,10.0,12.0,5.0,-58.0,-63.0,-60.0,-65.0,-81.0
2026-06-09 13:35:19.719,1781001319.72,MK8000,28,LOS,punct_interior,5,10,5,2.965,6.0,1.0,6.64,5.84,5.71,12.58,15.22,6.0,9.0,11.0,11.0,3.0,-62.0,-63.0,-60.0,-60.0,-83.0
2026-06-09 13:35:27.407,1781001327.407,MK8000,28,LOS,punct_interior,5,11,5,2.965,6.0,1.0,6.58,5.89,5.9,12.79,15.09,6.0,13.0,13.0,12.0,7.0,-63.0,-62.0,-60.0,-65.0,-83.0
2026-06-09 13:35:35.124,1781001335.124,MK8000,28,LOS,punct_interior,5,12,5,2.965,6.0,1.0,6.62,5.8,5.82,12.51,15.27,7.0,11.0,12.0,13.0,5.0,-63.0,-63.0,-60.0,-65.0,-82.0
2026-06-09 13:35:42.868,1781001342.869,MK8000,28,LOS,punct_interior,5,13,5,2.965,6.0,1.0,6.58,5.78,5.61,12.84,15.24,5.0,11.0,13.0,10.0,4.0,-58.0,-62.0,-63.0,-65.0,-83.0
2026-06-09 13:35:50.636,1781001350.636,MK8000,28,LOS,punct_interior,5,14,5,2.965,6.0,1.0,6.65,5.87,5.75,12.72,15.05,7.0,11.0,16.0,12.0,3.0,-63.0,-62.0,-63.0,-65.0,-81.0
2026-06-09 13:35:58.420,1781001358.42,MK8000,28,LOS,punct_interior,5,15,5,2.965,6.0,1.0,6.63,5.84,5.67,12.49,15.35,4.0,11.0,11.0,11.0,6.0,-60.0,-62.0,-60.0,-65.0,-83.0
2026-06-09 13:36:06.236,1781001366.236,MK8000,28,LOS,punct_interior,5,16,5,2.965,6.0,1.0,6.59,5.81,5.82,12.45,15.07,6.0,14.0,10.0,11.0,5.0,-58.0,-62.0,-60.0,-65.0,-84.0
2026-06-09 13:36:14.067,1781001374.067,MK8000,28,LOS,punct_interior,5,17,5,2.965,6.0,1.0,6.57,5.78,5.73,12.42,15.32,2.0,12.0,12.0,13.0,4.0,-58.0,-63.0,-63.0,-60.0,-80.0
2026-06-09 13:36:21.928,1781001381.929,MK8000,28,LOS,punct_interior,5,18,5,2.965,6.0,1.0,6.58,5.81,6.08,12.51,15.28,6.0,12.0,14.0,11.0,5.0,-58.0,-63.0,-63.0,-65.0,-83.0
2026-06-09 13:36:29.840,1781001389.841,MK8000,28,LOS,punct_interior,5,19,5,2.965,6.0,1.0,6.59,5.86,5.62,12.0,15.16,5.0,12.0,10.0,15.0,4.0,-58.0,-61.0,-60.0,-64.0,-80.0
2026-06-09 13:36:37.839,1781001397.84,MK8000,28,LOS,punct_interior,5,20,5,2.965,6.0,1.0,6.62,5.82,5.6,12.68,14.94,6.0,11.0,11.0,11.0,5.0,-62.0,-62.0,-58.0,-65.0,-80.0
2026-06-09 13:36:45.857,1781001405.858,MK8000,28,LOS,punct_interior,5,21,5,2.965,6.0,1.0,6.65,5.86,5.62,12.68,14.93,5.0,11.0,11.0,17.0,3.0,-61.0,-62.0,-61.0,-64.0,-81.0
2026-06-09 13:36:53.941,1781001413.942,MK8000,28,LOS,punct_interior,5,22,5,2.965,6.0,1.0,6.61,5.86,5.62,12.74,15.09,7.0,11.0,13.0,15.0,4.0,-62.0,-62.0,-61.0,-64.0,-82.0
2026-06-09 13:37:02.056,1781001422.057,MK8000,28,LOS,punct_interior,5,23,5,2.965,6.0,1.0,6.63,5.83,5.61,12.64,14.98,7.0,12.0,11.0,15.0,4.0,-62.0,-62.0,-58.0,-64.0,-82.0
2026-06-09 13:37:10.000,1781001430.001,MK8000,28,LOS,punct_interior,5,24,5,2.965,6.0,1.0,6.61,5.8,5.6,12.63,15.05,6.0,12.0,,15.0,5.0,-62.0,-62.0,,-64.0,-82.0
2026-06-09 13:37:17.570,1781001437.571,MK8000,28,LOS,punct_interior,5,25,5,2.965,6.0,1.0,6.63,5.87,5.6,12.58,14.99,,,,12.0,5.0,,,,-65.0,-82.0
2026-06-09 13:37:25.166,1781001445.166,MK8000,28,LOS,punct_interior,5,26,5,2.965,6.0,1.0,6.62,5.83,5.74,12.12,15.0,9.0,9.0,12.0,15.0,5.0,-62.0,-63.0,-63.0,-64.0,-81.0
2026-06-09 13:37:32.782,1781001452.783,MK8000,28,LOS,punct_interior,5,27,5,2.965,6.0,1.0,6.62,5.86,5.71,11.96,15.42,5.0,10.0,11.0,13.0,6.0,-58.0,-62.0,-63.0,-60.0,-82.0
2026-06-09 13:37:40.624,1781001460.625,MK8000,28,LOS,punct_interior,5,28,5,2.965,6.0,1.0,6.61,5.87,5.6,12.27,15.24,6.0,10.0,11.0,12.0,5.0,-61.0,-63.0,-60.0,-65.0,-81.0
2026-06-09 13:37:48.283,1781001468.283,MK8000,28,LOS,punct_interior,5,29,5,2.965,6.0,1.0,6.65,5.86,5.52,12.08,15.03,7.0,11.0,12.0,12.0,4.0,-63.0,-63.0,-60.0,-65.0,-80.0
2026-06-09 13:37:55.985,1781001475.985,MK8000,28,LOS,punct_interior,5,30,5,2.965,6.0,1.0,6.66,5.87,5.63,12.13,15.2,7.0,11.0,13.0,11.0,7.0,-62.0,-62.0,-60.0,-65.0,-82.0
2026-06-09 13:39:45.004,1781001585.004,MK8000,29,LOS,punct_interior,5,1,5,3.965,6.0,1.0,6.24,5.33,6.18,11.53,20.07,8.0,10.0,16.0,13.0,4.0,-63.0,-61.0,-61.0,-60.0,-82.0
2026-06-09 13:39:52.742,1781001592.743,MK8000,29,LOS,punct_interior,5,2,5,3.965,6.0,1.0,6.08,5.38,6.11,11.63,19.16,7.0,11.0,13.0,13.0,4.0,-62.0,-60.0,-61.0,-58.0,-80.0
2026-06-09 13:40:00.515,1781001600.516,MK8000,29,LOS,punct_interior,5,3,5,3.965,6.0,1.0,6.22,5.37,6.11,11.47,18.41,4.0,12.0,13.0,12.0,4.0,-58.0,-62.0,-58.0,-60.0,-81.0
2026-06-09 13:40:08.304,1781001608.305,MK8000,29,LOS,punct_interior,5,4,5,3.965,6.0,1.0,6.23,5.37,6.13,11.6,16.39,5.0,12.0,19.0,11.0,4.0,-60.0,-62.0,-61.0,-60.0,-82.0
2026-06-09 13:40:16.121,1781001616.122,MK8000,29,LOS,punct_interior,5,5,5,3.965,6.0,1.0,6.23,5.47,6.14,11.57,16.56,5.0,12.0,14.0,12.0,4.0,-62.0,-61.0,-58.0,-60.0,-82.0
2026-06-09 13:40:24.463,1781001624.464,MK8000,29,LOS,punct_interior,5,6,5,3.965,6.0,1.0,6.23,5.37,6.16,11.76,16.6,6.0,11.0,15.0,12.0,3.0,-64.0,-62.0,-62.0,-60.0,-83.0
2026-06-09 13:40:32.327,1781001632.328,MK8000,29,LOS,punct_interior,5,7,5,3.965,6.0,1.0,6.22,5.39,6.17,11.84,17.49,6.0,9.0,15.0,11.0,3.0,-63.0,-61.0,-58.0,-60.0,-81.0
2026-06-09 13:40:40.713,1781001640.713,MK8000,29,LOS,punct_interior,5,8,5,3.965,6.0,1.0,6.21,5.38,6.2,11.62,16.62,4.0,10.0,13.0,12.0,6.0,-58.0,-61.0,-62.0,-60.0,-83.0
2026-06-09 13:40:49.123,1781001649.123,MK8000,29,LOS,punct_interior,5,9,5,3.965,6.0,1.0,6.22,5.42,6.2,11.9,19.31,7.0,12.0,13.0,11.0,1.0,-62.0,-61.0,-62.0,-58.0,-85.0
2026-06-09 13:40:57.209,1781001657.209,MK8000,29,LOS,punct_interior,5,10,5,3.965,6.0,1.0,6.19,5.37,6.16,11.94,16.61,5.0,10.0,15.0,12.0,4.0,-63.0,-61.0,-62.0,-58.0,-83.0
2026-06-09 13:41:04.770,1781001664.771,MK8000,29,LOS,punct_interior,5,11,5,3.965,6.0,1.0,6.21,5.35,6.21,11.92,16.65,6.0,12.0,16.0,13.0,5.0,-63.0,-61.0,-61.0,-60.0,-83.0
2026-06-09 13:41:12.543,1781001672.544,MK8000,29,LOS,punct_interior,5,12,5,3.965,6.0,1.0,6.21,5.38,6.2,11.86,17.48,6.0,11.0,17.0,11.0,2.0,-62.0,-60.0,-61.0,-58.0,-82.0
2026-06-09 13:41:20.641,1781001680.642,MK8000,29,LOS,punct_interior,5,13,5,3.965,6.0,1.0,6.2,5.39,6.22,11.87,16.58,6.0,11.0,15.0,12.0,1.0,-63.0,-61.0,-62.0,-58.0,-84.0
2026-06-09 13:41:28.260,1781001688.261,MK8000,29,LOS,punct_interior,5,14,5,3.965,6.0,1.0,6.2,5.35,6.2,11.72,18.39,6.0,12.0,15.0,10.0,2.0,-63.0,-62.0,-61.0,-58.0,-83.0
2026-06-09 13:41:35.904,1781001695.905,MK8000,29,LOS,punct_interior,5,15,5,3.965,6.0,1.0,6.2,5.39,6.14,11.59,20.05,7.0,11.0,19.0,11.0,4.0,-62.0,-61.0,-61.0,-60.0,-81.0
2026-06-09 13:41:43.579,1781001703.579,MK8000,29,LOS,punct_interior,5,16,5,3.965,6.0,1.0,6.16,5.4,6.12,11.55,18.35,10.0,11.0,17.0,15.0,3.0,-63.0,-61.0,-61.0,-64.0,-85.0
2026-06-09 13:41:51.268,1781001711.268,MK8000,29,LOS,punct_interior,5,17,5,3.965,6.0,1.0,6.19,5.37,6.12,11.46,19.99,3.0,12.0,14.0,15.0,3.0,-60.0,-61.0,-58.0,-64.0,-81.0
2026-06-09 13:41:58.979,1781001718.98,MK8000,29,LOS,punct_interior,5,18,5,3.965,6.0,1.0,6.2,5.3,6.12,11.49,19.98,7.0,11.0,15.0,12.0,0.0,-63.0,-58.0,-58.0,-60.0,-82.0
2026-06-09 13:42:06.713,1781001726.714,MK8000,29,LOS,punct_interior,5,19,5,3.965,6.0,1.0,6.25,5.38,6.11,11.43,19.96,5.0,12.0,18.0,13.0,3.0,-63.0,-61.0,-61.0,-60.0,-80.0
2026-06-09 13:42:14.475,1781001734.476,MK8000,29,LOS,punct_interior,5,20,5,3.965,6.0,1.0,6.23,5.44,6.13,11.49,20.03,7.0,11.0,14.0,14.0,4.0,-63.0,-61.0,-61.0,-64.0,-82.0
2026-06-09 13:42:22.291,1781001742.292,MK8000,29,LOS,punct_interior,5,21,5,3.965,6.0,1.0,6.21,5.46,6.14,11.45,19.99,6.0,12.0,17.0,12.0,3.0,-63.0,-61.0,-61.0,-62.0,-81.0
2026-06-09 13:42:30.125,1781001750.125,MK8000,29,LOS,punct_interior,5,22,5,3.965,6.0,1.0,6.24,5.38,6.11,11.47,20.12,8.0,13.0,13.0,13.0,4.0,-63.0,-56.0,-58.0,-60.0,-81.0
2026-06-09 13:42:37.986,1781001757.987,MK8000,29,LOS,punct_interior,5,23,5,3.965,6.0,1.0,6.24,5.4,6.1,11.51,16.28,7.0,11.0,16.0,12.0,1.0,-62.0,-60.0,-60.0,-60.0,-80.0
2026-06-09 13:42:45.883,1781001765.884,MK8000,29,LOS,punct_interior,5,24,5,3.965,6.0,1.0,6.21,5.3,6.11,11.54,16.28,6.0,12.0,16.0,12.0,2.0,-63.0,-58.0,-61.0,-60.0,-82.0
2026-06-09 13:42:53.858,1781001773.859,MK8000,29,LOS,punct_interior,5,25,5,3.965,6.0,1.0,6.19,5.42,6.13,11.47,19.2,7.0,11.0,19.0,16.0,3.0,-65.0,-61.0,-61.0,-64.0,-82.0
2026-06-09 13:43:01.855,1781001781.856,MK8000,29,LOS,punct_interior,5,26,5,3.965,6.0,1.0,6.22,5.43,6.14,11.43,18.24,5.0,13.0,17.0,14.0,2.0,-62.0,-60.0,-62.0,-63.0,-83.0
2026-06-09 13:43:09.906,1781001789.907,MK8000,29,LOS,punct_interior,5,27,5,3.965,6.0,1.0,6.21,5.39,6.09,11.47,16.18,7.0,13.0,21.0,18.0,2.0,-62.0,-60.0,-61.0,-64.0,-82.0
2026-06-09 13:43:17.987,1781001797.988,MK8000,29,LOS,punct_interior,5,28,5,3.965,6.0,1.0,6.23,5.32,6.12,11.51,16.36,6.0,12.0,17.0,16.0,4.0,-63.0,-61.0,-62.0,-64.0,-81.0
2026-06-09 13:43:26.111,1781001806.111,MK8000,29,LOS,punct_interior,5,29,5,3.965,6.0,1.0,6.23,5.39,6.12,11.46,20.13,6.0,13.0,15.0,18.0,4.0,-62.0,-60.0,-62.0,-64.0,-83.0
2026-06-09 13:43:33.860,1781001813.861,MK8000,29,LOS,punct_interior,5,30,5,3.965,6.0,1.0,6.22,5.33,6.11,11.47,18.19,7.0,,,13.0,3.0,-63.0,,,-60.0,-85.0
2026-06-09 13:44:09.535,1781001849.536,MK8000,30,LOS,punct_interior,5,1,5,4.965,6.0,1.0,6.65,5.38,6.51,12.75,14.71,,,11.0,14.0,4.0,,,-58.0,-65.0,-84.0
2026-06-09 13:44:17.134,1781001857.135,MK8000,30,LOS,punct_interior,5,2,5,4.965,6.0,1.0,6.8,5.41,6.55,12.77,15.23,8.0,13.0,12.0,13.0,0.0,-63.0,-56.0,-56.0,-65.0,-80.0
2026-06-09 13:44:24.753,1781001864.754,MK8000,30,LOS,punct_interior,5,3,5,4.965,6.0,1.0,6.66,5.41,6.55,12.75,14.76,7.0,12.0,15.0,17.0,4.0,-63.0,-60.0,-62.0,-65.0,-83.0
2026-06-09 13:44:32.401,1781001872.401,MK8000,30,LOS,punct_interior,5,4,5,4.965,6.0,1.0,6.81,5.39,6.51,12.78,14.18,3.0,11.0,13.0,16.0,2.0,-60.0,-61.0,-61.0,-65.0,-83.0
2026-06-09 13:44:40.069,1781001880.07,MK8000,30,LOS,punct_interior,5,5,5,4.965,6.0,1.0,6.73,5.37,6.53,12.78,15.29,8.0,11.0,15.0,15.0,4.0,-63.0,-60.0,-62.0,-64.0,-82.0
2026-06-09 13:44:47.762,1781001887.762,MK8000,30,LOS,punct_interior,5,6,5,4.965,6.0,1.0,6.67,5.4,6.55,12.78,14.76,8.0,11.0,15.0,16.0,3.0,-63.0,-60.0,-62.0,-64.0,-84.0
2026-06-09 13:44:55.490,1781001895.49,MK8000,30,LOS,punct_interior,5,7,5,4.965,6.0,1.0,6.69,5.41,6.55,12.74,14.07,8.0,14.0,18.0,14.0,5.0,-63.0,-60.0,-61.0,-65.0,-83.0
2026-06-09 13:45:03.238,1781001903.238,MK8000,30,LOS,punct_interior,5,8,5,4.965,6.0,1.0,6.66,5.37,6.51,12.78,14.13,7.0,12.0,13.0,16.0,4.0,-63.0,-60.0,-58.0,-65.0,-83.0
2026-06-09 13:45:11.004,1781001911.005,MK8000,30,LOS,punct_interior,5,9,5,4.965,6.0,1.0,6.67,5.39,6.51,12.72,14.77,7.0,13.0,13.0,14.0,4.0,-63.0,-60.0,-58.0,-65.0,-83.0
2026-06-09 13:45:18.802,1781001918.802,MK8000,30,LOS,punct_interior,5,10,5,4.965,6.0,1.0,6.68,5.4,6.53,12.75,14.68,8.0,13.0,15.0,16.0,4.0,-62.0,-60.0,-56.0,-65.0,-82.0
2026-06-09 13:45:26.619,1781001926.62,MK8000,30,LOS,punct_interior,5,11,5,4.965,6.0,1.0,6.68,5.37,6.52,12.76,13.96,7.0,10.0,16.0,14.0,4.0,-62.0,-61.0,-62.0,-64.0,-81.0
2026-06-09 13:45:34.467,1781001934.468,MK8000,30,LOS,punct_interior,5,12,5,4.965,6.0,1.0,6.71,5.38,6.51,12.77,14.12,2.0,12.0,15.0,14.0,4.0,-58.0,-60.0,-61.0,-65.0,-83.0
2026-06-09 13:45:42.339,1781001942.34,MK8000,30,LOS,punct_interior,5,13,5,4.965,6.0,1.0,6.73,5.41,6.56,12.78,13.94,6.0,13.0,16.0,13.0,4.0,-61.0,-60.0,-60.0,-65.0,-83.0
2026-06-09 13:45:50.236,1781001950.237,MK8000,30,LOS,punct_interior,5,14,5,4.965,6.0,1.0,6.73,5.4,6.51,12.77,14.62,8.0,15.0,14.0,14.0,2.0,-62.0,-60.0,-56.0,-65.0,-81.0
2026-06-09 13:45:58.156,1781001958.157,MK8000,30,LOS,punct_interior,5,15,5,4.965,6.0,1.0,6.71,5.37,6.53,12.76,14.19,8.0,12.0,16.0,14.0,5.0,-62.0,-61.0,-61.0,-65.0,-82.0
2026-06-09 13:46:05.738,1781001965.738,MK8000,30,LOS,punct_interior,5,16,5,4.965,6.0,1.0,6.73,5.41,6.53,12.76,14.61,9.0,13.0,13.0,14.0,5.0,-61.0,-60.0,-56.0,-65.0,-82.0
2026-06-09 13:46:13.293,1781001973.294,MK8000,30,LOS,punct_interior,5,17,5,4.965,6.0,1.0,6.83,5.4,6.53,12.75,14.79,4.0,12.0,17.0,19.0,6.0,-58.0,-60.0,-56.0,-65.0,-84.0
2026-06-09 13:46:20.872,1781001980.872,MK8000,30,LOS,punct_interior,5,18,5,4.965,6.0,1.0,6.74,5.41,6.51,12.71,13.9,7.0,13.0,13.0,14.0,3.0,-62.0,-60.0,-56.0,-65.0,-81.0
2026-06-09 13:46:28.474,1781001988.474,MK8000,30,LOS,punct_interior,5,19,5,4.965,6.0,1.0,6.78,5.37,6.56,12.77,15.32,9.0,11.0,18.0,13.0,3.0,-62.0,-61.0,-61.0,-63.0,-83.0
2026-06-09 13:46:36.097,1781001996.097,MK8000,30,LOS,punct_interior,5,20,5,4.965,6.0,1.0,7.01,5.41,6.54,12.75,14.69,7.0,12.0,16.0,15.0,5.0,-60.0,-56.0,-61.0,-65.0,-83.0
2026-06-09 13:46:43.752,1781002003.753,MK8000,30,LOS,punct_interior,5,21,5,4.965,6.0,1.0,6.69,5.4,6.53,12.2,14.8,8.0,14.0,15.0,11.0,3.0,-61.0,-56.0,-61.0,-61.0,-83.0
2026-06-09 13:46:51.429,1781002011.429,MK8000,30,LOS,punct_interior,5,22,5,4.965,6.0,1.0,6.94,5.41,6.52,12.52,14.12,2.0,13.0,12.0,13.0,2.0,-58.0,-60.0,-56.0,-65.0,-83.0
2026-06-09 13:46:59.133,1781002019.134,MK8000,30,LOS,punct_interior,5,23,5,4.965,6.0,1.0,6.72,5.41,6.51,12.73,14.16,9.0,12.0,13.0,16.0,5.0,-62.0,-56.0,-58.0,-65.0,-84.0
2026-06-09 13:47:06.861,1781002026.861,MK8000,30,LOS,punct_interior,5,24,5,4.965,6.0,1.0,6.69,5.38,6.51,12.72,14.15,9.0,11.0,13.0,14.0,3.0,-62.0,-60.0,-58.0,-65.0,-83.0
2026-06-09 13:47:14.613,1781002034.614,MK8000,30,LOS,punct_interior,5,25,5,4.965,6.0,1.0,6.7,5.37,6.51,12.71,14.71,8.0,11.0,13.0,17.0,2.0,-63.0,-61.0,-56.0,-65.0,-84.0
2026-06-09 13:47:22.390,1781002042.39,MK8000,30,LOS,punct_interior,5,26,5,4.965,6.0,1.0,6.7,5.38,6.51,12.78,15.25,8.0,11.0,13.0,15.0,3.0,-63.0,-61.0,-56.0,-64.0,-84.0
2026-06-09 13:47:30.186,1781002050.187,MK8000,30,LOS,punct_interior,5,27,5,4.965,6.0,1.0,6.85,5.38,6.51,12.71,13.9,3.0,12.0,13.0,17.0,6.0,-60.0,-60.0,-56.0,-65.0,-83.0
2026-06-09 13:47:38.007,1781002058.008,MK8000,30,LOS,punct_interior,5,28,5,4.965,6.0,1.0,6.71,5.41,6.52,12.72,13.97,8.0,12.0,13.0,13.0,4.0,-62.0,-60.0,-58.0,-62.0,-84.0
2026-06-09 13:47:45.852,1781002065.852,MK8000,30,LOS,punct_interior,5,29,5,4.965,6.0,1.0,6.77,5.38,6.92,12.72,16.69,8.0,13.0,14.0,10.0,4.0,-62.0,-60.0,-60.0,-62.0,-85.0
2026-06-09 13:47:53.717,1781002073.717,MK8000,30,LOS,punct_interior,5,30,5,4.965,6.0,1.0,6.67,5.41,6.93,12.75,15.51,7.0,12.0,12.0,15.0,-1.0,-63.0,-56.0,-60.0,-66.0,-80.0
2026-06-09 13:49:08.038,1781002148.038,MK8000,32,LOS,punct_interior,5,1,4,1.965,7.0,1.0,6.78,7.25,4.91,11.43,,6.0,12.0,17.0,10.0,,-62.0,-61.0,-59.0,-61.0,
2026-06-09 13:49:16.582,1781002156.582,MK8000,32,LOS,punct_interior,5,2,5,1.965,7.0,1.0,6.66,7.22,4.61,11.8,14.95,1.0,11.0,18.0,10.0,6.0,-58.0,-61.0,-59.0,-62.0,-86.0
2026-06-09 13:49:24.622,1781002164.622,MK8000,32,LOS,punct_interior,5,3,5,1.965,7.0,1.0,6.65,7.27,4.55,11.96,14.91,4.0,12.0,16.0,10.0,8.0,-58.0,-61.0,-56.0,-66.0,-78.0
2026-06-09 13:49:32.707,1781002172.708,MK8000,32,LOS,punct_interior,5,4,5,1.965,7.0,1.0,6.64,7.27,4.57,11.8,14.9,6.0,12.0,18.0,8.0,5.0,-58.0,-62.0,-59.0,-62.0,-82.0
2026-06-09 13:49:40.837,1781002180.838,MK8000,32,LOS,punct_interior,5,5,5,1.965,7.0,1.0,6.6,7.2,4.62,11.74,14.88,2.0,12.0,17.0,11.0,5.0,-58.0,-61.0,-59.0,-66.0,-81.0
2026-06-09 13:49:48.592,1781002188.593,MK8000,32,LOS,punct_interior,5,6,5,1.965,7.0,1.0,6.66,7.21,4.6,11.64,14.9,5.0,,,8.0,4.0,-58.0,,,-62.0,-83.0
2026-06-09 13:49:57.095,1781002197.096,MK8000,32,LOS,punct_interior,5,7,4,1.965,7.0,1.0,6.62,7.21,4.71,11.67,,,12.0,18.0,13.0,,,-61.0,-59.0,-63.0,
2026-06-09 13:50:04.691,1781002204.692,MK8000,32,LOS,punct_interior,5,8,5,1.965,7.0,1.0,6.63,7.22,4.69,11.63,14.94,2.0,10.0,17.0,11.0,6.0,-58.0,-62.0,-59.0,-66.0,-82.0
2026-06-09 13:50:12.822,1781002212.822,MK8000,32,LOS,punct_interior,5,9,5,1.965,7.0,1.0,6.6,7.26,4.67,11.76,14.9,6.0,13.0,19.0,14.0,6.0,-62.0,-61.0,-59.0,-66.0,-83.0
2026-06-09 13:50:20.466,1781002220.466,MK8000,32,LOS,punct_interior,5,10,5,1.965,7.0,1.0,6.64,7.24,4.7,11.7,14.88,7.0,11.0,14.0,7.0,6.0,-62.0,-61.0,-54.0,-62.0,-82.0
2026-06-09 13:50:28.144,1781002228.145,MK8000,32,LOS,punct_interior,5,11,5,1.965,7.0,1.0,6.66,7.26,4.69,11.81,14.85,2.0,11.0,16.0,13.0,5.0,-58.0,-60.0,-59.0,-66.0,-82.0
2026-06-09 13:50:36.344,1781002236.344,MK8000,32,LOS,punct_interior,5,12,5,1.965,7.0,1.0,6.6,7.23,4.66,11.59,14.88,2.0,11.0,18.0,8.0,7.0,-58.0,-61.0,-58.0,-62.0,-80.0
2026-06-09 13:50:44.067,1781002244.068,MK8000,32,LOS,punct_interior,5,13,5,1.965,7.0,1.0,6.65,7.22,4.56,11.98,14.86,1.0,12.0,14.0,11.0,3.0,-58.0,-60.0,-56.0,-62.0,-82.0
2026-06-09 13:50:52.707,1781002252.708,MK8000,32,LOS,punct_interior,5,14,4,1.965,7.0,1.0,6.6,7.24,4.67,11.94,,5.0,12.0,15.0,8.0,,-58.0,-61.0,-56.0,-62.0,
2026-06-09 13:51:00.979,1781002260.979,MK8000,32,LOS,punct_interior,5,15,5,1.965,7.0,1.0,6.62,7.23,4.6,11.85,14.89,6.0,13.0,18.0,13.0,7.0,-62.0,-61.0,-59.0,-61.0,-85.0
2026-06-09 13:51:08.784,1781002268.784,MK8000,32,LOS,punct_interior,5,16,5,1.965,7.0,1.0,6.63,7.23,4.68,11.83,14.91,6.0,12.0,17.0,9.0,5.0,-58.0,-61.0,-59.0,-62.0,-83.0
2026-06-09 13:51:17.113,1781002277.114,MK8000,32,LOS,punct_interior,5,17,5,1.965,7.0,1.0,6.63,7.26,4.69,11.88,14.91,4.0,11.0,16.0,11.0,6.0,-57.0,-61.0,-58.0,-61.0,-83.0
2026-06-09 13:51:24.963,1781002284.964,MK8000,32,LOS,punct_interior,5,18,5,1.965,7.0,1.0,6.61,7.21,4.65,11.49,14.9,5.0,12.0,14.0,10.0,5.0,-61.0,-62.0,-54.0,-62.0,-83.0
2026-06-09 13:51:32.840,1781002292.841,MK8000,32,LOS,punct_interior,5,19,5,1.965,7.0,1.0,6.64,7.22,4.76,11.89,14.87,6.0,12.0,14.0,10.0,4.0,-61.0,-61.0,-56.0,-62.0,-83.0
2026-06-09 13:51:41.614,1781002301.614,MK8000,32,LOS,punct_interior,5,20,4,1.965,7.0,1.0,6.64,7.21,4.69,11.5,,2.0,12.0,17.0,11.0,,-58.0,-62.0,-59.0,-64.0,
2026-06-09 13:51:50.447,1781002310.447,MK8000,32,LOS,punct_interior,5,21,4,1.965,7.0,1.0,6.67,7.2,4.56,12.0,,5.0,14.0,15.0,9.0,,-58.0,-61.0,-56.0,-62.0,
2026-06-09 13:51:58.026,1781002318.027,MK8000,32,LOS,punct_interior,5,22,5,1.965,7.0,1.0,6.67,7.21,4.54,11.7,14.92,0.0,11.0,16.0,11.0,5.0,-58.0,-62.0,-56.0,-61.0,-83.0
2026-06-09 13:52:05.578,1781002325.578,MK8000,32,LOS,punct_interior,5,23,5,1.965,7.0,1.0,6.66,7.17,4.74,11.65,14.99,4.0,10.0,17.0,10.0,5.0,-58.0,-62.0,-59.0,-62.0,-79.0
2026-06-09 13:52:14.191,1781002334.192,MK8000,32,LOS,punct_interior,5,24,4,1.965,7.0,1.0,6.67,7.19,4.53,11.66,,6.0,10.0,18.0,10.0,,-62.0,-62.0,-59.0,-61.0,
2026-06-09 13:52:21.799,1781002341.799,MK8000,32,LOS,punct_interior,5,25,5,1.965,7.0,1.0,6.65,7.22,4.71,10.99,14.92,6.0,12.0,14.0,11.0,9.0,-63.0,-62.0,-54.0,-62.0,-84.0
2026-06-09 13:52:29.427,1781002349.427,MK8000,32,LOS,punct_interior,5,26,5,1.965,7.0,1.0,6.62,7.24,4.92,11.38,14.62,7.0,12.0,17.0,12.0,6.0,-62.0,-61.0,-58.0,-66.0,-81.0
2026-06-09 13:52:37.084,1781002357.085,MK8000,32,LOS,punct_interior,5,27,5,1.965,7.0,1.0,6.67,7.24,4.56,11.09,14.74,5.0,10.0,14.0,8.0,5.0,-62.0,-62.0,-56.0,-62.0,-82.0
2026-06-09 13:52:44.769,1781002364.77,MK8000,32,LOS,punct_interior,5,28,5,1.965,7.0,1.0,6.66,7.31,4.77,11.16,14.69,6.0,11.0,15.0,9.0,4.0,-63.0,-63.0,-56.0,-62.0,-81.0
2026-06-09 13:52:52.478,1781002372.478,MK8000,32,LOS,punct_interior,5,29,5,1.965,7.0,1.0,6.64,7.23,4.51,11.35,14.81,7.0,11.0,14.0,12.0,5.0,-61.0,-62.0,-56.0,-65.0,-81.0
2026-06-09 13:53:00.210,1781002380.211,MK8000,32,LOS,punct_interior,5,30,5,1.965,7.0,1.0,6.66,7.24,4.58,11.42,14.85,6.0,8.0,17.0,14.0,4.0,-61.0,-62.0,-59.0,-65.0,-81.0
2026-06-09 13:54:04.467,1781002444.468,MK8000,33,LOS,punct_interior,5,1,5,2.965,7.0,1.0,7.2,6.52,4.75,10.77,14.86,6.0,15.0,19.0,11.0,9.0,-62.0,-63.0,-58.0,-62.0,-80.0
2026-06-09 13:54:12.242,1781002452.243,MK8000,33,LOS,punct_interior,5,2,5,2.965,7.0,1.0,7.18,6.66,4.76,11.36,15.14,6.0,13.0,13.0,12.0,10.0,-62.0,-60.0,-54.0,-66.0,-80.0
2026-06-09 13:54:20.245,1781002460.245,MK8000,33,LOS,punct_interior,5,3,5,2.965,7.0,1.0,7.26,6.52,4.81,11.31,14.89,4.0,14.0,16.0,8.0,9.0,-59.0,-63.0,-58.0,-62.0,-80.0
2026-06-09 13:54:28.091,1781002468.091,MK8000,33,LOS,punct_interior,5,4,5,2.965,7.0,1.0,6.99,6.43,4.78,11.16,14.85,5.0,13.0,12.0,9.0,9.0,-60.0,-64.0,-54.0,-62.0,-80.0
2026-06-09 13:54:35.986,1781002475.986,MK8000,33,LOS,punct_interior,5,5,5,2.965,7.0,1.0,7.07,6.67,4.82,11.2,14.9,5.0,14.0,14.0,12.0,8.0,-59.0,-60.0,-58.0,-65.0,-80.0
2026-06-09 13:54:43.895,1781002483.896,MK8000,33,LOS,punct_interior,5,6,5,2.965,7.0,1.0,7.06,6.61,4.77,11.09,14.9,6.0,14.0,14.0,13.0,5.0,-60.0,-60.0,-58.0,-60.0,-82.0
2026-06-09 13:54:51.826,1781002491.827,MK8000,33,LOS,punct_interior,5,7,5,2.965,7.0,1.0,7.14,6.52,4.8,11.19,14.84,4.0,15.0,19.0,8.0,8.0,-62.0,-63.0,-57.0,-62.0,-81.0
2026-06-09 13:54:59.778,1781002499.779,MK8000,33,LOS,punct_interior,5,8,5,2.965,7.0,1.0,7.3,6.73,4.81,10.52,14.89,4.0,12.0,16.0,10.0,11.0,-62.0,-64.0,-58.0,-62.0,-79.0
2026-06-09 13:55:07.807,1781002507.807,MK8000,33,LOS,punct_interior,5,9,5,2.965,7.0,1.0,7.01,6.64,4.8,11.2,15.13,4.0,15.0,15.0,12.0,8.0,-62.0,-64.0,-56.0,-65.0,-79.0
2026-06-09 13:55:15.883,1781002515.883,MK8000,33,LOS,punct_interior,5,10,5,2.965,7.0,1.0,7.02,6.68,4.75,10.92,14.9,0.0,14.0,15.0,4.0,4.0,-62.0,-60.0,-58.0,-61.0,-81.0
2026-06-09 13:55:24.214,1781002524.215,MK8000,33,LOS,punct_interior,5,11,5,2.965,7.0,1.0,7.08,6.45,4.77,11.31,14.86,3.0,17.0,18.0,12.0,8.0,-62.0,-64.0,-58.0,-60.0,-80.0
2026-06-09 13:55:31.775,1781002531.775,MK8000,33,LOS,punct_interior,5,12,5,2.965,7.0,1.0,7.04,6.58,4.78,10.92,15.24,,,,5.0,6.0,,,,-59.0,-82.0
2026-06-09 13:55:39.358,1781002539.358,MK8000,33,LOS,punct_interior,5,13,5,2.965,7.0,1.0,6.92,6.88,4.79,10.9,15.3,6.0,14.0,14.0,11.0,7.0,-60.0,-60.0,-54.0,-62.0,-80.0
2026-06-09 13:55:46.968,1781002546.968,MK8000,33,LOS,punct_interior,5,14,5,2.965,7.0,1.0,7.04,6.55,4.77,11.19,14.91,5.0,14.0,16.0,9.0,9.0,-59.0,-64.0,-58.0,-64.0,-66.0
2026-06-09 13:55:54.603,1781002554.603,MK8000,33,LOS,punct_interior,5,15,5,2.965,7.0,1.0,7.02,6.48,4.77,10.99,15.04,5.0,11.0,17.0,8.0,9.0,-62.0,-61.0,-58.0,-62.0,-80.0
2026-06-09 13:56:02.254,1781002562.255,MK8000,33,LOS,punct_interior,5,16,5,2.965,7.0,1.0,6.96,6.54,4.78,11.13,15.0,3.0,15.0,16.0,10.0,9.0,-62.0,-63.0,-57.0,-65.0,-80.0
2026-06-09 13:56:09.933,1781002569.934,MK8000,33,LOS,punct_interior,5,17,5,2.965,7.0,1.0,6.89,6.53,4.8,11.28,14.96,5.0,13.0,14.0,12.0,6.0,-59.0,-62.0,-57.0,-65.0,-81.0
2026-06-09 13:56:17.636,1781002577.637,MK8000,33,LOS,punct_interior,5,18,5,2.965,7.0,1.0,7.0,6.76,4.77,11.41,15.06,4.0,15.0,18.0,10.0,4.0,-66.0,-63.0,-58.0,-65.0,-82.0
2026-06-09 13:56:25.370,1781002585.371,MK8000,33,LOS,punct_interior,5,19,5,2.965,7.0,1.0,6.98,6.59,4.76,11.3,14.89,5.0,12.0,14.0,10.0,9.0,-60.0,-63.0,-54.0,-62.0,-79.0
2026-06-09 13:56:33.128,1781002593.129,MK8000,33,LOS,punct_interior,5,20,5,2.965,7.0,1.0,6.99,6.49,4.8,10.99,14.94,5.0,12.0,18.0,7.0,7.0,-66.0,-61.0,-56.0,-62.0,-81.0
2026-06-09 13:56:40.910,1781002600.911,MK8000,33,LOS,punct_interior,5,21,5,2.965,7.0,1.0,7.02,6.54,4.77,11.24,14.91,3.0,11.0,13.0,9.0,6.0,-62.0,-60.0,-54.0,-62.0,-82.0
2026-06-09 13:56:48.720,1781002608.721,MK8000,33,LOS,punct_interior,5,22,5,2.965,7.0,1.0,7.08,6.64,4.79,11.05,14.92,6.0,13.0,15.0,6.0,10.0,-66.0,-64.0,-56.0,-62.0,-80.0
2026-06-09 13:56:56.552,1781002616.553,MK8000,33,LOS,punct_interior,5,23,5,2.965,7.0,1.0,7.01,6.59,4.77,10.57,14.89,4.0,12.0,16.0,8.0,9.0,-62.0,-62.0,-54.0,-62.0,-66.0
2026-06-09 13:57:04.411,1781002624.411,MK8000,33,LOS,punct_interior,5,24,5,2.965,7.0,1.0,7.0,6.55,4.77,11.02,15.16,5.0,8.0,14.0,6.0,9.0,-62.0,-60.0,-54.0,-59.0,-79.0
2026-06-09 13:57:12.293,1781002632.294,MK8000,33,LOS,punct_interior,5,25,5,2.965,7.0,1.0,7.04,6.6,4.81,10.88,14.89,0.0,14.0,13.0,9.0,9.0,-62.0,-60.0,-58.0,-64.0,-79.0
2026-06-09 13:57:20.203,1781002640.203,MK8000,33,LOS,punct_interior,5,26,5,2.965,7.0,1.0,7.04,6.54,4.78,11.39,14.87,4.0,13.0,16.0,9.0,8.0,-66.0,-63.0,-56.0,-62.0,-80.0
2026-06-09 13:57:28.133,1781002648.134,MK8000,33,LOS,punct_interior,5,27,5,2.965,7.0,1.0,7.01,6.72,4.77,11.44,15.21,4.0,12.0,15.0,13.0,8.0,-62.0,-64.0,-58.0,-66.0,-79.0
2026-06-09 13:57:35.725,1781002655.725,MK8000,33,LOS,punct_interior,5,28,5,2.965,7.0,1.0,7.05,6.51,4.76,11.35,15.22,0.0,13.0,12.0,12.0,8.0,-62.0,-61.0,-54.0,-64.0,-79.0
2026-06-09 13:57:43.289,1781002663.29,MK8000,33,LOS,punct_interior,5,29,5,2.965,7.0,1.0,7.23,6.57,4.79,11.3,15.33,5.0,13.0,16.0,13.0,5.0,-62.0,-63.0,-54.0,-65.0,-82.0
2026-06-09 13:57:50.879,1781002670.88,MK8000,33,LOS,punct_interior,5,30,5,2.965,7.0,1.0,7.02,6.52,4.77,11.19,14.9,3.0,12.0,17.0,11.0,8.0,-62.0,-61.0,-58.0,-65.0,-79.0
2026-06-09 13:58:27.819,1781002707.82,MK8000,34,LOS,punct_interior,5,1,5,3.965,7.0,1.0,7.1,6.47,5.35,10.81,13.74,7.0,12.0,15.0,15.0,6.0,-64.0,-62.0,-60.0,-61.0,-84.0
2026-06-09 13:58:35.445,1781002715.445,MK8000,34,LOS,punct_interior,5,2,5,3.965,7.0,1.0,7.11,6.47,5.32,10.61,14.87,5.0,9.0,15.0,14.0,0.0,-65.0,-58.0,-61.0,-61.0,-81.0
2026-06-09 13:58:43.096,1781002723.097,MK8000,34,LOS,punct_interior,5,3,5,3.965,7.0,1.0,7.04,6.53,4.99,10.23,13.72,2.0,14.0,22.0,11.0,7.0,-62.0,-63.0,-61.0,-60.0,-68.0
2026-06-09 13:58:50.781,1781002730.781,MK8000,34,LOS,punct_interior,5,4,5,3.965,7.0,1.0,7.09,6.52,5.07,10.46,13.84,0.0,11.0,16.0,12.0,8.0,-62.0,-62.0,-60.0,-58.0,-79.0
2026-06-09 13:58:58.493,1781002738.494,MK8000,34,LOS,punct_interior,5,5,5,3.965,7.0,1.0,7.09,6.53,4.97,10.31,13.74,0.0,11.0,15.0,13.0,6.0,-62.0,-63.0,-61.0,-60.0,-71.0
2026-06-09 13:59:06.232,1781002746.232,MK8000,34,LOS,punct_interior,5,6,5,3.965,7.0,1.0,7.1,6.53,5.0,10.13,13.72,0.0,14.0,14.0,15.0,8.0,-62.0,-61.0,-61.0,-62.0,-82.0
2026-06-09 13:59:13.995,1781002753.996,MK8000,34,LOS,punct_interior,5,7,5,3.965,7.0,1.0,7.07,6.54,4.98,10.44,13.77,6.0,13.0,12.0,15.0,7.0,-60.0,-63.0,-61.0,-62.0,-81.0
2026-06-09 13:59:21.784,1781002761.784,MK8000,34,LOS,punct_interior,5,8,5,3.965,7.0,1.0,7.11,6.52,4.95,10.31,13.73,0.0,13.0,15.0,16.0,6.0,-62.0,-63.0,-61.0,-61.0,-70.0
2026-06-09 13:59:29.594,1781002769.595,MK8000,34,LOS,punct_interior,5,9,5,3.965,7.0,1.0,7.11,6.53,4.96,10.28,13.68,9.0,12.0,16.0,13.0,8.0,-66.0,-63.0,-61.0,-61.0,-79.0
2026-06-09 13:59:37.439,1781002777.44,MK8000,34,LOS,punct_interior,5,10,5,3.965,7.0,1.0,7.08,6.54,4.94,10.32,13.78,4.0,7.0,14.0,15.0,5.0,-65.0,-58.0,-61.0,-58.0,-71.0
2026-06-09 13:59:45.335,1781002785.336,MK8000,34,LOS,punct_interior,5,11,5,3.965,7.0,1.0,7.09,6.53,4.9,10.21,13.82,1.0,12.0,15.0,15.0,7.0,-60.0,-63.0,-61.0,-61.0,-71.0
2026-06-09 13:59:53.280,1781002793.281,MK8000,34,LOS,punct_interior,5,12,5,3.965,7.0,1.0,7.1,6.54,4.96,10.32,13.68,4.0,14.0,11.0,14.0,6.0,-65.0,-62.0,-62.0,-61.0,-68.0
2026-06-09 14:00:01.224,1781002801.225,MK8000,34,LOS,punct_interior,5,13,5,3.965,7.0,1.0,7.11,6.52,4.94,10.16,13.76,6.0,13.0,15.0,15.0,6.0,-60.0,-63.0,-61.0,-62.0,-81.0
2026-06-09 14:00:09.265,1781002809.266,MK8000,34,LOS,punct_interior,5,14,5,3.965,7.0,1.0,7.11,6.5,4.94,10.45,13.78,3.0,13.0,15.0,14.0,7.0,-62.0,-63.0,-61.0,-61.0,-68.0
2026-06-09 14:00:17.342,1781002817.343,MK8000,34,LOS,punct_interior,5,15,5,3.965,7.0,1.0,7.05,6.5,4.99,10.25,13.7,5.0,13.0,17.0,14.0,9.0,-60.0,-63.0,-61.0,-61.0,-71.0
2026-06-09 14:00:25.658,1781002825.659,MK8000,34,LOS,punct_interior,5,16,5,3.965,7.0,1.0,7.08,6.55,4.99,10.25,13.71,7.0,13.0,15.0,16.0,9.0,-60.0,-63.0,-58.0,-60.0,-71.0
2026-06-09 14:00:33.391,1781002833.392,MK8000,34,LOS,punct_interior,5,17,5,3.965,7.0,1.0,7.09,6.51,4.97,10.29,13.7,5.0,,,13.0,8.0,-64.0,,,-62.0,-82.0
2026-06-09 14:00:40.950,1781002840.951,MK8000,34,LOS,punct_interior,5,18,5,3.965,7.0,1.0,7.1,6.52,4.97,10.27,13.75,,,,13.0,8.0,,,,-61.0,-81.0
2026-06-09 14:00:48.540,1781002848.541,MK8000,34,LOS,punct_interior,5,19,5,3.965,7.0,1.0,7.08,6.55,4.97,10.45,13.72,4.0,11.0,14.0,12.0,8.0,-65.0,-63.0,-58.0,-60.0,-81.0
2026-06-09 14:00:56.155,1781002856.156,MK8000,34,LOS,punct_interior,5,20,5,3.965,7.0,1.0,7.11,6.51,4.97,10.26,13.7,4.0,14.0,12.0,13.0,5.0,-60.0,-63.0,-58.0,-61.0,-68.0
2026-06-09 14:01:03.789,1781002863.789,MK8000,34,LOS,punct_interior,5,21,5,3.965,7.0,1.0,7.09,6.53,4.98,10.33,13.71,0.0,13.0,15.0,16.0,7.0,-62.0,-63.0,-60.0,-60.0,-71.0
2026-06-09 14:01:11.453,1781002871.454,MK8000,34,LOS,punct_interior,5,22,5,3.965,7.0,1.0,7.11,6.51,4.99,10.22,13.71,3.0,14.0,15.0,14.0,5.0,-65.0,-63.0,-61.0,-61.0,-70.0
2026-06-09 14:01:19.141,1781002879.142,MK8000,34,LOS,punct_interior,5,23,5,3.965,7.0,1.0,7.11,6.5,5.0,10.24,13.75,3.0,12.0,19.0,14.0,7.0,-62.0,-63.0,-61.0,-62.0,-81.0
2026-06-09 14:01:26.856,1781002886.857,MK8000,34,LOS,punct_interior,5,24,5,3.965,7.0,1.0,7.1,6.53,5.02,10.32,13.7,3.0,11.0,17.0,14.0,9.0,-65.0,-60.0,-61.0,-60.0,-66.0
2026-06-09 14:01:34.595,1781002894.596,MK8000,34,LOS,punct_interior,5,25,5,3.965,7.0,1.0,7.09,6.54,4.99,10.45,13.74,3.0,9.0,19.0,16.0,9.0,-62.0,-60.0,-60.0,-61.0,-71.0
2026-06-09 14:01:42.360,1781002902.36,MK8000,34,LOS,punct_interior,5,26,5,3.965,7.0,1.0,7.09,6.56,5.0,10.33,13.78,7.0,11.0,17.0,14.0,10.0,-60.0,-60.0,-61.0,-62.0,-82.0
2026-06-09 14:01:50.148,1781002910.149,MK8000,34,LOS,punct_interior,5,27,5,3.965,7.0,1.0,7.1,6.51,4.99,10.34,13.79,3.0,14.0,17.0,15.0,8.0,-62.0,-63.0,-61.0,-61.0,-67.0
2026-06-09 14:01:57.960,1781002917.96,MK8000,34,LOS,punct_interior,5,28,5,3.965,7.0,1.0,7.09,6.56,5.03,10.49,13.7,3.0,16.0,17.0,16.0,7.0,-66.0,-64.0,-60.0,-61.0,-81.0
2026-06-09 14:02:05.793,1781002925.794,MK8000,34,LOS,punct_interior,5,29,5,3.965,7.0,1.0,7.11,6.54,4.99,10.22,13.79,5.0,14.0,16.0,16.0,10.0,-60.0,-63.0,-61.0,-58.0,-82.0
2026-06-09 14:02:14.508,1781002934.509,MK8000,34,LOS,punct_interior,5,30,5,3.965,7.0,1.0,7.1,6.56,5.02,10.29,13.77,3.0,10.0,16.0,15.0,5.0,-65.0,-60.0,-61.0,-61.0,-70.0
2026-06-09 14:03:37.501,1781003017.501,MK8000,35,LOS,punct_interior,5,1,5,4.965,7.0,1.0,7.6,6.32,6.15,10.74,17.72,5.0,12.0,19.0,11.0,8.0,-60.0,-62.0,-61.0,-60.0,-83.0
2026-06-09 14:03:45.414,1781003025.415,MK8000,35,LOS,punct_interior,5,2,5,4.965,7.0,1.0,7.57,6.34,5.84,10.74,16.43,4.0,11.0,16.0,11.0,8.0,-64.0,-62.0,-60.0,-60.0,-83.0
2026-06-09 14:03:53.198,1781003033.199,MK8000,35,LOS,punct_interior,5,3,5,4.965,7.0,1.0,7.57,6.34,5.86,10.74,15.66,5.0,12.0,14.0,12.0,7.0,-65.0,-62.0,-61.0,-65.0,-83.0
2026-06-09 14:04:00.738,1781003040.738,MK8000,35,LOS,punct_interior,5,4,5,4.965,7.0,1.0,7.57,6.35,5.89,10.7,15.75,4.0,12.0,17.0,13.0,6.0,-64.0,-62.0,-61.0,-60.0,-82.0
2026-06-09 14:04:08.306,1781003048.307,MK8000,35,LOS,punct_interior,5,5,5,4.965,7.0,1.0,7.55,6.32,5.86,10.31,16.63,3.0,12.0,18.0,11.0,5.0,-65.0,-63.0,-60.0,-60.0,-81.0
2026-06-09 14:04:15.893,1781003055.893,MK8000,35,LOS,punct_interior,5,6,5,4.965,7.0,1.0,7.57,6.31,5.92,10.55,16.09,4.0,13.0,19.0,13.0,9.0,-65.0,-62.0,-60.0,-63.0,-83.0
2026-06-09 14:04:23.507,1781003063.507,MK8000,35,LOS,punct_interior,5,7,5,4.965,7.0,1.0,7.56,6.33,6.12,10.75,16.41,4.0,12.0,15.0,11.0,8.0,-64.0,-61.0,-61.0,-60.0,-83.0
2026-06-09 14:04:31.139,1781003071.14,MK8000,35,LOS,punct_interior,5,8,5,4.965,7.0,1.0,7.54,6.35,5.84,10.7,16.09,6.0,11.0,17.0,11.0,8.0,-65.0,-62.0,-60.0,-60.0,-83.0
2026-06-09 14:04:38.809,1781003078.81,MK8000,35,LOS,punct_interior,5,9,5,4.965,7.0,1.0,7.55,6.31,5.89,10.54,15.15,5.0,12.0,16.0,14.0,8.0,-60.0,-62.0,-61.0,-63.0,-83.0
2026-06-09 14:04:46.494,1781003086.494,MK8000,35,LOS,punct_interior,5,10,5,4.965,7.0,1.0,7.57,6.34,6.07,10.71,16.03,4.0,13.0,20.0,13.0,8.0,-62.0,-58.0,-60.0,-60.0,-83.0
2026-06-09 14:04:54.209,1781003094.209,MK8000,35,LOS,punct_interior,5,11,5,4.965,7.0,1.0,7.57,6.31,5.93,10.53,16.25,3.0,11.0,17.0,11.0,7.0,-65.0,-63.0,-60.0,-60.0,-80.0
2026-06-09 14:05:01.943,1781003101.944,MK8000,35,LOS,punct_interior,5,12,5,4.965,7.0,1.0,7.55,6.34,6.05,10.73,15.67,5.0,12.0,19.0,13.0,5.0,-65.0,-62.0,-60.0,-64.0,-81.0
2026-06-09 14:05:09.705,1781003109.706,MK8000,35,LOS,punct_interior,5,13,5,4.965,7.0,1.0,7.55,6.34,5.89,10.76,15.28,4.0,11.0,14.0,12.0,7.0,-65.0,-62.0,-61.0,-60.0,-84.0
2026-06-09 14:05:17.506,1781003117.506,MK8000,35,LOS,punct_interior,5,14,5,4.965,7.0,1.0,7.55,6.33,6.04,10.33,15.78,4.0,11.0,15.0,12.0,4.0,-65.0,-62.0,-61.0,-60.0,-81.0
2026-06-09 14:05:25.324,1781003125.325,MK8000,35,LOS,punct_interior,5,15,5,4.965,7.0,1.0,7.55,6.34,5.88,10.7,15.44,3.0,13.0,18.0,14.0,6.0,-65.0,-62.0,-60.0,-64.0,-81.0
2026-06-09 14:05:33.185,1781003133.186,MK8000,35,LOS,punct_interior,5,16,5,4.965,7.0,1.0,7.56,6.33,5.94,10.71,15.89,6.0,12.0,17.0,13.0,7.0,-60.0,-63.0,-60.0,-60.0,-83.0
2026-06-09 14:05:41.072,1781003141.073,MK8000,35,LOS,punct_interior,5,17,5,4.965,7.0,1.0,7.56,6.32,5.91,10.56,15.11,5.0,11.0,17.0,12.0,7.0,-65.0,-63.0,-60.0,-60.0,-84.0
2026-06-09 14:05:49.023,1781003149.024,MK8000,35,LOS,punct_interior,5,18,5,4.965,7.0,1.0,7.55,6.33,5.87,10.72,15.3,5.0,11.0,19.0,12.0,7.0,-64.0,-62.0,-60.0,-60.0,-84.0
2026-06-09 14:05:57.018,1781003157.019,MK8000,35,LOS,punct_interior,5,19,5,4.965,7.0,1.0,7.57,6.32,5.96,10.72,15.44,4.0,12.0,15.0,12.0,6.0,-65.0,-63.0,-60.0,-60.0,-82.0
2026-06-09 14:06:05.056,1781003165.056,MK8000,35,LOS,punct_interior,5,20,5,4.965,7.0,1.0,7.56,6.34,6.11,10.44,15.42,4.0,12.0,17.0,12.0,8.0,-65.0,-62.0,-61.0,-64.0,-83.0
2026-06-09 14:06:13.147,1781003173.147,MK8000,35,LOS,punct_interior,5,21,5,4.965,7.0,1.0,7.56,6.33,5.89,10.69,16.25,4.0,12.0,18.0,14.0,8.0,-62.0,-62.0,-60.0,-64.0,-83.0
2026-06-09 14:06:21.259,1781003181.26,MK8000,35,LOS,punct_interior,5,22,5,4.965,7.0,1.0,7.56,6.32,6.11,10.59,15.37,3.0,12.0,14.0,12.0,6.0,-62.0,-63.0,-61.0,-60.0,-82.0
2026-06-09 14:06:29.004,1781003189.005,MK8000,35,LOS,punct_interior,5,23,5,4.965,7.0,1.0,7.54,6.32,5.95,10.72,15.82,7.0,,,11.0,3.0,-64.0,,,-65.0,-65.0
2026-06-09 14:06:36.569,1781003196.57,MK8000,35,LOS,punct_interior,5,24,5,4.965,7.0,1.0,7.57,6.33,6.08,11.59,16.4,,,13.0,9.0,2.0,,,-62.0,-62.0,-82.0
2026-06-09 14:06:45.068,1781003205.069,MK8000,35,LOS,punct_interior,5,25,4,4.965,7.0,1.0,7.57,6.33,6.07,11.66,,2.0,10.0,13.0,7.0,,-62.0,-63.0,-61.0,-62.0,
2026-06-09 14:06:52.689,1781003212.69,MK8000,35,LOS,punct_interior,5,26,5,4.965,7.0,1.0,7.57,6.32,6.05,10.75,15.35,5.0,10.0,15.0,9.0,4.0,-65.0,-63.0,-62.0,-62.0,-82.0
2026-06-09 14:07:00.326,1781003220.326,MK8000,35,LOS,punct_interior,5,27,5,4.965,7.0,1.0,7.55,6.34,6.4,10.55,16.27,4.0,12.0,14.0,12.0,5.0,-65.0,-62.0,-61.0,-64.0,-83.0
2026-06-09 14:07:07.995,1781003227.996,MK8000,35,LOS,punct_interior,5,28,5,4.965,7.0,1.0,7.54,6.34,6.43,10.69,16.58,5.0,13.0,15.0,12.0,6.0,-64.0,-62.0,-61.0,-65.0,-82.0
2026-06-09 14:07:15.690,1781003235.691,MK8000,35,LOS,punct_interior,5,29,5,4.965,7.0,1.0,7.55,6.34,6.5,10.22,15.75,6.0,15.0,14.0,12.0,4.0,-60.0,-58.0,-61.0,-64.0,-81.0
2026-06-09 14:07:23.408,1781003243.409,MK8000,35,LOS,punct_interior,5,30,5,4.965,7.0,1.0,7.58,6.32,6.47,10.64,16.03,4.0,11.0,14.0,11.0,6.0,-60.0,-62.0,-61.0,-60.0,-83.0
2026-06-09 14:09:32.749,1781003372.75,MK8000,37,LOS,punct_interior,5,1,5,1.965,8.0,1.0,7.63,8.02,3.75,10.12,14.69,1.0,10.0,14.0,12.0,6.0,-60.0,-60.0,-54.0,-58.0,-66.0
2026-06-09 14:09:40.515,1781003380.515,MK8000,37,LOS,punct_interior,5,2,5,1.965,8.0,1.0,7.58,8.01,3.52,10.3,14.78,6.0,11.0,17.0,11.0,9.0,-60.0,-64.0,-58.0,-60.0,-81.0
2026-06-09 14:09:48.310,1781003388.311,MK8000,37,LOS,punct_interior,5,3,5,1.965,8.0,1.0,7.68,8.02,4.0,10.33,14.78,8.0,12.0,16.0,12.0,7.0,-60.0,-63.0,-58.0,-63.0,-69.0
2026-06-09 14:09:56.128,1781003396.129,MK8000,37,LOS,punct_interior,5,4,5,1.965,8.0,1.0,7.67,7.94,3.53,10.36,14.54,6.0,10.0,16.0,12.0,8.0,-60.0,-60.0,-59.0,-60.0,-80.0
2026-06-09 14:10:03.970,1781003403.971,MK8000,37,LOS,punct_interior,5,5,5,1.965,8.0,1.0,7.67,8.02,3.46,10.3,14.68,7.0,9.0,16.0,10.0,8.0,-64.0,-60.0,-59.0,-60.0,-81.0
2026-06-09 14:10:11.841,1781003411.841,MK8000,37,LOS,punct_interior,5,6,5,1.965,8.0,1.0,7.64,7.99,3.78,10.38,15.02,6.0,10.0,18.0,6.0,9.0,-63.0,-64.0,-58.0,-62.0,-81.0
2026-06-09 14:10:19.732,1781003419.733,MK8000,37,LOS,punct_interior,5,7,5,1.965,8.0,1.0,7.61,8.03,3.82,10.59,14.18,7.0,10.0,14.0,12.0,6.0,-63.0,-60.0,-54.0,-64.0,-81.0
2026-06-09 14:10:27.650,1781003427.651,MK8000,37,LOS,punct_interior,5,8,5,1.965,8.0,1.0,7.67,8.0,3.63,10.17,14.73,7.0,12.0,17.0,9.0,8.0,-60.0,-63.0,-59.0,-56.0,-80.0
2026-06-09 14:10:35.237,1781003435.238,MK8000,37,LOS,punct_interior,5,9,5,1.965,8.0,1.0,7.66,8.0,3.62,10.35,14.36,7.0,11.0,17.0,10.0,7.0,-63.0,-64.0,-58.0,-60.0,-66.0
2026-06-09 14:10:42.779,1781003442.78,MK8000,37,LOS,punct_interior,5,10,5,1.965,8.0,1.0,7.67,8.0,3.55,10.19,14.74,6.0,10.0,19.0,14.0,9.0,-60.0,-63.0,-59.0,-64.0,-81.0
2026-06-09 14:10:50.348,1781003450.348,MK8000,37,LOS,punct_interior,5,11,5,1.965,8.0,1.0,7.66,8.02,3.49,10.53,14.43,3.0,11.0,15.0,12.0,8.0,-60.0,-64.0,-54.0,-61.0,-81.0
2026-06-09 14:10:57.940,1781003457.941,MK8000,37,LOS,punct_interior,5,12,5,1.965,8.0,1.0,7.69,7.95,3.42,10.96,15.4,6.0,10.0,17.0,14.0,9.0,-60.0,-64.0,-59.0,-65.0,-80.0
2026-06-09 14:11:05.560,1781003465.56,MK8000,37,LOS,punct_interior,5,13,5,1.965,8.0,1.0,7.69,8.02,3.54,10.37,14.85,6.0,10.0,14.0,10.0,6.0,-64.0,-64.0,-54.0,-58.0,-79.0
2026-06-09 14:11:13.209,1781003473.21,MK8000,37,LOS,punct_interior,5,14,5,1.965,8.0,1.0,7.66,8.0,3.3,10.38,14.73,6.0,10.0,14.0,12.0,10.0,-60.0,-64.0,-54.0,-58.0,-81.0
2026-06-09 14:11:20.877,1781003480.878,MK8000,37,LOS,punct_interior,5,15,5,1.965,8.0,1.0,7.65,8.0,3.56,10.22,14.8,7.0,12.0,16.0,12.0,7.0,-63.0,-63.0,-56.0,-60.0,-66.0
2026-06-09 14:11:28.574,1781003488.575,MK8000,37,LOS,punct_interior,5,16,5,1.965,8.0,1.0,7.68,8.03,3.78,10.03,14.79,7.0,12.0,15.0,11.0,8.0,-60.0,-64.0,-59.0,-58.0,-80.0
2026-06-09 14:11:36.944,1781003496.944,MK8000,37,LOS,punct_interior,5,17,5,1.965,8.0,1.0,7.67,8.02,3.48,10.62,14.8,8.0,12.0,14.0,9.0,8.0,-63.0,-63.0,-54.0,-60.0,-80.0
2026-06-09 14:11:44.691,1781003504.691,MK8000,37,LOS,punct_interior,5,18,5,1.965,8.0,1.0,7.66,8.1,3.67,10.22,14.84,6.0,13.0,16.0,13.0,8.0,-60.0,-63.0,-58.0,-60.0,-80.0
2026-06-09 14:11:52.460,1781003512.46,MK8000,37,LOS,punct_interior,5,19,5,1.965,8.0,1.0,7.66,7.98,3.71,10.22,14.88,5.0,12.0,15.0,13.0,7.0,-64.0,-64.0,-54.0,-60.0,-80.0
2026-06-09 14:12:00.256,1781003520.257,MK8000,37,LOS,punct_interior,5,20,5,1.965,8.0,1.0,7.66,8.0,3.68,10.3,14.79,5.0,13.0,12.0,12.0,8.0,-63.0,-64.0,-54.0,-60.0,-80.0
2026-06-09 14:12:08.087,1781003528.087,MK8000,37,LOS,punct_interior,5,21,5,1.965,8.0,1.0,7.65,7.99,3.65,10.24,14.76,7.0,11.0,16.0,13.0,9.0,-63.0,-64.0,-58.0,-60.0,-81.0
2026-06-09 14:12:15.952,1781003535.953,MK8000,37,LOS,punct_interior,5,22,5,1.965,8.0,1.0,7.73,8.05,3.64,10.37,14.62,3.0,12.0,16.0,15.0,10.0,-60.0,-63.0,-58.0,-63.0,-79.0
2026-06-09 14:12:23.845,1781003543.845,MK8000,37,LOS,punct_interior,5,23,5,1.965,8.0,1.0,7.66,8.02,3.83,10.09,14.57,7.0,11.0,17.0,12.0,10.0,-63.0,-60.0,-59.0,-60.0,-80.0
2026-06-09 14:12:31.795,1781003551.796,MK8000,37,LOS,punct_interior,5,24,5,1.965,8.0,1.0,7.67,8.02,3.95,10.25,14.41,8.0,14.0,18.0,13.0,7.0,-63.0,-64.0,-59.0,-63.0,-66.0
2026-06-09 14:12:39.976,1781003559.976,MK8000,37,LOS,punct_interior,5,25,5,1.965,8.0,1.0,7.67,8.01,3.78,10.26,14.81,7.0,11.0,16.0,10.0,10.0,-64.0,-64.0,-59.0,-65.0,-69.0
2026-06-09 14:12:48.013,1781003568.014,MK8000,37,LOS,punct_interior,5,26,5,1.965,8.0,1.0,7.67,8.01,3.83,10.37,14.46,6.0,14.0,14.0,12.0,8.0,-60.0,-64.0,-59.0,-64.0,-69.0
2026-06-09 14:12:56.101,1781003576.102,MK8000,37,LOS,punct_interior,5,27,5,1.965,8.0,1.0,7.65,8.04,3.91,10.26,14.76,9.0,12.0,16.0,11.0,8.0,-63.0,-64.0,-60.0,-60.0,-81.0
2026-06-09 14:13:04.219,1781003584.22,MK8000,37,LOS,punct_interior,5,28,5,1.965,8.0,1.0,7.64,8.01,3.78,10.34,14.73,7.0,12.0,15.0,11.0,8.0,-63.0,-64.0,-56.0,-60.0,-69.0
2026-06-09 14:13:11.963,1781003591.963,MK8000,37,LOS,punct_interior,5,29,5,1.965,8.0,1.0,7.66,8.01,3.86,10.44,14.78,3.0,,,14.0,9.0,-60.0,,,-64.0,-80.0
2026-06-09 14:13:19.538,1781003599.538,MK8000,37,LOS,punct_interior,5,30,5,1.965,8.0,1.0,7.64,8.03,3.93,10.37,14.81,,,17.0,11.0,10.0,,,-60.0,-60.0,-69.0
2026-06-09 14:13:44.922,1781003624.922,MK8000,38,LOS,punct_interior,5,1,5,2.965,8.0,1.0,7.8,7.81,3.68,10.06,14.39,5.0,12.0,12.0,16.0,7.0,-65.0,-64.0,-58.0,-61.0,-66.0
2026-06-09 14:13:52.546,1781003632.547,MK8000,38,LOS,punct_interior,5,2,5,2.965,8.0,1.0,7.84,7.57,4.04,9.72,14.37,3.0,7.0,16.0,16.0,8.0,-64.0,-60.0,-61.0,-63.0,-81.0
2026-06-09 14:14:00.189,1781003640.189,MK8000,38,LOS,punct_interior,5,3,5,2.965,8.0,1.0,7.9,7.72,3.91,9.92,14.42,0.0,11.0,15.0,13.0,8.0,-62.0,-64.0,-56.0,-62.0,-80.0
2026-06-09 14:14:07.862,1781003647.862,MK8000,38,LOS,punct_interior,5,4,5,2.965,8.0,1.0,7.93,7.67,3.84,9.85,14.32,0.0,8.0,15.0,10.0,7.0,-62.0,-60.0,-62.0,-58.0,-80.0
2026-06-09 14:14:15.555,1781003655.555,MK8000,38,LOS,punct_interior,5,5,5,2.965,8.0,1.0,7.79,7.64,3.84,10.01,14.29,5.0,8.0,16.0,14.0,9.0,-60.0,-60.0,-61.0,-62.0,-81.0
2026-06-09 14:14:23.274,1781003663.275,MK8000,38,LOS,punct_interior,5,6,5,2.965,8.0,1.0,7.88,7.5,3.95,9.95,14.37,4.0,8.0,15.0,13.0,5.0,-60.0,-60.0,-61.0,-61.0,-80.0
2026-06-09 14:14:31.017,1781003671.018,MK8000,38,LOS,punct_interior,5,7,5,2.965,8.0,1.0,7.8,7.57,3.76,9.73,13.88,1.0,9.0,14.0,16.0,9.0,-61.0,-60.0,-61.0,-58.0,-81.0
2026-06-09 14:14:39.289,1781003679.289,MK8000,38,LOS,punct_interior,5,8,5,2.965,8.0,1.0,7.81,7.52,3.88,10.71,14.92,4.0,14.0,17.0,11.0,2.0,-65.0,-65.0,-60.0,-58.0,-82.0
2026-06-09 14:14:47.287,1781003687.287,MK8000,38,LOS,punct_interior,5,9,5,2.965,8.0,1.0,8.24,7.49,3.93,11.18,14.55,5.0,11.0,22.0,12.0,1.0,-60.0,-65.0,-60.0,-60.0,-83.0
2026-06-09 14:14:55.110,1781003695.111,MK8000,38,LOS,punct_interior,5,10,5,2.965,8.0,1.0,7.97,7.51,3.94,10.07,14.46,4.0,11.0,16.0,12.0,7.0,-60.0,-64.0,-60.0,-60.0,-84.0
2026-06-09 14:15:02.956,1781003702.957,MK8000,38,LOS,punct_interior,5,11,5,2.965,8.0,1.0,7.93,7.45,4.1,11.25,14.63,0.0,17.0,16.0,12.0,7.0,-62.0,-64.0,-61.0,-60.0,-83.0
2026-06-09 14:15:10.819,1781003710.819,MK8000,38,LOS,punct_interior,5,12,5,2.965,8.0,1.0,7.9,7.77,4.06,11.28,14.62,6.0,8.0,18.0,11.0,8.0,-64.0,-60.0,-59.0,-63.0,-83.0
2026-06-09 14:15:18.716,1781003718.717,MK8000,38,LOS,punct_interior,5,13,5,2.965,8.0,1.0,7.94,7.51,3.91,11.17,14.59,7.0,13.0,14.0,13.0,6.0,-60.0,-65.0,-59.0,-60.0,-83.0
2026-06-09 14:15:26.637,1781003726.638,MK8000,38,LOS,punct_interior,5,14,5,2.965,8.0,1.0,7.96,7.58,3.88,10.61,14.51,0.0,10.0,18.0,13.0,5.0,-62.0,-64.0,-61.0,-60.0,-81.0
2026-06-09 14:15:34.219,1781003734.219,MK8000,38,LOS,punct_interior,5,15,5,2.965,8.0,1.0,7.82,7.55,3.89,9.74,14.41,0.0,12.0,16.0,14.0,7.0,-62.0,-64.0,-61.0,-58.0,-80.0
2026-06-09 14:15:41.769,1781003741.77,MK8000,38,LOS,punct_interior,5,16,5,2.965,8.0,1.0,7.9,7.69,3.98,10.11,14.46,3.0,13.0,14.0,13.0,6.0,-65.0,-65.0,-58.0,-56.0,-80.0
2026-06-09 14:15:49.348,1781003749.349,MK8000,38,LOS,punct_interior,5,17,5,2.965,8.0,1.0,7.75,7.78,4.01,10.04,14.41,5.0,10.0,15.0,13.0,9.0,-66.0,-66.0,-60.0,-59.0,-80.0
2026-06-09 14:15:56.953,1781003756.954,MK8000,38,LOS,punct_interior,5,18,5,2.965,8.0,1.0,7.87,7.42,3.94,9.75,14.37,5.0,12.0,18.0,13.0,6.0,-62.0,-66.0,-59.0,-56.0,-80.0
2026-06-09 14:16:04.583,1781003764.583,MK8000,38,LOS,punct_interior,5,19,5,2.965,8.0,1.0,7.89,7.48,3.95,9.92,14.16,2.0,12.0,15.0,15.0,6.0,-62.0,-65.0,-56.0,-58.0,-81.0
2026-06-09 14:16:12.237,1781003772.238,MK8000,38,LOS,punct_interior,5,20,5,2.965,8.0,1.0,7.82,7.29,3.98,9.78,14.07,3.0,11.0,16.0,15.0,7.0,-66.0,-65.0,-60.0,-60.0,-82.0
2026-06-09 14:16:19.914,1781003779.915,MK8000,38,LOS,punct_interior,5,21,5,2.965,8.0,1.0,7.97,7.64,4.02,9.58,14.39,6.0,11.0,14.0,12.0,7.0,-66.0,-63.0,-61.0,-61.0,-79.0
2026-06-09 14:16:27.805,1781003787.806,MK8000,38,LOS,punct_interior,5,22,5,2.965,8.0,1.0,7.72,7.5,4.03,9.82,14.45,0.0,11.0,16.0,12.0,6.0,-62.0,-64.0,-61.0,-56.0,-80.0
2026-06-09 14:16:35.534,1781003795.535,MK8000,38,LOS,punct_interior,5,23,5,2.965,8.0,1.0,7.8,7.73,3.87,9.85,14.42,3.0,12.0,14.0,13.0,8.0,-62.0,-64.0,-61.0,-56.0,-80.0
2026-06-09 14:16:43.489,1781003803.489,MK8000,38,LOS,punct_interior,5,24,5,2.965,8.0,1.0,7.91,7.49,3.88,9.89,14.11,6.0,12.0,14.0,13.0,7.0,-62.0,-63.0,-56.0,-58.0,-66.0
2026-06-09 14:16:51.260,1781003811.26,MK8000,38,LOS,punct_interior,5,25,5,2.965,8.0,1.0,7.88,7.56,4.07,9.9,14.37,4.0,10.0,18.0,14.0,7.0,-62.0,-65.0,-59.0,-59.0,-66.0
2026-06-09 14:16:59.058,1781003819.058,MK8000,38,LOS,punct_interior,5,26,5,2.965,8.0,1.0,7.87,8.59,3.9,9.9,14.43,1.0,10.0,19.0,14.0,9.0,-60.0,-64.0,-61.0,-56.0,-81.0
2026-06-09 14:17:06.904,1781003826.905,MK8000,38,LOS,punct_interior,5,27,5,2.965,8.0,1.0,7.91,8.4,3.91,9.83,14.45,4.0,8.0,17.0,13.0,7.0,-60.0,-64.0,-60.0,-54.0,-66.0
2026-06-09 14:17:14.771,1781003834.771,MK8000,38,LOS,punct_interior,5,28,5,2.965,8.0,1.0,7.92,8.48,3.86,9.99,14.39,3.0,8.0,15.0,13.0,6.0,-62.0,-64.0,-56.0,-61.0,-66.0
2026-06-09 14:17:22.712,1781003842.713,MK8000,38,LOS,punct_interior,5,29,5,2.965,8.0,1.0,7.86,7.62,3.95,9.94,14.45,3.0,12.0,16.0,14.0,8.0,-65.0,-65.0,-56.0,-56.0,-82.0
2026-06-09 14:17:30.654,1781003850.654,MK8000,38,LOS,punct_interior,5,30,5,2.965,8.0,1.0,7.87,7.64,3.91,10.02,14.46,0.0,9.0,17.0,16.0,7.0,-62.0,-64.0,-63.0,-56.0,-79.0
2026-06-09 14:19:20.330,1781003960.33,MK8000,39,LOS,punct_interior,5,1,5,3.965,8.0,1.0,8.09,7.44,4.22,9.78,16.11,0.0,14.0,13.0,16.0,3.0,-64.0,-63.0,-60.0,-62.0,-85.0
2026-06-09 14:19:28.889,1781003968.89,MK8000,39,LOS,punct_interior,5,2,5,3.965,8.0,1.0,7.96,7.44,4.22,9.73,15.93,5.0,13.0,12.0,14.0,4.0,-66.0,-63.0,-61.0,-61.0,-86.0
2026-06-09 14:19:36.987,1781003976.988,MK8000,39,LOS,punct_interior,5,3,5,3.965,8.0,1.0,7.92,7.37,4.22,9.4,13.98,5.0,12.0,15.0,13.0,5.0,-67.0,-63.0,-58.0,-61.0,-84.0
2026-06-09 14:19:45.119,1781003985.119,MK8000,39,LOS,punct_interior,5,4,5,3.965,8.0,1.0,8.28,7.4,4.67,9.25,13.55,4.0,11.0,12.0,12.0,3.0,-64.0,-62.0,-60.0,-58.0,-83.0
2026-06-09 14:19:52.674,1781003992.674,MK8000,39,LOS,punct_interior,5,5,5,3.965,8.0,1.0,7.96,7.44,4.13,9.66,14.87,,,,16.0,2.0,,,,-60.0,-85.0
2026-06-09 14:20:00.252,1781004000.253,MK8000,39,LOS,punct_interior,5,6,5,3.965,8.0,1.0,7.93,7.41,4.15,9.83,13.13,5.0,11.0,14.0,14.0,1.0,-62.0,-62.0,-58.0,-56.0,-82.0
2026-06-09 14:20:07.851,1781004007.852,MK8000,39,LOS,punct_interior,5,7,5,3.965,8.0,1.0,8.44,7.45,4.12,9.77,12.88,2.0,12.0,15.0,12.0,3.0,-60.0,-62.0,-56.0,-66.0,-84.0
2026-06-09 14:20:15.481,1781004015.482,MK8000,39,LOS,punct_interior,5,8,5,3.965,8.0,1.0,8.04,7.44,4.17,9.96,13.25,4.0,11.0,13.0,13.0,3.0,-60.0,-62.0,-58.0,-62.0,-82.0
2026-06-09 14:20:23.137,1781004023.137,MK8000,39,LOS,punct_interior,5,9,5,3.965,8.0,1.0,7.87,7.39,4.08,10.11,13.22,6.0,11.0,12.0,14.0,5.0,-61.0,-62.0,-58.0,-63.0,-85.0
2026-06-09 14:20:30.814,1781004030.815,MK8000,39,LOS,punct_interior,5,10,5,3.965,8.0,1.0,8.12,7.39,4.21,9.76,15.14,2.0,13.0,13.0,12.0,1.0,-62.0,-63.0,-61.0,-63.0,-83.0
2026-06-09 14:20:38.513,1781004038.514,MK8000,39,LOS,punct_interior,5,11,5,3.965,8.0,1.0,8.16,7.42,4.23,9.67,14.99,1.0,12.0,14.0,16.0,4.0,-60.0,-62.0,-61.0,-64.0,-85.0
2026-06-09 14:20:46.241,1781004046.241,MK8000,39,LOS,punct_interior,5,12,5,3.965,8.0,1.0,7.72,7.37,4.23,9.8,15.29,5.0,12.0,17.0,16.0,6.0,-62.0,-63.0,-61.0,-65.0,-83.0
2026-06-09 14:20:53.997,1781004053.997,MK8000,39,LOS,punct_interior,5,13,5,3.965,8.0,1.0,7.95,7.36,4.23,10.42,13.68,5.0,11.0,17.0,14.0,3.0,-61.0,-63.0,-60.0,-65.0,-85.0
2026-06-09 14:21:01.768,1781004061.768,MK8000,39,LOS,punct_interior,5,14,5,3.965,8.0,1.0,7.97,7.42,4.08,10.13,13.23,6.0,14.0,12.0,12.0,2.0,-64.0,-63.0,-58.0,-64.0,-85.0
2026-06-09 14:21:09.572,1781004069.573,MK8000,39,LOS,punct_interior,5,15,5,3.965,8.0,1.0,8.08,7.46,4.12,10.17,13.52,0.0,12.0,13.0,15.0,3.0,-62.0,-63.0,-59.0,-63.0,-85.0
2026-06-09 14:21:17.400,1781004077.401,MK8000,39,LOS,punct_interior,5,16,5,3.965,8.0,1.0,7.82,7.44,4.13,10.14,13.62,2.0,12.0,11.0,11.0,4.0,-64.0,-62.0,-58.0,-60.0,-83.0
2026-06-09 14:21:25.254,1781004085.254,MK8000,39,LOS,punct_interior,5,17,5,3.965,8.0,1.0,8.09,7.44,4.16,9.77,13.08,3.0,10.0,15.0,13.0,4.0,-62.0,-61.0,-61.0,-64.0,-83.0
2026-06-09 14:21:33.130,1781004093.13,MK8000,39,LOS,punct_interior,5,18,5,3.965,8.0,1.0,7.82,7.42,4.21,10.0,14.01,2.0,13.0,14.0,12.0,3.0,-62.0,-63.0,-61.0,-60.0,-84.0
2026-06-09 14:21:41.533,1781004101.534,MK8000,39,LOS,punct_interior,5,19,5,3.965,8.0,1.0,7.95,7.4,4.14,9.89,13.96,4.0,11.0,15.0,10.0,3.0,-66.0,-63.0,-61.0,-64.0,-84.0
2026-06-09 14:21:49.956,1781004109.957,MK8000,39,LOS,punct_interior,5,20,5,3.965,8.0,1.0,7.78,7.42,4.07,9.79,15.05,3.0,11.0,12.0,12.0,2.0,-64.0,-63.0,-58.0,-64.0,-83.0
2026-06-09 14:21:58.597,1781004118.597,MK8000,39,LOS,punct_interior,5,21,4,3.965,8.0,1.0,7.89,7.42,4.08,9.76,,-1.0,11.0,10.0,13.0,,-62.0,-63.0,-58.0,-60.0,
2026-06-09 14:22:06.154,1781004126.154,MK8000,39,LOS,punct_interior,5,22,5,3.965,8.0,1.0,8.18,7.41,4.07,9.75,17.35,4.0,12.0,10.0,13.0,2.0,-62.0,-62.0,-58.0,-60.0,-85.0
2026-06-09 14:22:14.232,1781004134.233,MK8000,39,LOS,punct_interior,5,23,5,3.965,8.0,1.0,8.05,7.46,3.98,9.89,17.27,2.0,12.0,12.0,12.0,0.0,-65.0,-63.0,-58.0,-60.0,-85.0
2026-06-09 14:22:22.337,1781004142.338,MK8000,39,LOS,punct_interior,5,24,5,3.965,8.0,1.0,8.03,7.43,3.99,9.82,13.63,4.0,11.0,12.0,12.0,-2.0,-62.0,-63.0,-61.0,-60.0,-81.0
2026-06-09 14:22:29.968,1781004149.968,MK8000,39,LOS,punct_interior,5,25,5,3.965,8.0,1.0,7.9,7.43,4.05,9.9,15.14,4.0,10.0,14.0,15.0,2.0,-64.0,-63.0,-56.0,-60.0,-82.0
2026-06-09 14:22:38.122,1781004158.123,MK8000,39,LOS,punct_interior,5,26,5,3.965,8.0,1.0,7.9,7.46,4.04,9.84,13.01,5.0,13.0,14.0,13.0,3.0,-62.0,-62.0,-61.0,-63.0,-84.0
2026-06-09 14:22:45.803,1781004165.803,MK8000,39,LOS,punct_interior,5,27,5,3.965,8.0,1.0,8.18,7.45,4.17,9.69,13.1,3.0,11.0,15.0,11.0,3.0,-62.0,-64.0,-56.0,-62.0,-83.0
2026-06-09 14:22:53.511,1781004173.512,MK8000,39,LOS,punct_interior,5,28,5,3.965,8.0,1.0,8.22,7.55,4.07,9.82,16.2,7.0,14.0,15.0,14.0,0.0,-60.0,-62.0,-62.0,-60.0,-85.0
2026-06-09 14:23:01.236,1781004181.237,MK8000,39,LOS,punct_interior,5,29,5,3.965,8.0,1.0,8.1,7.47,4.13,9.8,13.61,8.0,14.0,15.0,16.0,3.0,-63.0,-62.0,-61.0,-64.0,-79.0
2026-06-09 14:23:09.982,1781004189.983,MK8000,39,LOS,punct_interior,5,30,4,3.965,8.0,1.0,7.74,7.37,4.09,9.8,,0.0,11.0,11.0,13.0,,-62.0,-62.0,-58.0,-64.0,
2026-06-09 14:36:11.301,1781004971.302,MK8000,40,LOS,punct_interior,5,1,5,4.965,8.0,1.0,8.95,7.39,5.3,9.52,13.23,9.0,12.0,17.0,15.0,4.0,-63.0,-63.0,-57.0,-64.0,-81.0
2026-06-09 14:36:19.096,1781004979.097,MK8000,40,LOS,punct_interior,5,2,5,4.965,8.0,1.0,8.9,7.39,5.3,9.55,14.08,7.0,11.0,17.0,15.0,4.0,-63.0,-63.0,-58.0,-63.0,-83.0
2026-06-09 14:36:26.915,1781004986.916,MK8000,40,LOS,punct_interior,5,3,5,4.965,8.0,1.0,8.93,7.36,5.21,9.53,13.78,6.0,13.0,17.0,13.0,4.0,-58.0,-58.0,-58.0,-63.0,-82.0
2026-06-09 14:36:34.760,1781004994.761,MK8000,40,LOS,punct_interior,5,4,5,4.965,8.0,1.0,8.5,7.37,5.17,9.56,13.39,6.0,13.0,17.0,15.0,3.0,-60.0,-62.0,-58.0,-62.0,-81.0
2026-06-09 14:36:42.628,1781005002.629,MK8000,40,LOS,punct_interior,5,5,5,4.965,8.0,1.0,8.83,7.39,5.2,9.54,13.08,8.0,12.0,17.0,14.0,4.0,-63.0,-63.0,-58.0,-63.0,-80.0
2026-06-09 14:36:50.541,1781005010.542,MK8000,40,LOS,punct_interior,5,6,5,4.965,8.0,1.0,8.99,7.34,5.28,10.73,13.23,8.0,15.0,19.0,16.0,2.0,-63.0,-63.0,-58.0,-63.0,-81.0
2026-06-09 14:36:58.520,1781005018.521,MK8000,40,LOS,punct_interior,5,7,5,4.965,8.0,1.0,8.2,7.34,5.08,9.58,13.45,4.0,14.0,16.0,17.0,4.0,-65.0,-63.0,-57.0,-63.0,-84.0
2026-06-09 14:37:06.598,1781005026.599,MK8000,40,LOS,punct_interior,5,8,5,4.965,8.0,1.0,8.1,7.34,5.6,11.06,14.3,4.0,16.0,17.0,10.0,3.0,-66.0,-61.0,-62.0,-65.0,-83.0
2026-06-09 14:37:14.696,1781005034.696,MK8000,40,LOS,punct_interior,5,9,5,4.965,8.0,1.0,8.28,7.34,5.44,10.98,15.61,5.0,14.0,16.0,8.0,0.0,-63.0,-64.0,-62.0,-62.0,-85.0
2026-06-09 14:37:23.332,1781005043.333,MK8000,40,LOS,punct_interior,5,10,5,4.965,8.0,1.0,8.46,7.34,5.43,9.62,13.06,8.0,13.0,17.0,16.0,3.0,-64.0,-63.0,-60.0,-64.0,-83.0
2026-06-09 14:37:30.894,1781005050.895,MK8000,40,LOS,punct_interior,5,11,5,4.965,8.0,1.0,8.5,7.38,5.25,10.92,13.38,,,,15.0,4.0,,,,-66.0,-83.0
2026-06-09 14:37:38.479,1781005058.48,MK8000,40,LOS,punct_interior,5,12,5,4.965,8.0,1.0,8.19,7.37,5.08,10.93,15.28,5.0,14.0,13.0,11.0,-1.0,-65.0,-62.0,-59.0,-60.0,-85.0
2026-06-09 14:37:46.990,1781005066.991,MK8000,40,LOS,punct_interior,5,13,4,4.965,8.0,1.0,8.35,7.36,5.18,10.99,,4.0,11.0,16.0,13.0,,-65.0,-67.0,-61.0,-62.0,
2026-06-09 14:37:55.562,1781005075.563,MK8000,40,LOS,punct_interior,5,14,4,4.965,8.0,1.0,8.39,7.41,5.05,10.97,,3.0,14.0,17.0,9.0,,-66.0,-60.0,-61.0,-62.0,
2026-06-09 14:38:03.220,1781005083.22,MK8000,40,LOS,punct_interior,5,15,5,4.965,8.0,1.0,8.2,7.39,5.2,9.84,13.57,7.0,14.0,17.0,13.0,4.0,-62.0,-63.0,-58.0,-63.0,-80.0
2026-06-09 14:38:10.904,1781005090.905,MK8000,40,LOS,punct_interior,5,16,5,4.965,8.0,1.0,8.39,7.43,5.07,9.94,13.3,6.0,12.0,17.0,16.0,4.0,-65.0,-63.0,-58.0,-62.0,-82.0
2026-06-09 14:38:18.612,1781005098.613,MK8000,40,LOS,punct_interior,5,17,5,4.965,8.0,1.0,8.13,7.37,5.11,10.99,13.27,5.0,12.0,17.0,15.0,4.0,-64.0,-63.0,-58.0,-64.0,-84.0
2026-06-09 14:38:26.346,1781005106.346,MK8000,40,LOS,punct_interior,5,18,5,4.965,8.0,1.0,8.22,7.35,5.25,11.02,13.74,5.0,13.0,14.0,17.0,7.0,-64.0,-62.0,-58.0,-64.0,-83.0
2026-06-09 14:38:34.105,1781005114.106,MK8000,40,LOS,punct_interior,5,19,5,4.965,8.0,1.0,8.17,7.4,5.24,11.01,13.4,6.0,13.0,15.0,17.0,3.0,-62.0,-61.0,-59.0,-63.0,-81.0
2026-06-09 14:38:42.387,1781005122.387,MK8000,40,LOS,punct_interior,5,20,5,4.965,8.0,1.0,7.83,7.37,5.1,11.05,14.03,4.0,16.0,17.0,16.0,5.0,-66.0,-63.0,-57.0,-63.0,-82.0
2026-06-09 14:38:50.191,1781005130.191,MK8000,40,LOS,punct_interior,5,21,5,4.965,8.0,1.0,8.3,7.36,5.23,11.03,13.91,7.0,14.0,19.0,13.0,2.0,-63.0,-62.0,-57.0,-63.0,-83.0
2026-06-09 14:38:58.939,1781005138.939,MK8000,40,LOS,punct_interior,5,22,4,4.965,8.0,1.0,8.21,7.45,5.28,11.07,,6.0,14.0,17.0,14.0,,-64.0,-63.0,-57.0,-63.0,
2026-06-09 14:39:06.797,1781005146.797,MK8000,40,LOS,punct_interior,5,23,5,4.965,8.0,1.0,8.2,7.39,5.2,9.61,13.46,7.0,11.0,16.0,14.0,3.0,-65.0,-64.0,-56.0,-62.0,-83.0
2026-06-09 14:39:14.680,1781005154.68,MK8000,40,LOS,punct_interior,5,24,5,4.965,8.0,1.0,9.4,7.36,5.17,9.61,14.51,3.0,12.0,14.0,12.0,2.0,-64.0,-63.0,-55.0,-62.0,-82.0
2026-06-09 14:39:22.587,1781005162.588,MK8000,40,LOS,punct_interior,5,25,5,4.965,8.0,1.0,9.38,7.31,5.17,9.57,14.08,-1.0,11.0,16.0,9.0,8.0,-64.0,-66.0,-58.0,-57.0,-83.0
2026-06-09 14:39:30.519,1781005170.519,MK8000,40,LOS,punct_interior,5,26,5,4.965,8.0,1.0,8.46,7.3,5.04,10.9,13.33,5.0,13.0,15.0,16.0,4.0,-64.0,-64.0,-58.0,-63.0,-82.0
2026-06-09 14:39:38.108,1781005178.109,MK8000,40,LOS,punct_interior,5,27,5,4.965,8.0,1.0,8.36,7.33,5.18,10.48,13.45,5.0,13.0,19.0,12.0,4.0,-64.0,-64.0,-58.0,-58.0,-83.0
2026-06-09 14:39:45.672,1781005185.673,MK8000,40,LOS,punct_interior,5,28,5,4.965,8.0,1.0,8.5,7.31,5.21,10.14,13.56,6.0,13.0,18.0,15.0,5.0,-64.0,-60.0,-57.0,-62.0,-82.0
2026-06-09 14:39:53.253,1781005193.254,MK8000,40,LOS,punct_interior,5,29,5,4.965,8.0,1.0,8.42,7.3,5.22,10.51,14.13,6.0,13.0,17.0,13.0,4.0,-64.0,-64.0,-58.0,-63.0,-82.0
2026-06-09 14:40:00.861,1781005200.862,MK8000,40,LOS,punct_interior,5,30,5,4.965,8.0,1.0,8.53,7.3,5.16,10.26,14.97,7.0,14.0,13.0,12.0,5.0,-64.0,-64.0,-58.0,-63.0,-85.0
2026-06-09 14:40:48.427,1781005248.428,MK8000,42,LOS,punct_interior,5,1,5,1.965,9.0,1.0,8.7,8.8,2.57,9.66,12.24,7.0,9.0,17.0,10.0,6.0,-58.0,-60.0,-58.0,-66.0,-82.0
2026-06-09 14:40:57.085,1781005257.085,MK8000,42,LOS,punct_interior,5,2,4,1.965,9.0,1.0,8.73,8.76,2.55,9.76,,8.0,10.0,16.0,10.0,,-63.0,-63.0,-57.0,-66.0,
2026-06-09 14:41:04.771,1781005264.771,MK8000,42,LOS,punct_interior,5,3,5,1.965,9.0,1.0,8.73,8.76,2.57,11.11,13.27,7.0,10.0,15.0,8.0,7.0,-63.0,-64.0,-57.0,-66.0,-82.0
2026-06-09 14:41:12.479,1781005272.48,MK8000,42,LOS,punct_interior,5,4,5,1.965,9.0,1.0,8.73,9.19,2.49,10.77,13.48,6.0,12.0,17.0,8.0,7.0,-63.0,-58.0,-58.0,-67.0,-84.0
2026-06-09 14:41:20.217,1781005280.218,MK8000,42,LOS,punct_interior,5,5,5,1.965,9.0,1.0,8.61,8.71,2.55,9.85,12.96,7.0,11.0,19.0,9.0,7.0,-64.0,-64.0,-57.0,-62.0,-82.0
2026-06-09 14:41:27.979,1781005287.98,MK8000,42,LOS,punct_interior,5,6,5,1.965,9.0,1.0,8.78,8.89,2.57,10.34,14.46,6.0,12.0,17.0,13.0,4.0,-63.0,-63.0,-57.0,-67.0,-82.0
2026-06-09 14:41:35.767,1781005295.767,MK8000,42,LOS,punct_interior,5,7,5,1.965,9.0,1.0,8.71,8.78,2.54,9.58,14.33,7.0,10.0,15.0,8.0,5.0,-62.0,-60.0,-57.0,-67.0,-82.0
2026-06-09 14:41:43.578,1781005303.579,MK8000,42,LOS,punct_interior,5,8,5,1.965,9.0,1.0,8.67,8.79,2.52,9.62,14.52,6.0,11.0,14.0,12.0,4.0,-64.0,-60.0,-54.0,-64.0,-81.0
2026-06-09 14:41:51.430,1781005311.43,MK8000,42,LOS,punct_interior,5,9,5,1.965,9.0,1.0,8.54,9.14,2.49,9.46,13.94,2.0,6.0,15.0,9.0,7.0,-60.0,-58.0,-57.0,-67.0,-82.0
2026-06-09 14:41:59.804,1781005319.804,MK8000,42,LOS,punct_interior,5,10,5,1.965,9.0,1.0,8.76,8.71,2.49,9.5,12.77,4.0,12.0,13.0,13.0,6.0,-62.0,-60.0,-54.0,-64.0,-82.0
2026-06-09 14:42:07.733,1781005327.734,MK8000,42,LOS,punct_interior,5,11,5,1.965,9.0,1.0,8.81,8.9,2.55,9.61,13.08,9.0,10.0,15.0,7.0,5.0,-63.0,-58.0,-56.0,-68.0,-66.0
2026-06-09 14:42:16.222,1781005336.223,MK8000,42,LOS,punct_interior,5,12,5,1.965,9.0,1.0,8.75,8.84,2.52,9.35,13.77,6.0,9.0,19.0,10.0,7.0,-62.0,-60.0,-56.0,-62.0,-66.0
2026-06-09 14:42:24.771,1781005344.772,MK8000,42,LOS,punct_interior,5,13,5,1.965,9.0,1.0,8.74,8.85,2.55,9.39,14.33,8.0,9.0,14.0,10.0,7.0,-63.0,-62.0,-57.0,-62.0,-83.0
2026-06-09 14:42:32.853,1781005352.854,MK8000,42,LOS,punct_interior,5,14,5,1.965,9.0,1.0,8.75,9.04,2.51,9.58,14.48,8.0,13.0,14.0,11.0,5.0,-63.0,-60.0,-54.0,-67.0,-83.0
2026-06-09 14:42:40.967,1781005360.968,MK8000,42,LOS,punct_interior,5,15,5,1.965,9.0,1.0,8.71,8.98,2.49,9.45,14.26,6.0,12.0,13.0,11.0,7.0,-64.0,-60.0,-54.0,-64.0,-82.0
2026-06-09 14:42:50.056,1781005370.057,MK8000,42,LOS,punct_interior,5,16,4,1.965,9.0,1.0,8.74,8.94,2.54,9.68,,6.0,12.0,16.0,12.0,,-63.0,-60.0,-57.0,-62.0,
2026-06-09 14:42:57.620,1781005377.621,MK8000,42,LOS,punct_interior,5,17,5,1.965,9.0,1.0,8.73,9.08,2.54,9.64,13.89,,,,12.0,6.0,,,,-64.0,-82.0
2026-06-09 14:43:05.210,1781005385.211,MK8000,42,LOS,punct_interior,5,18,5,1.965,9.0,1.0,8.73,8.9,2.5,9.28,12.35,6.0,10.0,15.0,10.0,5.0,-63.0,-63.0,-58.0,-60.0,-66.0
2026-06-09 14:43:12.824,1781005392.824,MK8000,42,LOS,punct_interior,5,19,5,1.965,9.0,1.0,8.75,8.83,2.59,9.54,13.06,7.0,11.0,16.0,17.0,5.0,-64.0,-65.0,-57.0,-60.0,-66.0
2026-06-09 14:43:20.463,1781005400.464,MK8000,42,LOS,punct_interior,5,20,5,1.965,9.0,1.0,8.74,9.0,2.54,8.9,12.57,7.0,10.0,18.0,12.0,7.0,-64.0,-62.0,-57.0,-58.0,-79.0
2026-06-09 14:43:28.127,1781005408.128,MK8000,42,LOS,punct_interior,5,21,5,1.965,9.0,1.0,8.85,8.86,2.47,9.28,12.51,7.0,8.0,13.0,11.0,6.0,-62.0,-64.0,-56.0,-62.0,-82.0
2026-06-09 14:43:35.815,1781005415.816,MK8000,42,LOS,punct_interior,5,22,5,1.965,9.0,1.0,8.61,8.98,2.48,9.32,13.87,5.0,10.0,13.0,10.0,9.0,-64.0,-60.0,-54.0,-60.0,-66.0
2026-06-09 14:43:43.527,1781005423.527,MK8000,42,LOS,punct_interior,5,23,5,1.965,9.0,1.0,8.74,8.88,2.49,9.37,12.43,7.0,13.0,13.0,9.0,9.0,-63.0,-58.0,-54.0,-63.0,-66.0
2026-06-09 14:43:51.267,1781005431.268,MK8000,42,LOS,punct_interior,5,24,5,1.965,9.0,1.0,8.7,9.01,2.51,9.28,13.1,5.0,11.0,18.0,14.0,5.0,-64.0,-64.0,-57.0,-63.0,-66.0
2026-06-09 14:43:59.030,1781005439.03,MK8000,42,LOS,punct_interior,5,25,5,1.965,9.0,1.0,8.7,10.6,2.56,9.39,14.21,6.0,8.0,15.0,18.0,6.0,-64.0,-66.0,-58.0,-62.0,-83.0
2026-06-09 14:44:06.817,1781005446.818,MK8000,42,LOS,punct_interior,5,26,5,1.965,9.0,1.0,8.79,10.59,2.51,9.25,12.11,2.0,10.0,17.0,12.0,5.0,-65.0,-65.0,-58.0,-62.0,-66.0
2026-06-09 14:44:14.630,1781005454.631,MK8000,42,LOS,punct_interior,5,27,5,1.965,9.0,1.0,8.7,9.03,2.48,9.36,12.11,7.0,11.0,15.0,11.0,8.0,-64.0,-63.0,-56.0,-62.0,-81.0
2026-06-09 14:44:22.967,1781005462.968,MK8000,42,LOS,punct_interior,5,28,5,1.965,9.0,1.0,8.74,12.1,2.49,9.04,12.4,5.0,7.0,15.0,11.0,9.0,-65.0,-67.0,-57.0,-56.0,-79.0
2026-06-09 14:44:31.679,1781005471.679,MK8000,42,LOS,punct_interior,5,29,5,1.965,9.0,1.0,8.85,10.49,2.5,9.17,12.26,3.0,10.0,14.0,17.0,7.0,-64.0,-64.0,-57.0,-61.0,-80.0
2026-06-09 14:44:39.565,1781005479.566,MK8000,42,LOS,punct_interior,5,30,5,1.965,9.0,1.0,8.73,8.73,2.55,9.68,13.03,4.0,9.0,18.0,11.0,9.0,-64.0,-63.0,-57.0,-62.0,-82.0
2026-06-09 14:45:36.910,1781005536.911,MK8000,43,LOS,punct_interior,5,1,5,2.965,9.0,1.0,8.78,8.57,2.87,9.19,14.47,6.0,13.0,16.0,9.0,6.0,-64.0,-60.0,-57.0,-61.0,-83.0
2026-06-09 14:45:44.695,1781005544.695,MK8000,43,LOS,punct_interior,5,2,5,2.965,9.0,1.0,8.67,8.76,2.88,10.07,12.9,4.0,12.0,16.0,8.0,4.0,-60.0,-64.0,-60.0,-65.0,-80.0
2026-06-09 14:45:52.239,1781005552.239,MK8000,43,LOS,punct_interior,5,3,5,2.965,9.0,1.0,8.72,8.66,3.01,10.36,12.89,6.0,11.0,15.0,12.0,6.0,-64.0,-62.0,-58.0,-65.0,-81.0
2026-06-09 14:45:59.799,1781005559.8,MK8000,43,LOS,punct_interior,5,4,5,2.965,9.0,1.0,8.62,8.67,2.94,9.16,14.89,6.0,12.0,16.0,11.0,7.0,-63.0,-63.0,-56.0,-65.0,-83.0
2026-06-09 14:46:07.395,1781005567.395,MK8000,43,LOS,punct_interior,5,5,5,2.965,9.0,1.0,8.78,8.64,2.9,8.83,14.63,3.0,12.0,15.0,13.0,9.0,-62.0,-64.0,-56.0,-60.0,-82.0
2026-06-09 14:46:15.664,1781005575.665,MK8000,43,LOS,punct_interior,5,6,5,2.965,9.0,1.0,8.72,8.56,2.88,9.65,14.17,7.0,12.0,17.0,9.0,7.0,-60.0,-63.0,-56.0,-60.0,-82.0
2026-06-09 14:46:23.308,1781005583.308,MK8000,43,LOS,punct_interior,5,7,5,2.965,9.0,1.0,8.76,8.62,2.88,9.5,14.23,4.0,13.0,15.0,6.0,7.0,-62.0,-64.0,-56.0,-62.0,-82.0
2026-06-09 14:46:31.995,1781005591.995,MK8000,43,LOS,punct_interior,5,8,4,2.965,9.0,1.0,8.77,8.65,2.87,9.42,,6.0,11.0,15.0,10.0,,-65.0,-64.0,-57.0,-65.0,
2026-06-09 14:46:39.682,1781005599.682,MK8000,43,LOS,punct_interior,5,9,5,2.965,9.0,1.0,8.76,8.55,2.8,8.98,14.85,5.0,14.0,13.0,13.0,2.0,-65.0,-64.0,-56.0,-67.0,-83.0
2026-06-09 14:46:47.392,1781005607.392,MK8000,43,LOS,punct_interior,5,10,5,2.965,9.0,1.0,8.74,8.74,2.83,9.01,14.09,3.0,11.0,17.0,8.0,2.0,-66.0,-64.0,-59.0,-62.0,-84.0
2026-06-09 14:46:55.135,1781005615.136,MK8000,43,LOS,punct_interior,5,11,5,2.965,9.0,1.0,8.79,8.54,2.92,9.41,13.65,5.0,10.0,19.0,7.0,8.0,-62.0,-65.0,-55.0,-62.0,-76.0
2026-06-09 14:47:02.904,1781005622.904,MK8000,43,LOS,punct_interior,5,12,5,2.965,9.0,1.0,8.75,8.57,3.05,8.95,13.77,6.0,12.0,17.0,13.0,9.0,-65.0,-64.0,-58.0,-63.0,-66.0
2026-06-09 14:47:10.703,1781005630.703,MK8000,43,LOS,punct_interior,5,13,5,2.965,9.0,1.0,8.75,8.63,2.87,8.67,13.84,5.0,8.0,16.0,7.0,8.0,-65.0,-65.0,-57.0,-62.0,-66.0
2026-06-09 14:47:18.533,1781005638.534,MK8000,43,LOS,punct_interior,5,14,5,2.965,9.0,1.0,8.8,8.63,2.87,8.48,13.77,5.0,12.0,19.0,14.0,9.0,-64.0,-63.0,-56.0,-60.0,-81.0
2026-06-09 14:47:26.394,1781005646.395,MK8000,43,LOS,punct_interior,5,15,5,2.965,9.0,1.0,8.86,8.59,2.83,9.01,14.09,6.0,12.0,16.0,13.0,8.0,-66.0,-60.0,-57.0,-63.0,-77.0
2026-06-09 14:47:34.291,1781005654.292,MK8000,43,LOS,punct_interior,5,16,5,2.965,9.0,1.0,8.78,8.52,2.91,9.0,13.94,5.0,13.0,16.0,9.0,9.0,-64.0,-63.0,-57.0,-62.0,-78.0
2026-06-09 14:47:42.223,1781005662.224,MK8000,43,LOS,punct_interior,5,17,5,2.965,9.0,1.0,8.62,8.52,2.85,8.94,13.99,4.0,14.0,18.0,13.0,7.0,-62.0,-64.0,-58.0,-58.0,-78.0
2026-06-09 14:47:50.249,1781005670.25,MK8000,43,LOS,punct_interior,5,18,5,2.965,9.0,1.0,8.76,8.46,2.88,9.03,13.92,3.0,13.0,14.0,9.0,9.0,-64.0,-64.0,-57.0,-58.0,-66.0
2026-06-09 14:47:58.320,1781005678.321,MK8000,43,LOS,punct_interior,5,19,5,2.965,9.0,1.0,8.75,8.76,2.85,9.0,13.8,4.0,13.0,15.0,13.0,8.0,-65.0,-61.0,-57.0,-63.0,-82.0
2026-06-09 14:48:06.402,1781005686.403,MK8000,43,LOS,punct_interior,5,20,5,2.965,9.0,1.0,8.78,8.66,2.96,8.59,14.07,6.0,12.0,15.0,15.0,7.0,-64.0,-64.0,-56.0,-63.0,-66.0
2026-06-09 14:48:15.548,1781005695.549,MK8000,43,LOS,punct_interior,5,21,4,2.965,9.0,1.0,9.1,,2.92,8.93,14.05,4.0,,18.0,13.0,9.0,-62.0,,-56.0,-63.0,-66.0
2026-06-09 14:48:25.500,1781005705.501,MK8000,43,LOS,punct_interior,5,22,3,2.965,9.0,1.0,8.92,,2.87,,13.69,5.0,,,,9.0,-64.0,,,,-66.0
2026-06-09 14:48:33.070,1781005713.07,MK8000,43,LOS,punct_interior,5,23,5,2.965,9.0,1.0,8.68,8.63,2.85,8.91,14.07,,,,11.0,7.0,,,,-65.0,-66.0
2026-06-09 14:48:40.664,1781005720.665,MK8000,43,LOS,punct_interior,5,24,5,2.965,9.0,1.0,8.76,8.62,2.88,9.02,13.87,4.0,11.0,17.0,15.0,8.0,-65.0,-64.0,-58.0,-61.0,-66.0
2026-06-09 14:48:48.282,1781005728.282,MK8000,43,LOS,punct_interior,5,25,5,2.965,9.0,1.0,8.77,8.64,2.81,9.36,13.88,5.0,11.0,18.0,13.0,8.0,-65.0,-60.0,-56.0,-63.0,-66.0
2026-06-09 14:48:56.856,1781005736.857,MK8000,43,LOS,punct_interior,5,26,4,2.965,9.0,1.0,8.67,8.59,2.89,,14.08,6.0,8.0,16.0,,8.0,-65.0,-65.0,-57.0,,-66.0
2026-06-09 14:49:04.522,1781005744.523,MK8000,43,LOS,punct_interior,5,27,5,2.965,9.0,1.0,8.78,8.61,2.88,8.94,14.01,3.0,13.0,15.0,11.0,9.0,-65.0,-60.0,-57.0,-64.0,-66.0
2026-06-09 14:49:12.213,1781005752.213,MK8000,43,LOS,punct_interior,5,28,5,2.965,9.0,1.0,8.78,8.61,2.88,9.08,14.1,4.0,13.0,16.0,12.0,8.0,-62.0,-64.0,-56.0,-60.0,-66.0
2026-06-09 14:49:19.930,1781005759.93,MK8000,43,LOS,punct_interior,5,29,5,2.965,9.0,1.0,8.74,8.54,2.87,9.11,14.05,6.0,13.0,21.0,11.0,9.0,-64.0,-64.0,-56.0,-60.0,-66.0
2026-06-09 14:49:27.673,1781005767.673,MK8000,43,LOS,punct_interior,5,30,5,2.965,9.0,1.0,8.75,8.6,2.89,8.91,13.99,5.0,13.0,15.0,12.0,7.0,-65.0,-60.0,-56.0,-60.0,-66.0
2026-06-09 14:51:22.217,1781005882.218,MK8000,44,LOS,punct_interior,5,1,5,3.965,9.0,1.0,9.84,8.43,3.41,8.96,14.34,4.0,10.0,13.0,13.0,5.0,-66.0,-62.0,-54.0,-64.0,-84.0
2026-06-09 14:51:30.010,1781005890.01,MK8000,44,LOS,punct_interior,5,2,5,3.965,9.0,1.0,10.06,8.4,3.71,8.68,13.64,3.0,13.0,18.0,18.0,5.0,-64.0,-63.0,-59.0,-62.0,-81.0
2026-06-09 14:51:37.827,1781005897.827,MK8000,44,LOS,punct_interior,5,3,5,3.965,9.0,1.0,9.94,8.4,3.49,8.78,14.04,2.0,12.0,20.0,14.0,4.0,-66.0,-61.0,-60.0,-63.0,-80.0
2026-06-09 14:51:45.663,1781005905.664,MK8000,44,LOS,punct_interior,5,4,5,3.965,9.0,1.0,9.79,8.43,3.54,8.88,14.13,4.0,13.0,13.0,16.0,5.0,-64.0,-61.0,-54.0,-63.0,-83.0
2026-06-09 14:51:53.531,1781005913.532,MK8000,44,LOS,punct_interior,5,5,5,3.965,9.0,1.0,9.64,8.44,3.6,8.59,14.67,5.0,9.0,16.0,11.0,4.0,-64.0,-58.0,-60.0,-60.0,-84.0
2026-06-09 14:52:01.429,1781005921.43,MK8000,44,LOS,punct_interior,5,6,5,3.965,9.0,1.0,9.61,8.44,3.35,8.75,13.74,-1.0,14.0,19.0,14.0,6.0,-63.0,-63.0,-59.0,-62.0,-76.0
2026-06-09 14:52:09.346,1781005929.347,MK8000,44,LOS,punct_interior,5,7,5,3.965,9.0,1.0,9.99,8.41,3.47,8.75,13.52,4.0,12.0,13.0,8.0,6.0,-64.0,-63.0,-54.0,-62.0,-83.0
2026-06-09 14:52:16.931,1781005936.932,MK8000,44,LOS,punct_interior,5,8,5,3.965,9.0,1.0,9.25,8.43,3.43,9.0,14.45,-1.0,14.0,14.0,12.0,8.0,-63.0,-64.0,-54.0,-64.0,-82.0
2026-06-09 14:52:24.474,1781005944.474,MK8000,44,LOS,punct_interior,5,9,5,3.965,9.0,1.0,9.84,8.42,3.39,9.08,14.39,-1.0,13.0,13.0,12.0,5.0,-64.0,-63.0,-54.0,-64.0,-78.0
2026-06-09 14:52:32.047,1781005952.047,MK8000,44,LOS,punct_interior,5,10,5,3.965,9.0,1.0,9.55,8.42,3.59,8.85,13.64,-1.0,12.0,17.0,12.0,8.0,-63.0,-58.0,-58.0,-64.0,-82.0
2026-06-09 14:52:39.646,1781005959.647,MK8000,44,LOS,punct_interior,5,11,5,3.965,9.0,1.0,9.68,8.4,3.64,8.95,13.64,3.0,12.0,18.0,10.0,7.0,-63.0,-63.0,-58.0,-64.0,-83.0
2026-06-09 14:52:47.469,1781005967.47,MK8000,44,LOS,punct_interior,5,12,5,3.965,9.0,1.0,9.42,8.4,3.34,9.23,14.16,6.0,12.0,14.0,12.0,5.0,-63.0,-63.0,-54.0,-60.0,-80.0
2026-06-09 14:52:55.119,1781005975.119,MK8000,44,LOS,punct_interior,5,13,5,3.965,9.0,1.0,9.69,8.42,3.63,9.05,13.1,3.0,12.0,12.0,16.0,3.0,-63.0,-63.0,-54.0,-64.0,-82.0
2026-06-09 14:53:02.793,1781005982.793,MK8000,44,LOS,punct_interior,5,14,5,3.965,9.0,1.0,9.28,8.21,3.63,8.55,12.87,0.0,12.0,17.0,15.0,5.0,-61.0,-58.0,-59.0,-61.0,-82.0
2026-06-09 14:53:10.490,1781005990.491,MK8000,44,LOS,punct_interior,5,15,5,3.965,9.0,1.0,9.72,8.52,3.46,8.85,13.38,3.0,14.0,17.0,15.0,3.0,-68.0,-60.0,-57.0,-61.0,-82.0
2026-06-09 14:53:18.212,1781005998.213,MK8000,44,LOS,punct_interior,5,16,5,3.965,9.0,1.0,9.7,8.42,3.48,8.91,14.02,4.0,10.0,14.0,14.0,6.0,-64.0,-60.0,-54.0,-60.0,-81.0
2026-06-09 14:53:25.961,1781006005.961,MK8000,44,LOS,punct_interior,5,17,5,3.965,9.0,1.0,9.58,8.46,3.48,8.67,13.13,-1.0,12.0,15.0,11.0,6.0,-63.0,-64.0,-57.0,-58.0,-81.0
2026-06-09 14:53:33.733,1781006013.734,MK8000,44,LOS,punct_interior,5,18,5,3.965,9.0,1.0,10.08,8.38,3.47,8.79,13.44,-2.0,12.0,20.0,13.0,7.0,-66.0,-63.0,-57.0,-60.0,-82.0
2026-06-09 14:53:41.531,1781006021.532,MK8000,44,LOS,punct_interior,5,19,5,3.965,9.0,1.0,9.3,8.4,3.59,8.69,13.29,-1.0,13.0,15.0,16.0,8.0,-63.0,-63.0,-54.0,-59.0,-82.0
2026-06-09 14:53:49.354,1781006029.354,MK8000,44,LOS,punct_interior,5,20,5,3.965,9.0,1.0,9.6,8.36,3.39,9.01,13.41,4.0,11.0,19.0,15.0,4.0,-64.0,-63.0,-59.0,-63.0,-78.0
2026-06-09 14:53:57.214,1781006037.215,MK8000,44,LOS,punct_interior,5,21,5,3.965,9.0,1.0,9.76,8.42,3.49,9.26,13.58,2.0,14.0,17.0,13.0,3.0,-64.0,-63.0,-59.0,-60.0,-83.0
2026-06-09 14:54:05.130,1781006045.13,MK8000,44,LOS,punct_interior,5,22,5,3.965,9.0,1.0,9.67,8.4,3.36,8.46,12.78,2.0,13.0,18.0,14.0,4.0,-62.0,-63.0,-59.0,-62.0,-80.0
2026-06-09 14:54:13.055,1781006053.055,MK8000,44,LOS,punct_interior,5,23,5,3.965,9.0,1.0,9.74,8.42,3.63,8.75,12.23,3.0,12.0,19.0,13.0,6.0,-64.0,-63.0,-56.0,-61.0,-80.0
2026-06-09 14:54:21.054,1781006061.055,MK8000,44,LOS,punct_interior,5,24,5,3.965,9.0,1.0,9.52,8.41,3.1,9.46,13.39,4.0,13.0,17.0,14.0,4.0,-62.0,-63.0,-56.0,-63.0,-80.0
2026-06-09 14:54:29.131,1781006069.131,MK8000,44,LOS,punct_interior,5,25,5,3.965,9.0,1.0,9.81,8.44,3.6,8.86,13.63,0.0,11.0,17.0,14.0,6.0,-62.0,-60.0,-56.0,-61.0,-81.0
2026-06-09 14:54:37.230,1781006077.23,MK8000,44,LOS,punct_interior,5,26,5,3.965,9.0,1.0,9.67,8.43,3.54,8.56,12.4,-1.0,12.0,12.0,12.0,6.0,-62.0,-62.0,-54.0,-60.0,-81.0
2026-06-09 14:54:45.356,1781006085.356,MK8000,44,LOS,punct_interior,5,27,5,3.965,9.0,1.0,9.29,8.44,3.42,8.56,12.51,3.0,10.0,17.0,14.0,4.0,-62.0,-60.0,-59.0,-62.0,-80.0
2026-06-09 14:54:53.098,1781006093.098,MK8000,44,LOS,punct_interior,5,28,5,3.965,9.0,1.0,9.84,8.42,3.3,8.63,12.82,3.0,,,13.0,5.0,-64.0,,,-60.0,-80.0
2026-06-09 14:55:00.673,1781006100.673,MK8000,44,LOS,punct_interior,5,29,5,3.965,9.0,1.0,9.9,8.41,3.29,8.38,12.67,,13.0,19.0,17.0,6.0,,-63.0,-58.0,-63.0,-80.0
2026-06-09 14:55:08.272,1781006108.273,MK8000,44,LOS,punct_interior,5,30,5,3.965,9.0,1.0,9.71,8.4,3.28,8.61,13.09,2.0,12.0,16.0,13.0,5.0,-62.0,-63.0,-54.0,-60.0,-81.0
2026-06-09 16:51:38.641,1781013098.641,MK8000,45,LOS,punct_interior,5,1,5,4.965,9.0,1.0,10.03,8.38,4.54,8.56,11.5,2.0,10.0,16.0,15.0,3.0,-65.0,-61.0,-57.0,-62.0,-82.0
2026-06-09 16:51:46.290,1781013106.29,MK8000,45,LOS,punct_interior,5,2,5,4.965,9.0,1.0,9.59,8.39,4.1,8.48,13.06,3.0,13.0,15.0,11.0,3.0,-65.0,-65.0,-54.0,-60.0,-84.0
2026-06-09 16:51:53.964,1781013113.965,MK8000,45,LOS,punct_interior,5,3,5,4.965,9.0,1.0,9.66,8.37,4.19,8.55,11.52,2.0,12.0,17.0,12.0,2.0,-65.0,-66.0,-58.0,-60.0,-81.0
2026-06-09 16:52:01.661,1781013121.661,MK8000,45,LOS,punct_interior,5,4,5,4.965,9.0,1.0,9.64,8.39,4.65,8.58,11.51,3.0,9.0,14.0,12.0,2.0,-66.0,-66.0,-52.0,-62.0,-82.0
2026-06-09 16:52:09.386,1781013129.387,MK8000,45,LOS,punct_interior,5,5,5,4.965,9.0,1.0,9.79,8.4,4.52,8.63,13.83,0.0,12.0,17.0,17.0,5.0,-62.0,-65.0,-56.0,-61.0,-85.0
2026-06-09 16:52:17.133,1781013137.133,MK8000,45,LOS,punct_interior,5,6,5,4.965,9.0,1.0,9.44,8.4,4.57,8.59,12.26,3.0,11.0,14.0,12.0,3.0,-65.0,-65.0,-52.0,-62.0,-84.0
2026-06-09 16:52:25.815,1781013145.816,MK8000,45,LOS,punct_interior,5,7,4,4.965,9.0,1.0,10.07,8.39,4.6,8.6,,3.0,11.0,14.0,15.0,,-65.0,-64.0,-52.0,-61.0,
2026-06-09 16:52:34.102,1781013154.103,MK8000,45,LOS,punct_interior,5,8,5,4.965,9.0,1.0,9.69,8.39,4.57,8.58,17.71,1.0,9.0,14.0,15.0,4.0,-60.0,-61.0,-56.0,-62.0,-86.0
2026-06-09 16:52:41.920,1781013161.92,MK8000,45,LOS,punct_interior,5,9,5,4.965,9.0,1.0,9.45,8.39,4.37,8.57,16.51,4.0,12.0,16.0,14.0,3.0,-65.0,-65.0,-57.0,-62.0,-85.0
2026-06-09 16:52:49.769,1781013169.77,MK8000,45,LOS,punct_interior,5,10,5,4.965,9.0,1.0,9.91,8.4,4.76,8.61,15.77,3.0,13.0,20.0,14.0,1.0,-65.0,-65.0,-57.0,-63.0,-82.0
2026-06-09 16:52:57.642,1781013177.642,MK8000,45,LOS,punct_interior,5,11,5,4.965,9.0,1.0,9.54,8.38,4.38,8.65,15.65,4.0,13.0,15.0,17.0,2.0,-66.0,-66.0,-52.0,-62.0,-84.0
2026-06-09 16:53:05.537,1781013185.538,MK8000,45,LOS,punct_interior,5,12,5,4.965,9.0,1.0,9.57,8.39,4.74,8.5,15.73,3.0,10.0,15.0,13.0,2.0,-65.0,-66.0,-56.0,-60.0,-83.0
2026-06-09 16:53:14.328,1781013194.329,MK8000,45,LOS,punct_interior,5,13,4,4.965,9.0,1.0,9.8,8.4,4.56,8.5,,1.0,10.0,20.0,12.0,,-61.0,-66.0,-57.0,-64.0,
2026-06-09 16:53:21.911,1781013201.912,MK8000,45,LOS,punct_interior,5,14,5,4.965,9.0,1.0,9.75,8.39,4.61,8.52,15.32,4.0,9.0,12.0,12.0,3.0,-66.0,-66.0,-54.0,-58.0,-86.0
2026-06-09 16:53:29.460,1781013209.461,MK8000,45,LOS,punct_interior,5,15,5,4.965,9.0,1.0,9.64,8.37,4.43,8.73,14.17,-1.0,11.0,17.0,12.0,-1.0,-62.0,-67.0,-57.0,-58.0,-80.0
2026-06-09 16:53:37.038,1781013217.039,MK8000,45,LOS,punct_interior,5,16,5,4.965,9.0,1.0,9.68,8.37,4.77,8.68,15.14,2.0,12.0,17.0,16.0,3.0,-65.0,-66.0,-57.0,-63.0,-83.0
2026-06-09 16:53:44.637,1781013224.637,MK8000,45,LOS,punct_interior,5,17,5,4.965,9.0,1.0,9.77,8.4,4.6,8.65,15.79,4.0,8.0,14.0,15.0,1.0,-66.0,-66.0,-52.0,-63.0,-82.0
2026-06-09 16:53:52.266,1781013232.267,MK8000,45,LOS,punct_interior,5,18,5,4.965,9.0,1.0,9.43,8.4,4.79,8.6,15.79,-1.0,13.0,19.0,14.0,3.0,-62.0,-65.0,-57.0,-64.0,-81.0
2026-06-09 16:53:59.917,1781013239.918,MK8000,45,LOS,punct_interior,5,19,5,4.965,9.0,1.0,9.4,8.37,4.61,8.58,14.73,-1.0,12.0,13.0,11.0,4.0,-62.0,-65.0,-52.0,-58.0,-83.0
2026-06-09 16:54:08.096,1781013248.097,MK8000,45,LOS,punct_interior,5,20,5,4.965,9.0,1.0,9.74,8.39,4.66,8.61,13.72,3.0,11.0,17.0,13.0,5.0,-64.0,-65.0,-56.0,-58.0,-80.0
2026-06-09 16:54:15.796,1781013255.797,MK8000,45,LOS,punct_interior,5,21,5,4.965,9.0,1.0,9.54,8.37,4.69,8.56,15.89,0.0,11.0,13.0,14.0,5.0,-62.0,-65.0,-52.0,-62.0,-84.0
2026-06-09 16:54:23.718,1781013263.719,MK8000,45,LOS,punct_interior,5,22,5,4.965,9.0,1.0,9.61,8.38,4.73,8.58,15.96,0.0,6.0,16.0,14.0,4.0,-62.0,-69.0,-57.0,-62.0,-84.0
2026-06-09 16:54:31.472,1781013271.473,MK8000,45,LOS,punct_interior,5,23,5,4.965,9.0,1.0,9.72,8.38,4.58,8.55,16.32,3.0,10.0,13.0,15.0,5.0,-66.0,-65.0,-52.0,-62.0,-78.0
2026-06-09 16:54:39.743,1781013279.744,MK8000,45,LOS,punct_interior,5,24,5,4.965,9.0,1.0,9.92,8.39,4.68,8.54,14.8,4.0,8.0,16.0,12.0,3.0,-66.0,-66.0,-55.0,-58.0,-84.0
2026-06-09 16:54:47.535,1781013287.536,MK8000,45,LOS,punct_interior,5,25,5,4.965,9.0,1.0,9.75,8.4,4.61,8.55,14.8,1.0,7.0,12.0,18.0,3.0,-60.0,-66.0,-52.0,-62.0,-85.0
2026-06-09 16:54:55.356,1781013295.356,MK8000,45,LOS,punct_interior,5,26,5,4.965,9.0,1.0,9.5,8.4,4.64,8.66,13.67,1.0,12.0,14.0,16.0,6.0,-60.0,-65.0,-52.0,-62.0,-78.0
2026-06-09 16:55:03.201,1781013303.202,MK8000,45,LOS,punct_interior,5,27,5,4.965,9.0,1.0,9.72,8.4,4.84,8.55,16.41,-1.0,12.0,20.0,14.0,3.0,-62.0,-65.0,-57.0,-63.0,-83.0
2026-06-09 16:55:11.111,1781013311.111,MK8000,45,LOS,punct_interior,5,28,5,4.965,9.0,1.0,9.54,8.39,4.71,8.64,17.01,3.0,11.0,14.0,13.0,3.0,-65.0,-65.0,-52.0,-62.0,-85.0
2026-06-09 16:55:19.291,1781013319.292,MK8000,45,LOS,punct_interior,5,29,5,4.965,9.0,1.0,9.89,8.39,4.62,8.64,13.4,0.0,12.0,14.0,18.0,3.0,-62.0,-65.0,-52.0,-62.0,-84.0
2026-06-09 16:55:27.295,1781013327.296,MK8000,45,LOS,punct_interior,5,30,5,4.965,9.0,1.0,10.03,8.37,4.58,8.52,13.53,-1.0,11.0,17.0,16.0,3.0,-62.0,-66.0,-57.0,-62.0,-85.0
2026-06-09 16:58:15.056,1781013495.056,MK8000,47,LOS,punct_interior,5,1,5,1.965,10.0,1.0,9.75,9.78,1.39,8.29,11.69,2.0,9.0,15.0,15.0,10.0,-65.0,-65.0,-56.0,-63.0,-66.0
2026-06-09 16:58:23.161,1781013503.162,MK8000,47,LOS,punct_interior,5,2,5,1.965,10.0,1.0,9.75,9.8,1.58,8.08,11.74,1.0,9.0,15.0,10.0,9.0,-62.0,-62.0,-56.0,-60.0,-80.0
2026-06-09 16:58:31.285,1781013511.285,MK8000,47,LOS,punct_interior,5,3,5,1.965,10.0,1.0,9.79,9.77,1.59,8.3,12.16,4.0,12.0,20.0,14.0,6.0,-66.0,-63.0,-55.0,-63.0,-82.0
2026-06-09 16:58:38.838,1781013518.839,MK8000,47,LOS,punct_interior,5,4,5,1.965,10.0,1.0,9.79,9.81,1.56,8.19,11.81,,,,15.0,9.0,,,,-63.0,-69.0
2026-06-09 16:58:46.412,1781013526.413,MK8000,47,LOS,punct_interior,5,5,5,1.965,10.0,1.0,9.78,9.82,1.57,8.55,11.83,,12.0,15.0,16.0,5.0,,-65.0,-56.0,-63.0,-66.0
2026-06-09 16:58:54.017,1781013534.017,MK8000,47,LOS,punct_interior,5,6,5,1.965,10.0,1.0,9.81,9.81,1.58,8.45,11.6,4.0,9.0,15.0,12.0,7.0,-67.0,-64.0,-56.0,-62.0,-81.0
2026-06-09 16:59:01.646,1781013541.647,MK8000,47,LOS,punct_interior,5,7,5,1.965,10.0,1.0,9.78,9.77,1.55,8.31,11.66,2.0,10.0,18.0,13.0,10.0,-66.0,-60.0,-56.0,-63.0,-69.0
2026-06-09 16:59:09.293,1781013549.294,MK8000,47,LOS,punct_interior,5,8,5,1.965,10.0,1.0,9.78,9.75,1.58,8.39,11.86,-1.0,12.0,15.0,13.0,8.0,-62.0,-60.0,-57.0,-60.0,-79.0
2026-06-09 16:59:16.972,1781013556.973,MK8000,47,LOS,punct_interior,5,9,5,1.965,10.0,1.0,9.77,9.82,1.59,8.55,12.0,3.0,14.0,16.0,17.0,6.0,-66.0,-63.0,-56.0,-62.0,-79.0
2026-06-09 16:59:24.675,1781013564.676,MK8000,47,LOS,punct_interior,5,10,5,1.965,10.0,1.0,9.77,9.79,1.58,8.48,12.04,2.0,14.0,16.0,16.0,6.0,-66.0,-63.0,-57.0,-62.0,-66.0
2026-06-09 16:59:32.404,1781013572.404,MK8000,47,LOS,punct_interior,5,11,5,1.965,10.0,1.0,9.79,9.8,1.57,8.23,11.82,5.0,9.0,19.0,12.0,7.0,-66.0,-64.0,-56.0,-63.0,-80.0
2026-06-09 16:59:40.157,1781013580.158,MK8000,47,LOS,punct_interior,5,12,5,1.965,10.0,1.0,9.81,9.75,1.59,8.17,11.59,4.0,12.0,25.0,14.0,8.0,-66.0,-63.0,-55.0,-63.0,-69.0
2026-06-09 16:59:47.933,1781013587.934,MK8000,47,LOS,punct_interior,5,13,5,1.965,10.0,1.0,9.82,9.8,1.57,8.33,11.63,2.0,11.0,17.0,15.0,6.0,-66.0,-62.0,-55.0,-62.0,-66.0
2026-06-09 16:59:55.735,1781013595.736,MK8000,47,LOS,punct_interior,5,14,5,1.965,10.0,1.0,9.77,9.92,1.59,8.58,11.62,4.0,11.0,17.0,13.0,6.0,-66.0,-63.0,-55.0,-63.0,-66.0
2026-06-09 17:00:03.556,1781013603.556,MK8000,47,LOS,punct_interior,5,15,5,1.965,10.0,1.0,9.75,9.92,1.62,8.38,11.75,2.0,14.0,18.0,14.0,9.0,-66.0,-64.0,-55.0,-58.0,-66.0
2026-06-09 17:00:11.404,1781013611.404,MK8000,47,LOS,punct_interior,5,16,5,1.965,10.0,1.0,9.73,9.92,1.64,8.32,11.95,0.0,10.0,16.0,14.0,6.0,-62.0,-64.0,-55.0,-63.0,-80.0
2026-06-09 17:00:19.275,1781013619.276,MK8000,47,LOS,punct_interior,5,17,5,1.965,10.0,1.0,9.73,9.93,1.63,8.38,12.1,2.0,11.0,18.0,14.0,5.0,-66.0,-60.0,-54.0,-63.0,-80.0
2026-06-09 17:00:27.176,1781013627.177,MK8000,47,LOS,punct_interior,5,18,5,1.965,10.0,1.0,9.77,9.89,1.64,8.53,12.33,-1.0,12.0,16.0,15.0,10.0,-62.0,-64.0,-55.0,-63.0,-66.0
2026-06-09 17:00:35.090,1781013635.09,MK8000,47,LOS,punct_interior,5,19,5,1.965,10.0,1.0,9.8,9.85,1.57,8.31,12.22,4.0,9.0,21.0,11.0,8.0,-67.0,-65.0,-54.0,-58.0,-80.0
2026-06-09 17:00:42.679,1781013642.679,MK8000,47,LOS,punct_interior,5,20,5,1.965,10.0,1.0,9.77,9.76,1.64,8.35,11.92,2.0,9.0,16.0,10.0,6.0,-66.0,-65.0,-55.0,-60.0,-81.0
2026-06-09 17:00:50.230,1781013650.231,MK8000,47,LOS,punct_interior,5,21,5,1.965,10.0,1.0,9.79,9.8,1.6,8.61,11.9,3.0,11.0,17.0,11.0,10.0,-65.0,-64.0,-56.0,-58.0,-81.0
2026-06-09 17:00:57.816,1781013657.817,MK8000,47,LOS,punct_interior,5,22,5,1.965,10.0,1.0,9.73,9.84,1.62,8.77,11.76,1.0,9.0,15.0,12.0,8.0,-62.0,-64.0,-54.0,-60.0,-66.0
2026-06-09 17:01:05.417,1781013665.418,MK8000,47,LOS,punct_interior,5,23,5,1.965,10.0,1.0,9.8,9.94,1.63,8.41,11.78,3.0,13.0,21.0,14.0,9.0,-64.0,-63.0,-55.0,-63.0,-80.0
2026-06-09 17:01:13.052,1781013673.052,MK8000,47,LOS,punct_interior,5,24,5,1.965,10.0,1.0,9.73,9.71,1.6,8.58,11.75,2.0,11.0,21.0,13.0,7.0,-66.0,-63.0,-55.0,-60.0,-80.0
2026-06-09 17:01:20.717,1781013680.717,MK8000,47,LOS,punct_interior,5,25,5,1.965,10.0,1.0,9.72,9.83,1.59,8.4,11.75,4.0,10.0,18.0,16.0,8.0,-66.0,-62.0,-56.0,-63.0,-81.0
2026-06-09 17:01:28.397,1781013688.397,MK8000,47,LOS,punct_interior,5,26,5,1.965,10.0,1.0,9.75,9.81,1.61,8.54,11.75,3.0,15.0,18.0,15.0,6.0,-66.0,-60.0,-55.0,-63.0,-66.0
2026-06-09 17:01:36.099,1781013696.1,MK8000,47,LOS,punct_interior,5,27,5,1.965,10.0,1.0,9.76,9.93,1.6,8.44,11.72,4.0,9.0,19.0,14.0,6.0,-66.0,-64.0,-55.0,-63.0,-66.0
2026-06-09 17:01:43.833,1781013703.833,MK8000,47,LOS,punct_interior,5,28,5,1.965,10.0,1.0,9.8,9.91,1.59,8.71,11.77,3.0,13.0,20.0,13.0,7.0,-66.0,-60.0,-54.0,-60.0,-66.0
2026-06-09 17:01:51.589,1781013711.59,MK8000,47,LOS,punct_interior,5,29,5,1.965,10.0,1.0,9.74,9.7,1.61,8.55,11.75,3.0,11.0,17.0,12.0,9.0,-66.0,-63.0,-55.0,-63.0,-80.0
2026-06-09 17:01:59.374,1781013719.374,MK8000,47,LOS,punct_interior,5,30,5,1.965,10.0,1.0,9.75,9.85,1.63,8.58,11.77,2.0,13.0,16.0,13.0,8.0,-66.0,-60.0,-55.0,-60.0,-81.0
2026-06-09 17:02:59.511,1781013779.512,MK8000,48,LOS,punct_interior,5,1,5,2.965,10.0,1.0,9.97,9.73,2.27,7.89,11.36,4.0,10.0,15.0,13.0,10.0,-65.0,-63.0,-57.0,-62.0,-80.0
2026-06-09 17:03:07.341,1781013787.341,MK8000,48,LOS,punct_interior,5,2,5,2.965,10.0,1.0,9.87,9.71,2.18,7.91,11.29,3.0,10.0,16.0,15.0,6.0,-66.0,-65.0,-58.0,-62.0,-81.0
2026-06-09 17:03:15.230,1781013795.231,MK8000,48,LOS,punct_interior,5,3,5,2.965,10.0,1.0,9.89,9.73,2.27,7.97,11.26,3.0,10.0,18.0,13.0,6.0,-65.0,-64.0,-57.0,-62.0,-81.0
2026-06-09 17:03:23.157,1781013803.158,MK8000,48,LOS,punct_interior,5,4,5,2.965,10.0,1.0,9.91,9.72,2.23,7.9,11.14,5.0,9.0,17.0,15.0,7.0,-66.0,-65.0,-57.0,-62.0,-80.0
2026-06-09 17:03:31.077,1781013811.078,MK8000,48,LOS,punct_interior,5,5,5,2.965,10.0,1.0,9.9,9.72,2.24,7.94,10.89,5.0,11.0,17.0,14.0,8.0,-65.0,-65.0,-57.0,-62.0,-82.0
2026-06-09 17:03:39.106,1781013819.107,MK8000,48,LOS,punct_interior,5,6,5,2.965,10.0,1.0,9.89,9.75,2.24,7.86,10.96,4.0,9.0,17.0,14.0,10.0,-65.0,-65.0,-57.0,-63.0,-66.0
2026-06-09 17:03:47.164,1781013827.164,MK8000,48,LOS,punct_interior,5,7,5,2.965,10.0,1.0,9.9,9.72,2.17,7.89,11.2,3.0,12.0,17.0,15.0,8.0,-65.0,-60.0,-58.0,-63.0,-66.0
2026-06-09 17:03:55.236,1781013835.237,MK8000,48,LOS,punct_interior,5,8,5,2.965,10.0,1.0,9.89,9.7,2.19,7.88,11.82,4.0,9.0,17.0,14.0,7.0,-66.0,-63.0,-57.0,-58.0,-66.0
2026-06-09 17:04:03.369,1781013843.369,MK8000,48,LOS,punct_interior,5,9,5,2.965,10.0,1.0,9.89,9.71,2.3,7.83,11.13,3.0,10.0,15.0,15.0,8.0,-66.0,-64.0,-58.0,-63.0,-82.0
2026-06-09 17:04:10.930,1781013850.931,MK8000,48,LOS,punct_interior,5,10,5,2.965,10.0,1.0,9.9,9.74,2.23,7.84,11.23,,,,11.0,8.0,,,,-59.0,-66.0
2026-06-09 17:04:18.515,1781013858.515,MK8000,48,LOS,punct_interior,5,11,5,2.965,10.0,1.0,9.9,9.71,2.26,7.88,10.94,,10.0,19.0,13.0,8.0,,-64.0,-56.0,-63.0,-81.0
2026-06-09 17:04:26.116,1781013866.117,MK8000,48,LOS,punct_interior,5,12,5,2.965,10.0,1.0,9.9,9.67,2.26,7.85,10.89,3.0,10.0,19.0,17.0,10.0,-66.0,-65.0,-57.0,-62.0,-66.0
2026-06-09 17:04:33.749,1781013873.749,MK8000,48,LOS,punct_interior,5,13,5,2.965,10.0,1.0,9.88,9.69,2.22,7.84,10.96,3.0,10.0,18.0,12.0,7.0,-66.0,-64.0,-57.0,-59.0,-78.0
2026-06-09 17:04:41.402,1781013881.402,MK8000,48,LOS,punct_interior,5,14,5,2.965,10.0,1.0,9.91,9.71,2.25,7.95,11.13,5.0,10.0,16.0,15.0,9.0,-66.0,-64.0,-57.0,-61.0,-66.0
2026-06-09 17:04:49.087,1781013889.087,MK8000,48,LOS,punct_interior,5,15,5,2.965,10.0,1.0,9.89,9.71,2.16,7.82,10.98,3.0,10.0,15.0,11.0,8.0,-66.0,-64.0,-58.0,-59.0,-66.0
2026-06-09 17:04:56.795,1781013896.796,MK8000,48,LOS,punct_interior,5,16,5,2.965,10.0,1.0,9.88,9.75,2.23,8.01,11.05,4.0,9.0,15.0,16.0,10.0,-65.0,-65.0,-58.0,-61.0,-81.0
2026-06-09 17:05:04.520,1781013904.52,MK8000,48,LOS,punct_interior,5,17,5,2.965,10.0,1.0,9.91,9.72,2.19,7.85,11.08,4.0,9.0,16.0,14.0,8.0,-65.0,-65.0,-58.0,-62.0,-81.0
2026-06-09 17:05:12.278,1781013912.279,MK8000,48,LOS,punct_interior,5,18,5,2.965,10.0,1.0,9.9,9.72,2.04,8.04,10.76,4.0,11.0,17.0,13.0,7.0,-65.0,-64.0,-58.0,-62.0,-66.0
2026-06-09 17:05:20.063,1781013920.063,MK8000,48,LOS,punct_interior,5,19,5,2.965,10.0,1.0,9.89,9.71,2.21,7.97,10.94,3.0,10.0,17.0,14.0,5.0,-65.0,-64.0,-58.0,-62.0,-69.0
2026-06-09 17:05:27.868,1781013927.869,MK8000,48,LOS,punct_interior,5,20,5,2.965,10.0,1.0,9.89,9.71,2.21,7.88,10.93,3.0,11.0,17.0,15.0,8.0,-65.0,-65.0,-58.0,-62.0,-66.0
2026-06-09 17:05:35.700,1781013935.7,MK8000,48,LOS,punct_interior,5,21,5,2.965,10.0,1.0,9.9,9.75,2.19,7.9,11.15,3.0,9.0,17.0,14.0,10.0,-65.0,-64.0,-57.0,-62.0,-66.0
2026-06-09 17:05:43.554,1781013943.555,MK8000,48,LOS,punct_interior,5,22,5,2.965,10.0,1.0,9.9,9.71,2.34,8.32,11.13,3.0,11.0,15.0,13.0,8.0,-65.0,-64.0,-55.0,-62.0,-81.0
2026-06-09 17:05:51.429,1781013951.429,MK8000,48,LOS,punct_interior,5,23,5,2.965,10.0,1.0,9.84,9.71,2.15,8.67,11.39,0.0,11.0,17.0,17.0,9.0,-60.0,-60.0,-59.0,-62.0,-81.0
2026-06-09 17:05:59.335,1781013959.335,MK8000,48,LOS,punct_interior,5,24,5,2.965,10.0,1.0,9.89,9.7,2.61,8.05,11.27,4.0,10.0,17.0,13.0,11.0,-65.0,-65.0,-56.0,-62.0,-81.0
2026-06-09 17:06:07.267,1781013967.268,MK8000,48,LOS,punct_interior,5,25,5,2.965,10.0,1.0,9.88,9.73,2.42,7.86,11.01,3.0,9.0,17.0,14.0,9.0,-66.0,-64.0,-57.0,-62.0,-80.0
2026-06-09 17:06:14.856,1781013974.857,MK8000,48,LOS,punct_interior,5,26,5,2.965,10.0,1.0,9.91,9.73,2.29,7.82,10.98,3.0,11.0,17.0,15.0,8.0,-65.0,-64.0,-57.0,-62.0,-66.0
2026-06-09 17:06:22.422,1781013982.422,MK8000,48,LOS,punct_interior,5,27,5,2.965,10.0,1.0,9.9,9.72,2.32,7.88,11.05,0.0,11.0,18.0,12.0,9.0,-62.0,-64.0,-57.0,-62.0,-82.0
2026-06-09 17:06:30.002,1781013990.002,MK8000,48,LOS,punct_interior,5,28,5,2.965,10.0,1.0,9.91,9.72,2.42,7.8,11.66,3.0,8.0,16.0,16.0,7.0,-65.0,-64.0,-57.0,-62.0,-79.0
2026-06-09 17:06:37.615,1781013997.615,MK8000,48,LOS,punct_interior,5,29,5,2.965,10.0,1.0,9.86,9.71,2.28,7.79,11.1,1.0,12.0,20.0,15.0,9.0,-62.0,-64.0,-57.0,-63.0,-70.0
2026-06-09 17:06:45.253,1781014005.254,MK8000,48,LOS,punct_interior,5,30,5,2.965,10.0,1.0,9.91,9.68,2.36,8.08,11.02,3.0,11.0,15.0,13.0,11.0,-65.0,-60.0,-57.0,-63.0,-81.0
2026-06-09 17:08:06.345,1781014086.345,MK8000,49,LOS,punct_interior,5,1,5,3.965,10.0,1.0,10.49,10.66,2.83,7.83,14.45,3.0,5.0,19.0,19.0,7.0,-66.0,-66.0,-54.0,-58.0,-85.0
2026-06-09 17:08:14.030,1781014094.031,MK8000,49,LOS,punct_interior,5,2,5,3.965,10.0,1.0,10.2,9.49,2.72,8.02,12.02,4.0,11.0,17.0,16.0,8.0,-66.0,-67.0,-56.0,-58.0,-84.0
2026-06-09 17:08:21.742,1781014101.743,MK8000,49,LOS,punct_interior,5,3,5,3.965,10.0,1.0,9.87,9.46,2.83,8.01,11.41,3.0,13.0,17.0,13.0,7.0,-65.0,-66.0,-54.0,-54.0,-82.0
2026-06-09 17:08:29.473,1781014109.473,MK8000,49,LOS,punct_interior,5,4,5,3.965,10.0,1.0,11.56,9.45,2.74,7.68,11.47,4.0,11.0,19.0,11.0,5.0,-65.0,-66.0,-55.0,-56.0,-86.0
2026-06-09 17:08:37.229,1781014117.229,MK8000,49,LOS,punct_interior,5,5,5,3.965,10.0,1.0,10.75,9.47,2.78,7.8,13.4,3.0,13.0,15.0,14.0,4.0,-66.0,-66.0,-56.0,-56.0,-80.0
2026-06-09 17:08:45.015,1781014125.016,MK8000,49,LOS,punct_interior,5,6,5,3.965,10.0,1.0,11.07,9.47,2.8,7.94,13.2,4.0,13.0,17.0,15.0,6.0,-65.0,-64.0,-55.0,-59.0,-85.0
2026-06-09 17:08:52.847,1781014132.847,MK8000,49,LOS,punct_interior,5,7,5,3.965,10.0,1.0,10.05,9.5,2.81,8.04,12.81,4.0,9.0,21.0,17.0,7.0,-62.0,-66.0,-55.0,-58.0,-79.0
2026-06-09 17:09:01.682,1781014141.683,MK8000,49,LOS,punct_interior,5,8,4,3.965,10.0,1.0,11.67,9.48,2.76,7.97,,6.0,9.0,18.0,19.0,,-65.0,-66.0,-55.0,-59.0,
2026-06-09 17:09:09.545,1781014149.545,MK8000,49,LOS,punct_interior,5,9,5,3.965,10.0,1.0,10.3,9.47,2.75,8.0,12.72,3.0,11.0,19.0,17.0,5.0,-64.0,-65.0,-55.0,-59.0,-81.0
2026-06-09 17:09:17.508,1781014157.508,MK8000,49,LOS,punct_interior,5,10,5,3.965,10.0,1.0,10.04,9.49,2.81,7.89,11.79,3.0,11.0,15.0,17.0,7.0,-66.0,-65.0,-55.0,-59.0,-82.0
2026-06-09 17:09:25.477,1781014165.478,MK8000,49,LOS,punct_interior,5,11,5,3.965,10.0,1.0,10.42,9.49,2.8,7.95,11.78,2.0,10.0,18.0,16.0,8.0,-66.0,-66.0,-55.0,-56.0,-80.0
2026-06-09 17:09:33.496,1781014173.496,MK8000,49,LOS,punct_interior,5,12,5,3.965,10.0,1.0,10.01,9.47,2.81,7.89,11.8,4.0,12.0,16.0,17.0,7.0,-65.0,-65.0,-56.0,-59.0,-81.0
2026-06-09 17:09:41.566,1781014181.566,MK8000,49,LOS,punct_interior,5,13,5,3.965,10.0,1.0,10.59,9.47,2.71,7.91,11.75,4.0,11.0,20.0,15.0,5.0,-65.0,-64.0,-56.0,-56.0,-87.0
2026-06-09 17:09:49.666,1781014189.667,MK8000,49,LOS,punct_interior,5,14,5,3.965,10.0,1.0,9.82,9.52,2.79,7.9,12.26,5.0,12.0,16.0,15.0,3.0,-65.0,-63.0,-55.0,-56.0,-85.0
2026-06-09 17:09:57.398,1781014197.399,MK8000,49,LOS,punct_interior,5,15,5,3.965,10.0,1.0,9.9,9.46,2.84,7.86,11.8,3.0,,,16.0,5.0,-62.0,,,-59.0,-83.0
2026-06-09 17:10:05.450,1781014205.451,MK8000,49,LOS,punct_interior,5,16,5,3.965,10.0,1.0,10.6,9.43,2.79,7.89,11.93,,,,14.0,7.0,,,,-54.0,-85.0
2026-06-09 17:10:13.037,1781014213.038,MK8000,49,LOS,punct_interior,5,17,5,3.965,10.0,1.0,10.16,9.42,2.83,7.89,11.28,3.0,10.0,16.0,16.0,7.0,-65.0,-66.0,-54.0,-57.0,-83.0
2026-06-09 17:10:20.650,1781014220.65,MK8000,49,LOS,punct_interior,5,18,5,3.965,10.0,1.0,9.69,9.5,2.77,7.92,11.53,3.0,11.0,19.0,14.0,9.0,-64.0,-66.0,-55.0,-60.0,-82.0
2026-06-09 17:10:28.287,1781014228.287,MK8000,49,LOS,punct_interior,5,19,5,3.965,10.0,1.0,10.41,9.48,2.89,7.68,11.68,2.0,11.0,15.0,14.0,7.0,-65.0,-65.0,-54.0,-60.0,-84.0
2026-06-09 17:10:35.951,1781014235.952,MK8000,49,LOS,punct_interior,5,20,5,3.965,10.0,1.0,10.23,9.47,2.85,7.75,11.49,-1.0,8.0,17.0,16.0,5.0,-62.0,-67.0,-54.0,-59.0,-79.0
2026-06-09 17:10:43.639,1781014243.639,MK8000,49,LOS,punct_interior,5,21,5,3.965,10.0,1.0,9.86,9.47,2.82,7.72,13.75,5.0,12.0,15.0,16.0,6.0,-62.0,-66.0,-55.0,-61.0,-85.0
2026-06-09 17:10:51.352,1781014251.353,MK8000,49,LOS,punct_interior,5,22,5,3.965,10.0,1.0,10.37,9.49,2.76,7.8,13.83,3.0,12.0,16.0,16.0,3.0,-65.0,-64.0,-55.0,-61.0,-84.0
2026-06-09 17:10:59.087,1781014259.088,MK8000,49,LOS,punct_interior,5,23,5,3.965,10.0,1.0,9.98,9.49,2.84,8.11,11.41,3.0,12.0,18.0,15.0,6.0,-62.0,-64.0,-54.0,-61.0,-84.0
2026-06-09 17:11:06.843,1781014266.844,MK8000,49,LOS,punct_interior,5,24,5,3.965,10.0,1.0,9.76,9.49,2.8,7.91,12.41,4.0,11.0,19.0,15.0,7.0,-59.0,-65.0,-53.0,-56.0,-82.0
2026-06-09 17:11:14.630,1781014274.631,MK8000,49,LOS,punct_interior,5,25,5,3.965,10.0,1.0,10.26,9.49,2.85,7.89,11.72,4.0,11.0,17.0,17.0,7.0,-65.0,-64.0,-54.0,-61.0,-84.0
2026-06-09 17:11:22.443,1781014282.444,MK8000,49,LOS,punct_interior,5,26,5,3.965,10.0,1.0,10.32,9.48,2.84,7.98,11.66,6.0,11.0,22.0,16.0,8.0,-65.0,-66.0,-55.0,-60.0,-84.0
2026-06-09 17:11:30.279,1781014290.28,MK8000,49,LOS,punct_interior,5,27,5,3.965,10.0,1.0,9.92,9.5,2.73,7.9,11.87,2.0,12.0,18.0,17.0,4.0,-66.0,-65.0,-56.0,-59.0,-81.0
2026-06-09 17:11:38.993,1781014298.993,MK8000,49,LOS,punct_interior,5,28,5,3.965,10.0,1.0,10.26,9.47,2.78,8.19,14.1,3.0,12.0,15.0,18.0,8.0,-65.0,-65.0,-56.0,-61.0,-85.0
2026-06-09 17:11:46.868,1781014306.868,MK8000,49,LOS,punct_interior,5,29,5,3.965,10.0,1.0,11.26,9.49,2.77,7.96,11.52,3.0,12.0,22.0,16.0,5.0,-66.0,-65.0,-54.0,-61.0,-85.0
2026-06-09 17:11:55.284,1781014315.285,MK8000,49,LOS,punct_interior,5,30,5,3.965,10.0,1.0,10.07,9.48,2.75,7.95,12.67,0.0,11.0,16.0,17.0,4.0,-62.0,-65.0,-56.0,-61.0,-83.0
2026-06-09 17:12:39.809,1781014359.81,MK8000,50,LOS,punct_interior,5,1,5,4.965,10.0,1.0,10.51,9.38,3.52,7.55,13.36,3.0,12.0,18.0,13.0,5.0,-67.0,-64.0,-56.0,-54.0,-84.0
2026-06-09 17:12:47.345,1781014367.346,MK8000,50,LOS,punct_interior,5,2,5,4.965,10.0,1.0,10.46,9.35,3.55,7.56,13.08,3.0,13.0,18.0,15.0,7.0,-67.0,-65.0,-56.0,-58.0,-83.0
2026-06-09 17:12:54.905,1781014374.906,MK8000,50,LOS,punct_interior,5,3,5,4.965,10.0,1.0,11.03,9.43,3.73,7.68,13.0,2.0,13.0,16.0,16.0,2.0,-67.0,-63.0,-56.0,-61.0,-81.0
2026-06-09 17:13:02.494,1781014382.494,MK8000,50,LOS,punct_interior,5,4,5,4.965,10.0,1.0,10.53,9.39,3.62,7.62,9.99,3.0,10.0,17.0,15.0,2.0,-66.0,-64.0,-55.0,-60.0,-82.0
2026-06-09 17:13:10.110,1781014390.111,MK8000,50,LOS,punct_interior,5,5,5,4.965,10.0,1.0,10.49,9.39,3.56,7.57,12.51,2.0,9.0,16.0,11.0,9.0,-67.0,-66.0,-56.0,-54.0,-85.0
2026-06-09 17:13:17.754,1781014397.755,MK8000,50,LOS,punct_interior,5,6,5,4.965,10.0,1.0,10.51,9.46,3.67,7.64,12.97,3.0,8.0,16.0,15.0,2.0,-66.0,-62.0,-58.0,-61.0,-85.0
2026-06-09 17:13:25.414,1781014405.414,MK8000,50,LOS,punct_interior,5,7,5,4.965,10.0,1.0,10.44,9.4,3.56,7.62,11.8,4.0,11.0,16.0,15.0,9.0,-67.0,-64.0,-55.0,-59.0,-83.0
2026-06-09 17:13:33.101,1781014413.101,MK8000,50,LOS,punct_interior,5,8,5,4.965,10.0,1.0,10.51,9.38,3.58,7.64,14.09,1.0,8.0,15.0,14.0,5.0,-65.0,-65.0,-54.0,-59.0,-78.0
2026-06-09 17:13:40.818,1781014420.819,MK8000,50,LOS,punct_interior,5,9,5,4.965,10.0,1.0,10.53,9.36,3.79,7.67,10.11,2.0,9.0,15.0,22.0,4.0,-67.0,-65.0,-58.0,-58.0,-83.0
2026-06-09 17:13:48.553,1781014428.554,MK8000,50,LOS,punct_interior,5,10,5,4.965,10.0,1.0,10.32,9.72,3.56,7.66,16.28,-1.0,8.0,16.0,15.0,4.0,-83.0,-64.0,-55.0,-58.0,-85.0
2026-06-09 17:13:56.320,1781014436.321,MK8000,50,LOS,punct_interior,5,11,5,4.965,10.0,1.0,10.46,9.69,3.53,7.59,9.91,0.0,8.0,17.0,14.0,7.0,-69.0,-68.0,-56.0,-59.0,-81.0
2026-06-09 17:14:04.105,1781014444.105,MK8000,50,LOS,punct_interior,5,12,5,4.965,10.0,1.0,10.41,9.74,3.59,7.69,9.89,-2.0,3.0,14.0,17.0,6.0,-64.0,-62.0,-57.0,-61.0,-82.0
2026-06-09 17:14:11.927,1781014451.927,MK8000,50,LOS,punct_interior,5,13,5,4.965,10.0,1.0,10.52,9.39,3.57,7.43,15.45,2.0,9.0,15.0,14.0,3.0,-66.0,-66.0,-56.0,-56.0,-85.0
2026-06-09 17:14:19.789,1781014459.79,MK8000,50,LOS,punct_interior,5,14,5,4.965,10.0,1.0,10.49,9.35,3.55,7.49,9.86,3.0,11.0,16.0,14.0,8.0,-67.0,-65.0,-55.0,-54.0,-84.0
2026-06-09 17:14:27.700,1781014467.701,MK8000,50,LOS,punct_interior,5,15,5,4.965,10.0,1.0,10.5,9.37,3.55,7.59,11.81,5.0,10.0,19.0,15.0,5.0,-66.0,-65.0,-56.0,-59.0,-83.0
2026-06-09 17:14:35.643,1781014475.644,MK8000,50,LOS,punct_interior,5,16,5,4.965,10.0,1.0,10.51,9.37,3.55,7.61,10.07,2.0,11.0,16.0,15.0,4.0,-67.0,-62.0,-57.0,-59.0,-83.0
2026-06-09 17:14:43.576,1781014483.577,MK8000,50,LOS,punct_interior,5,17,5,4.965,10.0,1.0,10.51,9.38,3.55,7.59,12.03,2.0,10.0,18.0,16.0,4.0,-67.0,-65.0,-57.0,-54.0,-81.0
2026-06-09 17:14:51.589,1781014491.59,MK8000,50,LOS,punct_interior,5,18,5,4.965,10.0,1.0,10.49,9.38,3.6,7.64,10.15,3.0,10.0,14.0,17.0,5.0,-67.0,-65.0,-55.0,-58.0,-84.0
2026-06-09 17:14:59.670,1781014499.671,MK8000,50,LOS,punct_interior,5,19,5,4.965,10.0,1.0,10.51,9.37,3.57,7.63,10.98,2.0,10.0,12.0,15.0,9.0,-67.0,-65.0,-52.0,-54.0,-83.0
2026-06-09 17:15:07.776,1781014507.776,MK8000,50,LOS,punct_interior,5,20,5,4.965,10.0,1.0,10.5,9.37,3.58,7.64,13.57,3.0,11.0,19.0,18.0,7.0,-66.0,-62.0,-57.0,-58.0,-85.0
2026-06-09 17:15:15.320,1781014515.321,MK8000,50,LOS,punct_interior,5,21,5,4.965,10.0,1.0,10.48,9.38,3.57,7.58,12.0,,,,14.0,4.0,,,,-58.0,-83.0
2026-06-09 17:15:22.890,1781014522.89,MK8000,50,LOS,punct_interior,5,22,5,4.965,10.0,1.0,10.5,9.35,3.53,7.68,14.77,,,15.0,16.0,6.0,,,-57.0,-58.0,-83.0
2026-06-09 17:15:30.475,1781014530.476,MK8000,50,LOS,punct_interior,5,23,5,4.965,10.0,1.0,10.46,9.37,3.54,7.64,10.07,3.0,10.0,17.0,18.0,5.0,-67.0,-65.0,-57.0,-59.0,-83.0
2026-06-09 17:15:38.095,1781014538.095,MK8000,50,LOS,punct_interior,5,24,5,4.965,10.0,1.0,10.51,9.37,3.59,7.61,12.3,3.0,10.0,17.0,15.0,5.0,-67.0,-62.0,-56.0,-54.0,-78.0
2026-06-09 17:15:45.738,1781014545.738,MK8000,50,LOS,punct_interior,5,25,5,4.965,10.0,1.0,10.47,9.36,3.56,7.65,9.95,3.0,13.0,12.0,16.0,5.0,-66.0,-65.0,-52.0,-58.0,-80.0
2026-06-09 17:15:53.406,1781014553.407,MK8000,50,LOS,punct_interior,5,26,5,4.965,10.0,1.0,10.5,9.35,3.57,7.63,15.38,3.0,10.0,16.0,15.0,3.0,-67.0,-66.0,-57.0,-58.0,-86.0
2026-06-09 17:16:01.099,1781014561.1,MK8000,50,LOS,punct_interior,5,27,5,4.965,10.0,1.0,10.49,9.39,3.56,7.58,14.49,2.0,8.0,16.0,13.0,4.0,-67.0,-65.0,-57.0,-58.0,-79.0
2026-06-09 17:16:08.816,1781014568.816,MK8000,50,LOS,punct_interior,5,28,5,4.965,10.0,1.0,10.51,9.38,3.57,7.6,11.62,3.0,12.0,16.0,16.0,4.0,-67.0,-64.0,-55.0,-59.0,-82.0
2026-06-09 17:16:16.564,1781014576.564,MK8000,50,LOS,punct_interior,5,29,5,4.965,10.0,1.0,10.51,9.38,3.53,7.61,13.71,2.0,12.0,19.0,15.0,9.0,-67.0,-62.0,-55.0,-59.0,-85.0
2026-06-09 17:16:24.332,1781014584.332,MK8000,50,LOS,punct_interior,5,30,5,4.965,10.0,1.0,10.49,9.37,3.56,7.64,11.99,4.0,11.0,10.0,17.0,5.0,-67.0,-64.0,-51.0,-59.0,-83.0
2026-06-09 17:19:15.209,1781014755.209,MK8000,52,LOS,punct_interior,5,1,5,1.965,11.0,1.0,10.77,10.86,0.73,7.33,11.68,2.0,9.0,12.0,13.0,12.0,-64.0,-66.0,-54.0,-58.0,-68.0
2026-06-09 17:19:23.226,1781014763.227,MK8000,52,LOS,punct_interior,5,2,5,1.965,11.0,1.0,11.13,10.9,0.74,7.19,11.68,-1.0,10.0,14.0,13.0,10.0,-64.0,-65.0,-54.0,-62.0,-68.0
2026-06-09 17:19:31.061,1781014771.062,MK8000,52,LOS,punct_interior,5,3,5,1.965,11.0,1.0,11.0,10.94,0.75,7.31,11.65,0.0,8.0,13.0,16.0,12.0,-64.0,-63.0,-54.0,-62.0,-68.0
2026-06-09 17:19:38.926,1781014778.927,MK8000,52,LOS,punct_interior,5,4,5,1.965,11.0,1.0,10.74,10.85,0.75,7.34,11.74,2.0,10.0,14.0,13.0,10.0,-64.0,-65.0,-53.0,-58.0,-68.0
2026-06-09 17:19:46.812,1781014786.813,MK8000,52,LOS,punct_interior,5,5,5,1.965,11.0,1.0,11.95,10.85,0.72,7.34,11.74,-2.0,11.0,20.0,16.0,9.0,-66.0,-65.0,-52.0,-62.0,-68.0
2026-06-09 17:19:54.722,1781014794.723,MK8000,52,LOS,punct_interior,5,6,5,1.965,11.0,1.0,10.78,11.08,0.71,8.61,11.62,0.0,9.0,19.0,15.0,8.0,-64.0,-68.0,-52.0,-60.0,-67.0
2026-06-09 17:20:02.305,1781014802.306,MK8000,52,LOS,punct_interior,5,7,5,1.965,11.0,1.0,10.77,10.87,0.72,8.78,11.47,4.0,13.0,13.0,12.0,6.0,-67.0,-65.0,-52.0,-60.0,-66.0
2026-06-09 17:20:09.843,1781014809.844,MK8000,52,LOS,punct_interior,5,8,5,1.965,11.0,1.0,11.21,10.75,0.71,8.1,11.56,-1.0,8.0,16.0,14.0,11.0,-62.0,-62.0,-54.0,-62.0,-67.0
2026-06-09 17:20:17.408,1781014817.409,MK8000,52,LOS,punct_interior,5,9,5,1.965,11.0,1.0,10.79,10.77,0.66,7.5,11.83,-1.0,10.0,13.0,13.0,11.0,-64.0,-66.0,-55.0,-62.0,-68.0
2026-06-09 17:20:25.007,1781014825.008,MK8000,52,LOS,punct_interior,5,10,5,1.965,11.0,1.0,11.04,10.84,0.81,8.08,11.2,0.0,10.0,15.0,11.0,9.0,-64.0,-65.0,-53.0,-60.0,-64.0
2026-06-09 17:20:32.630,1781014832.631,MK8000,52,LOS,punct_interior,5,11,5,1.965,11.0,1.0,10.79,10.9,0.75,7.25,11.58,-1.0,11.0,16.0,14.0,10.0,-64.0,-65.0,-52.0,-60.0,-68.0
2026-06-09 17:20:40.278,1781014840.279,MK8000,52,LOS,punct_interior,5,12,5,1.965,11.0,1.0,10.57,10.84,0.73,7.22,11.09,2.0,10.0,12.0,12.0,11.0,-64.0,-65.0,-54.0,-58.0,-64.0
2026-06-09 17:20:47.948,1781014847.949,MK8000,52,LOS,punct_interior,5,13,5,1.965,11.0,1.0,11.58,10.83,0.74,7.17,11.61,1.0,10.0,16.0,12.0,11.0,-69.0,-65.0,-54.0,-58.0,-67.0
2026-06-09 17:20:55.647,1781014855.648,MK8000,52,LOS,punct_interior,5,14,5,1.965,11.0,1.0,11.31,10.84,0.73,7.48,11.8,1.0,10.0,14.0,14.0,6.0,-68.0,-65.0,-54.0,-60.0,-76.0
2026-06-09 17:21:03.361,1781014863.362,MK8000,52,LOS,punct_interior,5,15,5,1.965,11.0,1.0,10.97,10.8,0.74,7.19,11.83,2.0,9.0,16.0,15.0,8.0,-68.0,-64.0,-53.0,-58.0,-69.0
2026-06-09 17:21:11.302,1781014871.302,MK8000,52,LOS,punct_interior,5,16,5,1.965,11.0,1.0,10.88,10.89,0.72,7.3,11.66,-1.0,10.0,13.0,14.0,13.0,-64.0,-64.0,-53.0,-60.0,-67.0
2026-06-09 17:21:19.075,1781014879.075,MK8000,52,LOS,punct_interior,5,17,5,1.965,11.0,1.0,10.95,10.84,0.73,7.39,11.36,0.0,9.0,15.0,14.0,8.0,-64.0,-62.0,-53.0,-56.0,-69.0
2026-06-09 17:21:26.870,1781014886.87,MK8000,52,LOS,punct_interior,5,18,5,1.965,11.0,1.0,10.66,10.84,0.72,7.48,11.51,-1.0,8.0,15.0,14.0,7.0,-64.0,-62.0,-54.0,-61.0,-64.0
2026-06-09 17:21:34.884,1781014894.885,MK8000,52,LOS,punct_interior,5,19,5,1.965,11.0,1.0,10.67,10.84,0.72,7.37,11.56,-2.0,11.0,15.0,15.0,10.0,-66.0,-65.0,-53.0,-61.0,-68.0
2026-06-09 17:21:42.745,1781014902.745,MK8000,52,LOS,punct_interior,5,20,5,1.965,11.0,1.0,10.79,10.83,0.73,7.42,11.67,-2.0,14.0,14.0,14.0,13.0,-64.0,-65.0,-54.0,-61.0,-66.0
2026-06-09 17:21:50.649,1781014910.649,MK8000,52,LOS,punct_interior,5,21,5,1.965,11.0,1.0,10.63,10.85,0.73,7.42,11.3,-2.0,10.0,18.0,15.0,10.0,-66.0,-66.0,-53.0,-61.0,-66.0
2026-06-09 17:21:58.614,1781014918.615,MK8000,52,LOS,punct_interior,5,22,5,1.965,11.0,1.0,10.69,10.83,0.73,7.47,11.45,0.0,8.0,15.0,15.0,9.0,-64.0,-66.0,-54.0,-62.0,-67.0
2026-06-09 17:22:06.561,1781014926.562,MK8000,52,LOS,punct_interior,5,23,5,1.965,11.0,1.0,10.66,10.83,0.73,7.5,11.38,2.0,11.0,15.0,14.0,10.0,-69.0,-65.0,-54.0,-61.0,-68.0
2026-06-09 17:22:14.550,1781014934.551,MK8000,52,LOS,punct_interior,5,24,5,1.965,11.0,1.0,10.69,10.85,0.72,7.68,11.39,-1.0,9.0,15.0,12.0,11.0,-64.0,-66.0,-54.0,-58.0,-65.0
2026-06-09 17:22:22.637,1781014942.638,MK8000,52,LOS,punct_interior,5,25,5,1.965,11.0,1.0,11.08,10.85,0.74,7.19,11.46,2.0,12.0,18.0,10.0,7.0,-66.0,-65.0,-55.0,-58.0,-62.0
2026-06-09 17:22:30.756,1781014950.757,MK8000,52,LOS,punct_interior,5,26,5,1.965,11.0,1.0,10.74,10.87,0.6,7.1,11.79,0.0,11.0,14.0,16.0,11.0,-64.0,-65.0,-54.0,-61.0,-67.0
2026-06-09 17:22:38.505,1781014958.505,MK8000,52,LOS,punct_interior,5,27,5,1.965,11.0,1.0,10.85,10.82,0.76,7.17,11.63,4.0,,,14.0,10.0,-68.0,,,-58.0,-66.0
2026-06-09 17:22:46.078,1781014966.079,MK8000,52,LOS,punct_interior,5,28,5,1.965,11.0,1.0,10.66,10.83,0.73,7.23,11.66,,,15.0,14.0,12.0,,,-54.0,-60.0,-64.0
2026-06-09 17:22:53.675,1781014973.676,MK8000,52,LOS,punct_interior,5,29,5,1.965,11.0,1.0,10.81,10.85,0.73,7.23,11.78,0.0,12.0,13.0,12.0,8.0,-64.0,-65.0,-54.0,-58.0,-64.0
2026-06-09 17:23:01.298,1781014981.299,MK8000,52,LOS,punct_interior,5,30,5,1.965,11.0,1.0,10.74,10.86,0.65,8.83,11.58,0.0,10.0,17.0,15.0,12.0,-64.0,-62.0,-54.0,-61.0,-65.0
2026-06-09 17:24:57.886,1781015097.886,MK8000,53,LOS,punct_interior,5,1,5,2.965,11.0,1.0,10.74,10.67,1.39,7.13,11.27,3.0,11.0,17.0,14.0,10.0,-62.0,-66.0,-51.0,-55.0,-61.0
2026-06-09 17:25:05.545,1781015105.546,MK8000,53,LOS,punct_interior,5,2,5,2.965,11.0,1.0,10.75,10.68,1.38,7.16,11.38,3.0,12.0,19.0,15.0,9.0,-66.0,-65.0,-51.0,-56.0,-66.0
2026-06-09 17:25:13.238,1781015113.239,MK8000,53,LOS,punct_interior,5,3,5,2.965,11.0,1.0,10.8,10.68,1.38,7.19,11.26,-1.0,10.0,17.0,12.0,10.0,-62.0,-65.0,-51.0,-58.0,-65.0
2026-06-09 17:25:20.960,1781015120.961,MK8000,53,LOS,punct_interior,5,4,5,2.965,11.0,1.0,10.77,10.67,1.38,7.21,11.58,4.0,12.0,19.0,14.0,12.0,-64.0,-65.0,-51.0,-60.0,-67.0
2026-06-09 17:25:28.702,1781015128.702,MK8000,53,LOS,punct_interior,5,5,5,2.965,11.0,1.0,10.8,10.67,1.37,7.29,11.47,3.0,11.0,14.0,15.0,10.0,-65.0,-65.0,-51.0,-56.0,-64.0
2026-06-09 17:25:36.468,1781015136.468,MK8000,53,LOS,punct_interior,5,6,5,2.965,11.0,1.0,10.7,10.67,1.38,7.08,11.36,-2.0,13.0,18.0,14.0,11.0,-62.0,-65.0,-51.0,-56.0,-67.0
2026-06-09 17:25:44.265,1781015144.265,MK8000,53,LOS,punct_interior,5,7,5,2.965,11.0,1.0,10.9,10.68,1.38,7.51,11.28,3.0,10.0,14.0,16.0,10.0,-62.0,-65.0,-51.0,-59.0,-67.0
2026-06-09 17:25:52.087,1781015152.087,MK8000,53,LOS,punct_interior,5,8,5,2.965,11.0,1.0,10.81,10.67,1.39,8.5,11.61,2.0,11.0,19.0,15.0,10.0,-66.0,-65.0,-51.0,-59.0,-64.0
2026-06-09 17:25:59.934,1781015159.934,MK8000,53,LOS,punct_interior,5,9,5,2.965,11.0,1.0,10.79,10.74,1.36,7.49,10.84,0.0,11.0,17.0,17.0,10.0,-60.0,-65.0,-51.0,-60.0,-62.0
2026-06-09 17:26:07.805,1781015167.805,MK8000,53,LOS,punct_interior,5,10,5,2.965,11.0,1.0,10.6,10.68,1.38,7.09,10.99,1.0,10.0,18.0,17.0,10.0,-60.0,-64.0,-50.0,-59.0,-62.0
2026-06-09 17:26:15.700,1781015175.7,MK8000,53,LOS,punct_interior,5,11,5,2.965,11.0,1.0,10.94,10.68,1.36,7.39,10.67,3.0,12.0,21.0,17.0,9.0,-66.0,-64.0,-49.0,-60.0,-66.0
2026-06-09 17:26:23.623,1781015183.624,MK8000,53,LOS,punct_interior,5,12,5,2.965,11.0,1.0,10.78,10.66,1.43,7.33,11.02,3.0,12.0,15.0,18.0,11.0,-65.0,-65.0,-51.0,-59.0,-62.0
2026-06-09 17:26:31.208,1781015191.209,MK8000,53,LOS,punct_interior,5,13,5,2.965,11.0,1.0,10.68,10.67,1.37,8.93,11.59,3.0,11.0,15.0,13.0,6.0,-65.0,-65.0,-52.0,-61.0,-70.0
2026-06-09 17:26:38.762,1781015198.762,MK8000,53,LOS,punct_interior,5,14,5,2.965,11.0,1.0,10.72,10.69,1.43,7.57,10.65,4.0,12.0,17.0,14.0,8.0,-65.0,-65.0,-50.0,-56.0,-62.0
2026-06-09 17:26:46.539,1781015206.54,MK8000,53,LOS,punct_interior,5,15,5,2.965,11.0,1.0,10.92,10.61,1.32,7.49,10.73,3.0,11.0,15.0,15.0,10.0,-67.0,-65.0,-52.0,-62.0,-65.0
2026-06-09 17:26:54.143,1781015214.144,MK8000,53,LOS,punct_interior,5,16,5,2.965,11.0,1.0,10.56,10.65,1.33,7.62,10.57,3.0,10.0,18.0,14.0,14.0,-62.0,-66.0,-51.0,-56.0,-66.0
2026-06-09 17:27:01.771,1781015221.771,MK8000,53,LOS,punct_interior,5,17,5,2.965,11.0,1.0,10.75,10.62,1.37,8.48,10.78,3.0,14.0,19.0,14.0,11.0,-66.0,-65.0,-51.0,-56.0,-65.0
2026-06-09 17:27:09.416,1781015229.416,MK8000,53,LOS,punct_interior,5,18,5,2.965,11.0,1.0,10.85,10.6,1.3,7.57,10.88,2.0,13.0,16.0,12.0,13.0,-62.0,-65.0,-52.0,-60.0,-66.0
2026-06-09 17:27:17.281,1781015237.282,MK8000,53,LOS,punct_interior,5,19,5,2.965,11.0,1.0,10.82,10.63,1.37,7.33,10.96,1.0,9.0,15.0,18.0,11.0,-60.0,-66.0,-50.0,-59.0,-65.0
2026-06-09 17:27:25.485,1781015245.485,MK8000,53,LOS,punct_interior,5,20,5,2.965,11.0,1.0,10.68,12.12,1.4,7.09,10.52,2.0,5.0,17.0,14.0,11.0,-66.0,-66.0,-51.0,-56.0,-62.0
2026-06-09 17:27:34.058,1781015254.059,MK8000,53,LOS,punct_interior,5,21,5,2.965,11.0,1.0,10.76,10.66,1.37,7.2,10.52,-1.0,11.0,24.0,13.0,10.0,-64.0,-66.0,-50.0,-56.0,-62.0
2026-06-09 17:27:41.812,1781015261.812,MK8000,53,LOS,punct_interior,5,22,5,2.965,11.0,1.0,11.03,10.71,1.4,7.04,10.53,-2.0,5.0,14.0,14.0,9.0,-66.0,-64.0,-51.0,-56.0,-62.0
2026-06-09 17:27:50.239,1781015270.239,MK8000,53,LOS,punct_interior,5,23,5,2.965,11.0,1.0,12.57,10.66,1.34,7.42,11.01,1.0,8.0,14.0,15.0,11.0,-83.0,-66.0,-52.0,-58.0,-65.0
2026-06-09 17:27:58.047,1781015278.05,MK8000,53,LOS,punct_interior,5,24,5,2.965,11.0,1.0,12.91,10.74,1.26,7.26,10.7,-2.0,10.0,20.0,16.0,13.0,-80.0,-66.0,-53.0,-56.0,-65.0
2026-06-09 17:28:05.875,1781015285.875,MK8000,53,LOS,punct_interior,5,25,5,2.965,11.0,1.0,12.93,10.72,1.36,7.33,10.7,-3.0,10.0,18.0,16.0,11.0,-66.0,-77.0,-50.0,-56.0,-67.0
2026-06-09 17:28:13.758,1781015293.759,MK8000,53,LOS,punct_interior,5,26,5,2.965,11.0,1.0,11.12,10.9,1.38,7.42,10.96,0.0,6.0,16.0,14.0,11.0,-64.0,-79.0,-51.0,-56.0,-64.0
2026-06-09 17:28:21.660,1781015301.661,MK8000,53,LOS,punct_interior,5,27,5,2.965,11.0,1.0,11.73,10.53,1.37,7.34,10.61,0.0,9.0,19.0,14.0,11.0,-82.0,-82.0,-51.0,-60.0,-62.0
2026-06-09 17:28:29.652,1781015309.652,MK8000,53,LOS,punct_interior,5,28,5,2.965,11.0,1.0,10.75,10.68,1.38,7.31,10.62,0.0,11.0,17.0,12.0,8.0,-62.0,-65.0,-51.0,-55.0,-62.0
2026-06-09 17:28:37.666,1781015317.667,MK8000,53,LOS,punct_interior,5,29,5,2.965,11.0,1.0,10.64,10.67,1.36,7.72,10.62,0.0,10.0,21.0,16.0,9.0,-62.0,-66.0,-50.0,-55.0,-62.0
2026-06-09 17:28:45.732,1781015325.733,MK8000,53,LOS,punct_interior,5,30,5,2.965,11.0,1.0,10.88,10.67,1.38,7.27,11.11,1.0,10.0,16.0,14.0,8.0,-66.0,-66.0,-51.0,-56.0,-62.0
2026-06-09 17:30:13.733,1781015413.733,MK8000,54,LOS,punct_interior,5,1,5,3.965,11.0,1.0,11.23,10.41,2.33,6.75,9.46,-3.0,12.0,21.0,20.0,11.0,-64.0,-65.0,-55.0,-57.0,-64.0
2026-06-09 17:30:21.860,1781015421.86,MK8000,54,LOS,punct_interior,5,2,5,3.965,11.0,1.0,11.12,10.52,2.27,6.81,9.49,-2.0,8.0,17.0,18.0,11.0,-64.0,-67.0,-56.0,-58.0,-64.0
2026-06-09 17:30:29.409,1781015429.41,MK8000,54,LOS,punct_interior,5,3,5,3.965,11.0,1.0,11.11,10.49,2.26,6.81,9.37,,,,20.0,12.0,,,,-58.0,-64.0
2026-06-09 17:30:36.986,1781015436.986,MK8000,54,LOS,punct_interior,5,4,5,3.965,11.0,1.0,11.02,10.43,2.26,6.78,9.47,,8.0,18.0,14.0,10.0,,-68.0,-55.0,-54.0,-64.0
2026-06-09 17:30:44.585,1781015444.586,MK8000,54,LOS,punct_interior,5,5,5,3.965,11.0,1.0,11.23,10.43,2.28,6.78,9.46,1.0,8.0,16.0,17.0,10.0,-69.0,-66.0,-55.0,-58.0,-64.0
2026-06-09 17:30:52.211,1781015452.212,MK8000,54,LOS,punct_interior,5,6,5,3.965,11.0,1.0,11.34,10.43,2.28,6.78,9.54,2.0,8.0,14.0,19.0,12.0,-68.0,-67.0,-56.0,-58.0,-64.0
2026-06-09 17:30:59.860,1781015459.86,MK8000,54,LOS,punct_interior,5,7,5,3.965,11.0,1.0,11.23,10.42,2.27,6.78,9.45,2.0,7.0,19.0,16.0,10.0,-69.0,-67.0,-55.0,-56.0,-64.0
2026-06-09 17:31:07.536,1781015467.536,MK8000,54,LOS,punct_interior,5,8,5,3.965,11.0,1.0,11.23,10.42,2.28,6.82,9.46,1.0,5.0,18.0,20.0,10.0,-69.0,-67.0,-55.0,-58.0,-64.0
2026-06-09 17:31:15.241,1781015475.241,MK8000,54,LOS,punct_interior,5,9,5,3.965,11.0,1.0,11.19,10.41,2.27,6.85,9.52,1.0,8.0,19.0,19.0,11.0,-69.0,-67.0,-55.0,-58.0,-64.0
2026-06-09 17:31:22.960,1781015482.96,MK8000,54,LOS,punct_interior,5,10,5,3.965,11.0,1.0,11.3,10.42,2.27,6.77,9.41,1.0,8.0,23.0,16.0,9.0,-69.0,-66.0,-54.0,-58.0,-64.0
2026-06-09 17:31:30.714,1781015490.715,MK8000,54,LOS,punct_interior,5,11,5,3.965,11.0,1.0,11.19,10.41,2.26,6.8,9.46,2.0,7.0,21.0,15.0,10.0,-69.0,-67.0,-55.0,-58.0,-64.0
2026-06-09 17:31:38.492,1781015498.493,MK8000,54,LOS,punct_interior,5,12,5,3.965,11.0,1.0,11.2,10.42,2.27,6.8,9.53,1.0,7.0,17.0,18.0,9.0,-69.0,-67.0,-56.0,-58.0,-64.0
2026-06-09 17:31:46.294,1781015506.295,MK8000,54,LOS,punct_interior,5,13,5,3.965,11.0,1.0,11.28,10.44,2.25,7.1,9.49,-3.0,7.0,21.0,19.0,12.0,-66.0,-66.0,-54.0,-58.0,-64.0
2026-06-09 17:31:54.119,1781015514.12,MK8000,54,LOS,punct_interior,5,14,5,3.965,11.0,1.0,11.27,10.42,2.26,6.81,9.42,-2.0,10.0,16.0,15.0,12.0,-66.0,-66.0,-56.0,-58.0,-64.0
2026-06-09 17:32:01.972,1781015521.973,MK8000,54,LOS,punct_interior,5,15,5,3.965,11.0,1.0,11.26,10.41,2.27,6.82,9.43,2.0,9.0,19.0,15.0,11.0,-69.0,-66.0,-55.0,-58.0,-64.0
2026-06-09 17:32:09.847,1781015529.847,MK8000,54,LOS,punct_interior,5,16,5,3.965,11.0,1.0,11.17,10.42,2.3,6.81,9.45,-1.0,7.0,16.0,20.0,12.0,-64.0,-67.0,-56.0,-58.0,-64.0
2026-06-09 17:32:17.747,1781015537.748,MK8000,54,LOS,punct_interior,5,17,5,3.965,11.0,1.0,11.2,10.41,2.29,6.81,9.44,2.0,7.0,19.0,19.0,11.0,-69.0,-67.0,-55.0,-59.0,-64.0
2026-06-09 17:32:25.668,1781015545.669,MK8000,54,LOS,punct_interior,5,18,5,3.965,11.0,1.0,11.11,10.45,2.29,6.81,9.48,2.0,6.0,18.0,15.0,11.0,-68.0,-66.0,-56.0,-58.0,-64.0
2026-06-09 17:32:33.257,1781015553.257,MK8000,54,LOS,punct_interior,5,19,5,3.965,11.0,1.0,11.24,10.45,2.27,6.82,9.34,-3.0,6.0,18.0,18.0,9.0,-66.0,-66.0,-54.0,-58.0,-64.0
2026-06-09 17:32:40.813,1781015560.814,MK8000,54,LOS,punct_interior,5,20,5,3.965,11.0,1.0,11.17,10.44,2.27,6.81,9.42,0.0,8.0,21.0,16.0,10.0,-69.0,-66.0,-55.0,-58.0,-62.0
2026-06-09 17:32:48.397,1781015568.397,MK8000,54,LOS,punct_interior,5,21,5,3.965,11.0,1.0,11.2,10.44,2.27,6.83,9.47,-2.0,8.0,19.0,16.0,11.0,-64.0,-66.0,-55.0,-58.0,-64.0
2026-06-09 17:32:56.000,1781015576.001,MK8000,54,LOS,punct_interior,5,22,5,3.965,11.0,1.0,11.23,10.45,2.25,6.8,9.48,1.0,10.0,19.0,21.0,12.0,-69.0,-66.0,-55.0,-59.0,-64.0
2026-06-09 17:33:03.625,1781015583.625,MK8000,54,LOS,punct_interior,5,23,5,3.965,11.0,1.0,11.19,10.44,2.29,6.8,9.42,1.0,10.0,20.0,17.0,11.0,-68.0,-62.0,-55.0,-58.0,-64.0
2026-06-09 17:33:11.276,1781015591.276,MK8000,54,LOS,punct_interior,5,24,5,3.965,11.0,1.0,11.26,10.44,2.26,6.76,9.47,-2.0,7.0,16.0,17.0,12.0,-64.0,-67.0,-56.0,-57.0,-64.0
2026-06-09 17:33:18.952,1781015598.953,MK8000,54,LOS,punct_interior,5,25,5,3.965,11.0,1.0,11.14,10.45,2.28,6.77,9.31,-2.0,7.0,19.0,17.0,7.0,-66.0,-66.0,-55.0,-58.0,-64.0
2026-06-09 17:33:26.660,1781015606.66,MK8000,54,LOS,punct_interior,5,26,5,3.965,11.0,1.0,11.09,10.45,2.27,6.81,9.49,1.0,8.0,20.0,20.0,11.0,-69.0,-66.0,-54.0,-58.0,-64.0
2026-06-09 17:33:34.891,1781015614.892,MK8000,54,LOS,punct_interior,5,27,5,3.965,11.0,1.0,11.2,10.45,2.27,6.75,9.69,-2.0,11.0,17.0,17.0,9.0,-64.0,-62.0,-56.0,-59.0,-61.0
2026-06-09 17:33:42.647,1781015622.647,MK8000,54,LOS,punct_interior,5,28,5,3.965,11.0,1.0,11.19,10.45,2.27,6.81,9.26,2.0,11.0,18.0,17.0,8.0,-69.0,-62.0,-55.0,-57.0,-64.0
2026-06-09 17:33:50.428,1781015630.428,MK8000,54,LOS,punct_interior,5,29,5,3.965,11.0,1.0,11.15,10.43,2.26,6.86,9.43,-2.0,11.0,20.0,17.0,12.0,-64.0,-66.0,-54.0,-58.0,-64.0
2026-06-09 17:33:58.235,1781015638.235,MK8000,54,LOS,punct_interior,5,30,5,3.965,11.0,1.0,11.2,10.43,2.27,6.8,9.29,-3.0,10.0,16.0,19.0,5.0,-66.0,-66.0,-55.0,-59.0,-64.0
2026-06-09 18:02:42.075,1781017362.076,MK8000,55,LOS,punct_interior,5,1,5,4.965,11.0,1.0,11.54,10.39,3.27,6.54,12.05,2.0,8.0,17.0,16.0,6.0,-64.0,-66.0,-57.0,-63.0,-84.0
2026-06-09 18:02:49.923,1781017369.923,MK8000,55,LOS,punct_interior,5,2,5,4.965,11.0,1.0,11.65,10.4,3.3,6.55,11.76,-1.0,8.0,12.0,15.0,10.0,-77.0,-67.0,-52.0,-62.0,-83.0
2026-06-09 18:02:57.825,1781017377.826,MK8000,55,LOS,punct_interior,5,3,5,4.965,11.0,1.0,11.36,10.39,3.31,6.54,11.85,-3.0,7.0,13.0,16.0,7.0,-66.0,-62.0,-52.0,-63.0,-83.0
2026-06-09 18:03:05.776,1781017385.777,MK8000,55,LOS,punct_interior,5,4,5,4.965,11.0,1.0,11.49,10.34,3.38,6.55,11.93,-2.0,8.0,17.0,15.0,9.0,-81.0,-67.0,-56.0,-62.0,-84.0
2026-06-09 18:03:13.823,1781017393.824,MK8000,55,LOS,punct_interior,5,5,5,4.965,11.0,1.0,11.42,10.36,3.3,6.57,11.45,-3.0,6.0,14.0,15.0,6.0,-66.0,-68.0,-52.0,-62.0,-84.0
2026-06-09 18:03:21.889,1781017401.889,MK8000,55,LOS,punct_interior,5,6,5,4.965,11.0,1.0,11.34,10.33,3.3,6.54,12.0,-3.0,8.0,12.0,15.0,8.0,-66.0,-67.0,-54.0,-63.0,-85.0
2026-06-09 18:03:30.497,1781017410.498,MK8000,55,LOS,punct_interior,5,7,5,4.965,11.0,1.0,11.42,10.41,3.34,6.55,12.23,0.0,7.0,11.0,16.0,6.0,-69.0,-62.0,-52.0,-63.0,-84.0
2026-06-09 18:03:38.630,1781017418.63,MK8000,55,LOS,punct_interior,5,8,5,4.965,11.0,1.0,11.56,10.4,3.24,6.53,11.89,-3.0,8.0,17.0,13.0,9.0,-66.0,-67.0,-56.0,-58.0,-82.0
2026-06-09 18:03:46.188,1781017426.189,MK8000,55,LOS,punct_interior,5,9,5,4.965,11.0,1.0,11.55,10.38,3.33,6.55,11.99,,,,17.0,2.0,,,,-63.0,-78.0
2026-06-09 18:03:53.771,1781017433.771,MK8000,55,LOS,punct_interior,5,10,5,4.965,11.0,1.0,12.35,10.39,3.33,6.53,12.09,-2.0,8.0,18.0,13.0,5.0,-81.0,-67.0,-57.0,-58.0,-81.0
2026-06-09 18:04:01.379,1781017441.38,MK8000,55,LOS,punct_interior,5,11,5,4.965,11.0,1.0,11.5,10.4,3.36,6.54,11.96,-2.0,8.0,16.0,12.0,8.0,-64.0,-65.0,-57.0,-58.0,-83.0
2026-06-09 18:04:09.013,1781017449.014,MK8000,55,LOS,punct_interior,5,12,5,4.965,11.0,1.0,11.11,10.39,3.37,6.55,11.97,3.0,9.0,15.0,16.0,9.0,-66.0,-67.0,-57.0,-61.0,-84.0
2026-06-09 18:04:16.672,1781017456.673,MK8000,55,LOS,punct_interior,5,13,5,4.965,11.0,1.0,12.07,10.35,3.34,6.53,11.97,1.0,8.0,16.0,12.0,9.0,-69.0,-67.0,-56.0,-58.0,-85.0
2026-06-09 18:04:25.289,1781017465.289,MK8000,55,LOS,punct_interior,5,14,4,4.965,11.0,1.0,11.71,10.35,3.33,6.56,,-3.0,8.0,17.0,16.0,,-66.0,-67.0,-57.0,-62.0,
2026-06-09 18:04:33.916,1781017473.917,MK8000,55,LOS,punct_interior,5,15,4,4.965,11.0,1.0,11.73,10.36,3.33,6.53,,-4.0,7.0,15.0,16.0,,-66.0,-67.0,-57.0,-63.0,
2026-06-09 18:04:42.555,1781017482.555,MK8000,55,LOS,punct_interior,5,16,4,4.965,11.0,1.0,11.26,10.38,3.33,6.54,,-3.0,7.0,15.0,12.0,,-66.0,-66.0,-57.0,-58.0,
2026-06-09 18:04:50.314,1781017490.315,MK8000,55,LOS,punct_interior,5,17,5,4.965,11.0,1.0,11.45,10.4,3.48,6.55,11.83,-3.0,8.0,15.0,12.0,8.0,-66.0,-67.0,-57.0,-58.0,-86.0
2026-06-09 18:04:58.097,1781017498.098,MK8000,55,LOS,punct_interior,5,18,5,4.965,11.0,1.0,11.05,10.35,3.38,6.55,10.83,2.0,7.0,16.0,16.0,1.0,-66.0,-67.0,-57.0,-62.0,-61.0
2026-06-09 18:05:05.905,1781017505.905,MK8000,55,LOS,punct_interior,5,19,5,4.965,11.0,1.0,12.11,10.4,3.32,6.53,11.77,0.0,8.0,15.0,13.0,8.0,-66.0,-67.0,-56.0,-58.0,-84.0
2026-06-09 18:05:13.737,1781017513.737,MK8000,55,LOS,punct_interior,5,20,5,4.965,11.0,1.0,12.36,10.4,3.35,6.53,12.06,-5.0,8.0,16.0,13.0,6.0,-68.0,-68.0,-56.0,-58.0,-83.0
2026-06-09 18:05:22.514,1781017522.514,MK8000,55,LOS,punct_interior,5,21,4,4.965,11.0,1.0,12.1,10.41,3.32,6.55,,0.0,8.0,18.0,16.0,,-82.0,-67.0,-57.0,-62.0,
2026-06-09 18:05:31.419,1781017531.42,MK8000,55,LOS,punct_interior,5,22,4,4.965,11.0,1.0,11.91,10.42,3.39,6.54,,-3.0,5.0,18.0,17.0,,-78.0,-62.0,-56.0,-62.0,
2026-06-09 18:05:40.196,1781017540.196,MK8000,55,LOS,punct_interior,5,23,4,4.965,11.0,1.0,11.87,10.43,3.38,6.56,,1.0,7.0,16.0,14.0,,-79.0,-62.0,-57.0,-62.0,
2026-06-09 18:05:48.626,1781017548.626,MK8000,55,LOS,punct_interior,5,24,5,4.965,11.0,1.0,12.04,10.42,3.27,6.54,11.47,2.0,9.0,12.0,12.0,6.0,-82.0,-67.0,-52.0,-58.0,-84.0
2026-06-09 18:05:57.259,1781017557.26,MK8000,55,LOS,punct_interior,5,25,4,4.965,11.0,1.0,11.21,10.38,3.32,6.56,,-1.0,9.0,17.0,16.0,,-66.0,-67.0,-56.0,-61.0,
2026-06-09 18:06:05.322,1781017565.322,MK8000,55,LOS,punct_interior,5,26,5,4.965,11.0,1.0,12.34,10.39,3.38,6.57,12.81,0.0,9.0,19.0,15.0,7.0,-70.0,-67.0,-57.0,-62.0,-85.0
2026-06-09 18:06:13.955,1781017573.955,MK8000,55,LOS,punct_interior,5,27,4,4.965,11.0,1.0,11.75,10.35,3.35,6.55,,1.0,7.0,17.0,11.0,,-70.0,-67.0,-56.0,-58.0,
2026-06-09 18:06:22.618,1781017582.619,MK8000,55,LOS,punct_interior,5,28,4,4.965,11.0,1.0,11.8,10.33,3.34,6.56,,1.0,8.0,14.0,14.0,,-69.0,-66.0,-56.0,-63.0,
2026-06-09 18:06:30.754,1781017590.755,MK8000,55,LOS,punct_interior,5,29,5,4.965,11.0,1.0,11.17,10.26,3.48,6.54,13.58,-2.0,8.0,16.0,13.0,4.0,-64.0,-66.0,-54.0,-62.0,-87.0
2026-06-09 18:06:38.921,1781017598.922,MK8000,55,LOS,punct_interior,5,30,5,4.965,11.0,1.0,11.79,10.48,3.39,6.55,14.04,2.0,9.0,17.0,13.0,4.0,-69.0,-66.0,-56.0,-61.0,-86.0
2026-06-10 11:04:24.505,1781078664.506,MK8000,57,LOS,punct_interior,5,1,4,1.965,12.0,1.0,12.07,11.96,0.46,6.38,,-2.0,11.0,15.0,14.0,,-64.0,-65.0,-49.0,-54.0,
2026-06-10 11:04:32.213,1781078672.213,MK8000,57,LOS,punct_interior,5,2,5,1.965,12.0,1.0,12.16,11.71,0.48,6.5,10.59,-1.0,10.0,17.0,15.0,5.0,-66.0,-66.0,-49.0,-56.0,-64.0
2026-06-10 11:04:40.940,1781078680.941,MK8000,57,LOS,punct_interior,5,3,4,1.965,12.0,1.0,12.14,11.71,0.49,7.11,,-2.0,10.0,18.0,17.0,,-66.0,-65.0,-48.0,-57.0,
2026-06-10 11:04:49.205,1781078689.205,MK8000,57,LOS,punct_interior,5,4,5,1.965,12.0,1.0,12.19,11.73,0.42,6.67,10.8,-2.0,9.0,16.0,14.0,7.0,-64.0,-65.0,-48.0,-57.0,-64.0
2026-06-10 11:04:56.991,1781078696.991,MK8000,57,LOS,punct_interior,5,5,5,1.965,12.0,1.0,12.18,11.67,0.46,6.67,10.39,1.0,10.0,17.0,13.0,11.0,-64.0,-65.0,-48.0,-57.0,-64.0
2026-06-10 11:05:05.903,1781078705.904,MK8000,57,LOS,punct_interior,5,6,4,1.965,12.0,1.0,12.09,11.66,0.46,6.38,,0.0,13.0,15.0,16.0,,-64.0,-65.0,-48.0,-61.0,
2026-06-10 11:05:14.724,1781078714.724,MK8000,57,LOS,punct_interior,5,7,4,1.965,12.0,1.0,12.13,11.64,0.46,6.45,,-1.0,10.0,12.0,16.0,,-63.0,-66.0,-51.0,-56.0,
2026-06-10 11:05:23.077,1781078723.077,MK8000,57,LOS,punct_interior,5,8,5,1.965,12.0,1.0,12.11,11.76,0.46,6.51,11.19,-1.0,12.0,18.0,13.0,12.0,-66.0,-66.0,-48.0,-58.0,-64.0
2026-06-10 11:05:31.469,1781078731.469,MK8000,57,LOS,punct_interior,5,9,5,1.965,12.0,1.0,12.07,11.73,0.45,6.78,10.78,-1.0,10.0,14.0,14.0,10.0,-64.0,-66.0,-49.0,-54.0,-64.0
2026-06-10 11:05:40.413,1781078740.414,MK8000,57,LOS,punct_interior,5,10,4,1.965,12.0,1.0,12.12,11.66,0.45,6.62,,-1.0,11.0,14.0,17.0,,-63.0,-66.0,-51.0,-54.0,
2026-06-10 11:05:49.414,1781078749.415,MK8000,57,LOS,punct_interior,5,11,4,1.965,12.0,1.0,12.13,11.88,0.45,6.67,,1.0,9.0,17.0,15.0,,-68.0,-62.0,-49.0,-54.0,
2026-06-10 11:05:57.479,1781078757.479,MK8000,57,LOS,punct_interior,5,12,5,1.965,12.0,1.0,12.12,11.7,0.45,6.51,10.64,3.0,11.0,16.0,16.0,9.0,-68.0,-66.0,-48.0,-58.0,-64.0
2026-06-10 11:06:06.535,1781078766.535,MK8000,57,LOS,punct_interior,5,13,4,1.965,12.0,1.0,12.17,11.67,0.46,6.44,,1.0,10.0,15.0,13.0,,-68.0,-66.0,-49.0,-54.0,
2026-06-10 11:06:14.472,1781078774.473,MK8000,57,LOS,punct_interior,5,14,5,1.965,12.0,1.0,12.13,11.69,0.45,6.5,11.35,1.0,10.0,,15.0,9.0,-68.0,-62.0,,-58.0,-64.0
2026-06-10 11:06:22.536,1781078782.537,MK8000,57,LOS,punct_interior,5,15,5,1.965,12.0,1.0,12.11,11.67,0.45,6.59,10.78,,,,15.0,7.0,,,,-58.0,-64.0
2026-06-10 11:06:30.617,1781078790.618,MK8000,57,LOS,punct_interior,5,16,5,1.965,12.0,1.0,12.04,11.78,0.46,6.47,10.27,-1.0,7.0,16.0,16.0,8.0,-62.0,-62.0,-49.0,-57.0,-62.0
2026-06-10 11:06:39.209,1781078799.21,MK8000,57,LOS,punct_interior,5,17,4,1.965,12.0,1.0,12.04,11.64,0.5,6.42,,-1.0,10.0,15.0,13.0,,-62.0,-66.0,-48.0,-57.0,
2026-06-10 11:06:46.844,1781078806.844,MK8000,57,LOS,punct_interior,5,18,5,1.965,12.0,1.0,12.1,11.67,0.47,6.3,11.1,0.0,9.0,16.0,12.0,8.0,-64.0,-65.0,-48.0,-54.0,-62.0
2026-06-10 11:06:55.407,1781078815.408,MK8000,57,LOS,punct_interior,5,19,4,1.965,12.0,1.0,12.16,11.66,0.47,6.3,,0.0,10.0,15.0,15.0,,-62.0,-66.0,-48.0,-58.0,
2026-06-10 11:07:04.003,1781078824.004,MK8000,57,LOS,punct_interior,5,20,4,1.965,12.0,1.0,12.16,11.75,0.42,6.44,,0.0,10.0,14.0,13.0,,-64.0,-64.0,-49.0,-54.0,
2026-06-10 11:07:12.614,1781078832.615,MK8000,57,LOS,punct_interior,5,21,4,1.965,12.0,1.0,12.14,11.7,0.48,6.34,,-1.0,9.0,15.0,13.0,,-61.0,-62.0,-49.0,-54.0,
2026-06-10 11:07:20.351,1781078840.351,MK8000,57,LOS,punct_interior,5,22,5,1.965,12.0,1.0,12.02,11.78,0.47,6.64,11.34,2.0,9.0,16.0,15.0,9.0,-63.0,-66.0,-49.0,-54.0,-68.0
2026-06-10 11:07:29.468,1781078849.469,MK8000,57,LOS,punct_interior,5,23,5,1.965,12.0,1.0,12.05,11.68,0.44,6.3,11.01,0.0,8.0,18.0,13.0,7.0,-64.0,-66.0,-48.0,-52.0,-68.0
2026-06-10 11:07:38.152,1781078858.153,MK8000,57,LOS,punct_interior,5,24,4,1.965,12.0,1.0,12.06,11.67,0.45,6.43,,0.0,10.0,17.0,14.0,,-62.0,-66.0,-49.0,-54.0,
2026-06-10 11:07:46.865,1781078866.865,MK8000,57,LOS,punct_interior,5,25,4,1.965,12.0,1.0,12.04,11.65,0.48,6.51,,0.0,11.0,16.0,17.0,,-64.0,-66.0,-48.0,-54.0,
2026-06-10 11:07:55.199,1781078875.2,MK8000,57,LOS,punct_interior,5,26,5,1.965,12.0,1.0,12.03,11.9,0.47,6.53,10.52,2.0,10.0,15.0,14.0,11.0,-68.0,-62.0,-48.0,-58.0,-64.0
2026-06-10 11:08:03.055,1781078883.056,MK8000,57,LOS,punct_interior,5,27,5,1.965,12.0,1.0,12.09,11.74,0.47,6.43,10.45,-1.0,10.0,14.0,13.0,10.0,-62.0,-62.0,-48.0,-54.0,-64.0
2026-06-10 11:08:10.941,1781078890.942,MK8000,57,LOS,punct_interior,5,28,5,1.965,12.0,1.0,12.04,11.66,0.43,6.4,11.11,2.0,9.0,17.0,13.0,7.0,-68.0,-66.0,-49.0,-54.0,-66.0
2026-06-10 11:08:18.856,1781078898.856,MK8000,57,LOS,punct_interior,5,29,5,1.965,12.0,1.0,11.96,11.69,0.43,6.38,10.77,-2.0,10.0,19.0,13.0,12.0,-66.0,-66.0,-48.0,-57.0,-64.0
2026-06-10 11:08:26.640,1781078906.64,MK8000,57,LOS,punct_interior,5,30,5,1.965,12.0,1.0,11.95,11.72,0.48,6.61,11.59,-2.0,10.0,13.0,15.0,8.0,-66.0,-62.0,-48.0,-54.0,-64.0
2026-06-10 11:14:07.029,1781079247.029,MK8000,58,LOS,punct_interior,5,1,5,2.965,12.0,1.0,11.8,11.7,0.99,6.42,11.24,2.0,7.0,17.0,16.0,9.0,-69.0,-66.0,-56.0,-59.0,-66.0
2026-06-10 11:14:14.599,1781079254.6,MK8000,58,LOS,punct_interior,5,2,5,2.965,12.0,1.0,11.8,11.66,0.92,6.47,11.2,1.0,7.0,16.0,15.0,10.0,-69.0,-66.0,-57.0,-60.0,-64.0
2026-06-10 11:14:22.195,1781079262.195,MK8000,58,LOS,punct_interior,5,3,5,2.965,12.0,1.0,11.8,11.64,1.08,6.47,11.22,1.0,8.0,18.0,16.0,11.0,-69.0,-67.0,-56.0,-59.0,-64.0
2026-06-10 11:14:29.805,1781079269.806,MK8000,58,LOS,punct_interior,5,4,5,2.965,12.0,1.0,11.81,11.64,0.9,6.5,10.93,0.0,11.0,19.0,13.0,10.0,-64.0,-66.0,-57.0,-59.0,-66.0
2026-06-10 11:14:37.444,1781079277.445,MK8000,58,LOS,punct_interior,5,5,5,2.965,12.0,1.0,11.79,11.63,0.94,6.46,9.92,2.0,9.0,17.0,16.0,11.0,-64.0,-67.0,-56.0,-59.0,-62.0
2026-06-10 11:14:45.107,1781079285.108,MK8000,58,LOS,punct_interior,5,6,5,2.965,12.0,1.0,11.79,11.65,0.92,6.54,11.2,2.0,11.0,16.0,17.0,11.0,-68.0,-65.0,-57.0,-59.0,-67.0
2026-06-10 11:14:52.801,1781079292.802,MK8000,58,LOS,punct_interior,5,7,5,2.965,12.0,1.0,11.79,11.62,0.96,6.5,11.25,2.0,11.0,15.0,21.0,8.0,-69.0,-66.0,-56.0,-59.0,-66.0
2026-06-10 11:15:00.519,1781079300.519,MK8000,58,LOS,punct_interior,5,8,5,2.965,12.0,1.0,11.81,11.66,1.05,6.51,11.25,0.0,9.0,16.0,15.0,9.0,-69.0,-66.0,-56.0,-59.0,-66.0
2026-06-10 11:15:08.256,1781079308.257,MK8000,58,LOS,punct_interior,5,9,5,2.965,12.0,1.0,11.81,11.61,1.06,6.51,11.24,0.0,11.0,15.0,15.0,9.0,-69.0,-66.0,-56.0,-59.0,-66.0
2026-06-10 11:15:16.024,1781079316.025,MK8000,58,LOS,punct_interior,5,10,5,2.965,12.0,1.0,11.8,11.66,1.06,6.45,11.25,1.0,12.0,14.0,17.0,11.0,-68.0,-66.0,-56.0,-59.0,-64.0
2026-06-10 11:15:23.817,1781079323.818,MK8000,58,LOS,punct_interior,5,11,5,2.965,12.0,1.0,11.81,11.61,0.9,6.49,10.51,0.0,11.0,15.0,20.0,11.0,-69.0,-66.0,-57.0,-58.0,-62.0
2026-06-10 11:15:31.627,1781079331.628,MK8000,58,LOS,punct_interior,5,12,5,2.965,12.0,1.0,11.8,11.67,0.91,6.46,10.47,3.0,11.0,15.0,16.0,13.0,-68.0,-65.0,-57.0,-59.0,-62.0
2026-06-10 11:15:39.472,1781079339.472,MK8000,58,LOS,punct_interior,5,13,5,2.965,12.0,1.0,11.81,11.64,0.98,6.49,11.22,-1.0,7.0,17.0,17.0,11.0,-64.0,-67.0,-56.0,-58.0,-64.0
2026-06-10 11:15:47.385,1781079347.385,MK8000,58,LOS,punct_interior,5,14,5,2.965,12.0,1.0,11.78,11.63,0.92,6.49,11.2,1.0,8.0,12.0,15.0,10.0,-64.0,-67.0,-52.0,-59.0,-62.0
2026-06-10 11:15:55.346,1781079355.347,MK8000,58,LOS,punct_interior,5,15,5,2.965,12.0,1.0,11.79,11.61,1.16,6.48,11.22,2.0,7.0,16.0,16.0,10.0,-64.0,-67.0,-55.0,-58.0,-62.0
2026-06-10 11:16:03.349,1781079363.349,MK8000,58,LOS,punct_interior,5,16,5,2.965,12.0,1.0,11.81,11.65,0.96,6.56,10.49,2.0,8.0,17.0,16.0,11.0,-68.0,-66.0,-56.0,-59.0,-62.0
2026-06-10 11:16:11.401,1781079371.401,MK8000,58,LOS,punct_interior,5,17,5,2.965,12.0,1.0,11.81,11.63,1.14,6.54,11.22,1.0,10.0,16.0,17.0,10.0,-64.0,-66.0,-55.0,-59.0,-62.0
2026-06-10 11:16:19.495,1781079379.496,MK8000,58,LOS,punct_interior,5,18,5,2.965,12.0,1.0,11.83,11.64,0.94,6.46,11.25,2.0,10.0,16.0,16.0,11.0,-68.0,-65.0,-56.0,-59.0,-62.0
2026-06-10 11:16:27.616,1781079387.616,MK8000,58,LOS,punct_interior,5,19,5,2.965,12.0,1.0,11.8,11.72,0.95,6.54,11.2,2.0,11.0,15.0,15.0,8.0,-68.0,-66.0,-56.0,-59.0,-65.0
2026-06-10 11:16:35.361,1781079395.361,MK8000,58,LOS,punct_interior,5,20,5,2.965,12.0,1.0,11.81,11.59,1.07,6.47,10.48,-2.0,,,13.0,11.0,-64.0,,,-54.0,-62.0
2026-06-10 11:16:42.933,1781079402.933,MK8000,58,LOS,punct_interior,5,21,5,2.965,12.0,1.0,11.81,11.66,0.96,6.45,11.24,,,,16.0,11.0,,,,-59.0,-64.0
2026-06-10 11:16:50.527,1781079410.528,MK8000,58,LOS,punct_interior,5,22,5,2.965,12.0,1.0,11.83,11.63,0.96,6.48,11.22,2.0,8.0,14.0,15.0,12.0,-68.0,-66.0,-56.0,-59.0,-64.0
2026-06-10 11:16:58.140,1781079418.141,MK8000,58,LOS,punct_interior,5,23,5,2.965,12.0,1.0,11.81,11.6,0.92,6.51,11.22,1.0,10.0,17.0,18.0,12.0,-68.0,-66.0,-57.0,-59.0,-64.0
2026-06-10 11:17:05.780,1781079425.78,MK8000,58,LOS,punct_interior,5,24,5,2.965,12.0,1.0,11.81,11.65,1.06,6.48,11.21,2.0,10.0,19.0,17.0,11.0,-69.0,-67.0,-55.0,-59.0,-64.0
2026-06-10 11:17:13.448,1781079433.449,MK8000,58,LOS,punct_interior,5,25,5,2.965,12.0,1.0,11.8,11.61,0.92,6.46,11.24,-2.0,9.0,19.0,18.0,11.0,-64.0,-66.0,-56.0,-59.0,-66.0
2026-06-10 11:17:21.143,1781079441.144,MK8000,58,LOS,punct_interior,5,26,5,2.965,12.0,1.0,11.84,11.6,1.16,6.43,10.46,0.0,8.0,14.0,13.0,12.0,-64.0,-67.0,-55.0,-56.0,-62.0
2026-06-10 11:17:28.868,1781079448.869,MK8000,58,LOS,punct_interior,5,27,5,2.965,12.0,1.0,11.81,11.64,0.99,6.46,11.22,0.0,9.0,16.0,14.0,14.0,-66.0,-66.0,-56.0,-56.0,-60.0
2026-06-10 11:17:36.611,1781079456.612,MK8000,58,LOS,punct_interior,5,28,5,2.965,12.0,1.0,11.81,11.61,0.92,6.44,11.26,2.0,8.0,15.0,17.0,11.0,-68.0,-67.0,-56.0,-59.0,-62.0
2026-06-10 11:17:44.376,1781079464.377,MK8000,58,LOS,punct_interior,5,29,5,2.965,12.0,1.0,11.83,11.59,0.9,6.43,11.19,-2.0,10.0,17.0,15.0,13.0,-64.0,-66.0,-57.0,-54.0,-62.0
2026-06-10 11:17:52.169,1781079472.17,MK8000,58,LOS,punct_interior,5,30,5,2.965,12.0,1.0,11.65,11.65,1.04,6.29,10.48,2.0,11.0,16.0,17.0,10.0,-66.0,-65.0,-56.0,-60.0,-62.0
2026-06-10 11:18:22.819,1781079502.82,MK8000,59,LOS,punct_interior,5,1,5,3.965,12.0,1.0,12.05,11.43,2.32,5.73,8.94,2.0,9.0,19.0,16.0,11.0,-70.0,-67.0,-58.0,-54.0,-62.0
2026-06-10 11:18:30.663,1781079510.663,MK8000,59,LOS,punct_interior,5,2,5,3.965,12.0,1.0,11.85,11.43,1.91,5.86,9.42,-2.0,7.0,14.0,15.0,12.0,-64.0,-68.0,-54.0,-59.0,-64.0
2026-06-10 11:18:38.524,1781079518.525,MK8000,59,LOS,punct_interior,5,3,5,3.965,12.0,1.0,11.96,11.43,1.92,5.87,9.21,-2.0,8.0,16.0,17.0,8.0,-66.0,-68.0,-58.0,-59.0,-62.0
2026-06-10 11:18:46.426,1781079526.426,MK8000,59,LOS,punct_interior,5,4,5,3.965,12.0,1.0,11.97,11.41,1.89,5.79,9.85,-2.0,7.0,16.0,18.0,3.0,-64.0,-68.0,-58.0,-59.0,-57.0
2026-06-10 11:18:54.341,1781079534.342,MK8000,59,LOS,punct_interior,5,5,5,3.965,12.0,1.0,11.89,11.43,1.91,5.82,10.26,2.0,10.0,13.0,22.0,10.0,-69.0,-68.0,-52.0,-58.0,-62.0
2026-06-10 11:19:01.922,1781079541.922,MK8000,59,LOS,punct_interior,5,6,5,3.965,12.0,1.0,11.87,11.42,1.92,5.74,10.58,1.0,8.0,19.0,13.0,9.0,-69.0,-68.0,-57.0,-54.0,-62.0
2026-06-10 11:19:09.467,1781079549.467,MK8000,59,LOS,punct_interior,5,7,5,3.965,12.0,1.0,12.31,11.42,1.91,5.8,10.12,1.0,7.0,14.0,14.0,9.0,-69.0,-68.0,-54.0,-54.0,-62.0
2026-06-10 11:19:17.040,1781079557.04,MK8000,59,LOS,punct_interior,5,8,5,3.965,12.0,1.0,11.91,11.43,1.96,5.8,10.48,1.0,10.0,14.0,16.0,10.0,-69.0,-68.0,-57.0,-56.0,-61.0
2026-06-10 11:19:24.640,1781079564.641,MK8000,59,LOS,punct_interior,5,9,5,3.965,12.0,1.0,11.83,11.43,1.9,5.83,10.16,-2.0,9.0,15.0,21.0,8.0,-64.0,-68.0,-54.0,-60.0,-61.0
2026-06-10 11:19:32.263,1781079572.264,MK8000,59,LOS,punct_interior,5,10,5,3.965,12.0,1.0,11.84,11.42,1.9,5.84,9.21,-2.0,7.0,14.0,17.0,8.0,-64.0,-68.0,-54.0,-58.0,-62.0
2026-06-10 11:19:39.906,1781079579.907,MK8000,59,LOS,punct_interior,5,11,5,3.965,12.0,1.0,11.84,11.43,1.96,5.79,10.14,3.0,9.0,16.0,15.0,8.0,-69.0,-68.0,-57.0,-54.0,-62.0
2026-06-10 11:19:47.574,1781079587.574,MK8000,59,LOS,punct_interior,5,12,5,3.965,12.0,1.0,11.95,11.41,1.9,5.8,9.24,-2.0,8.0,13.0,15.0,7.0,-64.0,-68.0,-54.0,-54.0,-62.0
2026-06-10 11:19:55.273,1781079595.274,MK8000,59,LOS,punct_interior,5,13,5,3.965,12.0,1.0,12.01,11.42,1.91,5.79,10.57,2.0,6.0,14.0,17.0,10.0,-68.0,-68.0,-58.0,-59.0,-62.0
2026-06-10 11:20:02.990,1781079602.99,MK8000,59,LOS,punct_interior,5,14,5,3.965,12.0,1.0,12.01,11.41,1.91,5.83,10.17,1.0,8.0,14.0,17.0,8.0,-69.0,-68.0,-54.0,-58.0,-62.0
2026-06-10 11:20:10.725,1781079610.726,MK8000,59,LOS,punct_interior,5,15,5,3.965,12.0,1.0,11.94,11.43,1.92,5.82,9.83,1.0,9.0,15.0,17.0,9.0,-68.0,-69.0,-54.0,-58.0,-62.0
2026-06-10 11:20:18.485,1781079618.486,MK8000,59,LOS,punct_interior,5,16,5,3.965,12.0,1.0,12.25,11.43,1.9,5.73,10.14,2.0,9.0,14.0,14.0,8.0,-68.0,-68.0,-54.0,-54.0,-62.0
2026-06-10 11:20:26.284,1781079626.284,MK8000,59,LOS,punct_interior,5,17,5,3.965,12.0,1.0,11.85,11.43,1.93,5.83,10.21,2.0,8.0,14.0,15.0,7.0,-69.0,-68.0,-54.0,-58.0,-62.0
2026-06-10 11:20:34.108,1781079634.109,MK8000,59,LOS,punct_interior,5,18,5,3.965,12.0,1.0,11.84,11.43,1.91,5.77,10.64,2.0,10.0,12.0,14.0,8.0,-68.0,-68.0,-57.0,-54.0,-62.0
2026-06-10 11:20:41.961,1781079641.962,MK8000,59,LOS,punct_interior,5,19,5,3.965,12.0,1.0,12.0,11.43,1.89,5.75,10.38,1.0,8.0,14.0,18.0,9.0,-68.0,-68.0,-54.0,-58.0,-60.0
2026-06-10 11:20:49.872,1781079649.873,MK8000,59,LOS,punct_interior,5,20,5,3.965,12.0,1.0,11.86,11.42,1.92,5.76,10.19,1.0,9.0,15.0,15.0,8.0,-68.0,-68.0,-54.0,-57.0,-62.0
2026-06-10 11:20:57.847,1781079657.848,MK8000,59,LOS,punct_interior,5,21,5,3.965,12.0,1.0,12.2,11.42,1.87,5.68,10.59,-1.0,11.0,13.0,15.0,6.0,-64.0,-68.0,-54.0,-54.0,-62.0
2026-06-10 11:21:05.841,1781079665.842,MK8000,59,LOS,punct_interior,5,22,5,3.965,12.0,1.0,11.96,11.43,1.89,5.84,10.7,-2.0,8.0,15.0,18.0,10.0,-66.0,-68.0,-54.0,-58.0,-66.0
2026-06-10 11:21:13.891,1781079673.892,MK8000,59,LOS,punct_interior,5,23,5,3.965,12.0,1.0,11.96,11.42,1.91,5.8,10.05,2.0,9.0,14.0,15.0,8.0,-69.0,-68.0,-54.0,-54.0,-64.0
2026-06-10 11:21:21.981,1781079681.981,MK8000,59,LOS,punct_interior,5,24,5,3.965,12.0,1.0,11.87,11.44,1.88,5.81,9.43,2.0,9.0,14.0,13.0,6.0,-68.0,-68.0,-54.0,-56.0,-62.0
2026-06-10 11:21:30.099,1781079690.1,MK8000,59,LOS,punct_interior,5,25,5,3.965,12.0,1.0,11.85,11.43,1.91,5.92,10.14,-1.0,10.0,16.0,17.0,9.0,-64.0,-68.0,-57.0,-58.0,-62.0
2026-06-10 11:21:37.643,1781079697.644,MK8000,59,LOS,punct_interior,5,26,5,3.965,12.0,1.0,11.93,11.43,1.91,5.71,9.69,,,,16.0,10.0,,,,-54.0,-64.0
2026-06-10 11:21:45.718,1781079705.719,MK8000,59,LOS,punct_interior,5,27,5,3.965,12.0,1.0,11.91,11.43,1.95,5.79,9.15,,10.0,14.0,18.0,9.0,,-68.0,-54.0,-59.0,-61.0
2026-06-10 11:21:53.316,1781079713.317,MK8000,59,LOS,punct_interior,5,28,5,3.965,12.0,1.0,11.85,11.42,1.9,5.92,9.18,2.0,8.0,15.0,15.0,9.0,-68.0,-69.0,-54.0,-56.0,-64.0
2026-06-10 11:22:00.939,1781079720.939,MK8000,59,LOS,punct_interior,5,29,5,3.965,12.0,1.0,11.97,11.33,1.96,5.81,9.31,2.0,7.0,15.0,22.0,10.0,-64.0,-80.0,-54.0,-58.0,-62.0
2026-06-10 11:22:08.603,1781079728.603,MK8000,59,LOS,punct_interior,5,30,5,3.965,12.0,1.0,12.29,11.42,2.19,5.87,9.41,-1.0,11.0,12.0,18.0,9.0,-64.0,-66.0,-52.0,-58.0,-64.0
2026-06-10 11:23:12.485,1781079792.486,MK8000,60,LOS,punct_interior,5,1,5,4.965,12.0,1.0,12.92,11.43,2.96,5.6,8.73,-2.0,6.0,16.0,19.0,11.0,-66.0,-77.0,-58.0,-57.0,-62.0
2026-06-10 11:23:20.183,1781079800.184,MK8000,60,LOS,punct_interior,5,2,5,4.965,12.0,1.0,12.34,11.2,2.99,5.6,8.46,2.0,5.0,20.0,16.0,8.0,-79.0,-66.0,-57.0,-58.0,-64.0
2026-06-10 11:23:27.909,1781079807.909,MK8000,60,LOS,punct_interior,5,3,5,4.965,12.0,1.0,12.26,11.29,3.13,5.62,8.61,2.0,4.0,18.0,17.0,7.0,-80.0,-80.0,-58.0,-58.0,-66.0
2026-06-10 11:23:35.656,1781079815.657,MK8000,60,LOS,punct_interior,5,4,5,4.965,12.0,1.0,12.49,11.17,3.27,5.58,7.81,-3.0,6.0,17.0,19.0,7.0,-66.0,-79.0,-57.0,-58.0,-62.0
2026-06-10 11:23:43.431,1781079823.432,MK8000,60,LOS,punct_interior,5,5,5,4.965,12.0,1.0,12.44,11.27,3.04,5.61,8.08,1.0,4.0,19.0,17.0,8.0,-79.0,-66.0,-56.0,-58.0,-66.0
2026-06-10 11:23:51.224,1781079831.224,MK8000,60,LOS,punct_interior,5,6,5,4.965,12.0,1.0,12.46,11.46,3.04,5.62,8.28,-2.0,4.0,18.0,15.0,9.0,-66.0,-66.0,-58.0,-58.0,-62.0
2026-06-10 11:23:59.047,1781079839.047,MK8000,60,LOS,punct_interior,5,7,5,4.965,12.0,1.0,12.39,11.21,3.26,5.6,8.29,1.0,5.0,17.0,19.0,8.0,-68.0,-78.0,-58.0,-58.0,-62.0
2026-06-10 11:24:06.894,1781079846.894,MK8000,60,LOS,punct_interior,5,8,5,4.965,12.0,1.0,12.49,11.24,2.94,5.6,7.95,1.0,4.0,13.0,17.0,11.0,-69.0,-66.0,-54.0,-58.0,-60.0
2026-06-10 11:24:14.768,1781079854.769,MK8000,60,LOS,punct_interior,5,9,5,4.965,12.0,1.0,12.42,11.16,3.0,5.63,8.12,-3.0,6.0,16.0,14.0,8.0,-66.0,-83.0,-57.0,-58.0,-62.0
2026-06-10 11:24:22.664,1781079862.665,MK8000,60,LOS,punct_interior,5,10,5,4.965,12.0,1.0,12.38,11.14,2.85,5.61,8.24,1.0,5.0,12.0,15.0,8.0,-69.0,-79.0,-54.0,-58.0,-62.0
2026-06-10 11:24:30.582,1781079870.583,MK8000,60,LOS,punct_interior,5,11,5,4.965,12.0,1.0,12.36,11.09,3.15,5.61,8.24,-3.0,5.0,18.0,16.0,8.0,-66.0,-79.0,-57.0,-57.0,-62.0
2026-06-10 11:24:38.171,1781079878.171,MK8000,60,LOS,punct_interior,5,12,5,4.965,12.0,1.0,12.32,11.39,3.0,5.62,7.66,-3.0,6.0,16.0,15.0,7.0,-66.0,-80.0,-57.0,-58.0,-60.0
2026-06-10 11:24:45.725,1781079885.726,MK8000,60,LOS,punct_interior,5,13,5,4.965,12.0,1.0,12.51,11.55,3.07,5.58,8.66,-3.0,8.0,19.0,17.0,11.0,-66.0,-80.0,-58.0,-57.0,-62.0
2026-06-10 11:24:53.305,1781079893.306,MK8000,60,LOS,punct_interior,5,14,5,4.965,12.0,1.0,12.49,11.49,3.1,5.59,8.28,1.0,6.0,22.0,16.0,6.0,-69.0,-81.0,-57.0,-58.0,-66.0
2026-06-10 11:25:00.910,1781079900.91,MK8000,60,LOS,punct_interior,5,15,5,4.965,12.0,1.0,12.54,11.12,3.33,5.61,8.42,-2.0,7.0,16.0,22.0,7.0,-66.0,-78.0,-57.0,-57.0,-62.0
2026-06-10 11:25:08.538,1781079908.539,MK8000,60,LOS,punct_interior,5,16,5,4.965,12.0,1.0,12.31,11.31,3.09,5.6,8.23,-3.0,6.0,19.0,14.0,8.0,-66.0,-80.0,-57.0,-57.0,-66.0
2026-06-10 11:25:16.193,1781079916.193,MK8000,60,LOS,punct_interior,5,17,5,4.965,12.0,1.0,12.5,11.2,3.03,5.58,8.55,1.0,4.0,12.0,14.0,11.0,-69.0,-66.0,-54.0,-57.0,-60.0
2026-06-10 11:25:23.871,1781079923.872,MK8000,60,LOS,punct_interior,5,18,5,4.965,12.0,1.0,12.34,11.26,3.09,5.61,8.64,1.0,4.0,16.0,17.0,7.0,-69.0,-66.0,-57.0,-58.0,-60.0
2026-06-10 11:25:31.566,1781079931.567,MK8000,60,LOS,punct_interior,5,19,5,4.965,12.0,1.0,12.33,11.23,3.05,5.61,8.23,-2.0,5.0,19.0,17.0,10.0,-66.0,-83.0,-56.0,-58.0,-62.0
2026-06-10 11:25:39.292,1781079939.292,MK8000,60,LOS,punct_interior,5,20,5,4.965,12.0,1.0,12.34,11.09,3.1,5.6,8.19,-3.0,5.0,14.0,15.0,10.0,-66.0,-82.0,-52.0,-58.0,-62.0
2026-06-10 11:25:47.044,1781079947.045,MK8000,60,LOS,punct_interior,5,21,5,4.965,12.0,1.0,12.21,11.15,2.84,5.63,8.01,2.0,5.0,14.0,16.0,6.0,-69.0,-79.0,-54.0,-57.0,-65.0
2026-06-10 11:25:54.821,1781079954.821,MK8000,60,LOS,punct_interior,5,22,5,4.965,12.0,1.0,12.28,11.2,2.93,5.6,7.63,1.0,5.0,17.0,15.0,10.0,-69.0,-82.0,-57.0,-59.0,-62.0
2026-06-10 11:26:02.612,1781079962.613,MK8000,60,LOS,punct_interior,5,23,5,4.965,12.0,1.0,12.39,11.36,2.96,5.59,8.7,-3.0,7.0,18.0,19.0,9.0,-66.0,-83.0,-57.0,-56.0,-64.0
2026-06-10 11:26:10.433,1781079970.433,MK8000,60,LOS,punct_interior,5,24,5,4.965,12.0,1.0,12.38,11.73,3.86,5.62,8.3,2.0,5.0,14.0,15.0,10.0,-69.0,-66.0,-52.0,-57.0,-62.0
2026-06-10 11:26:18.313,1781079978.314,MK8000,60,LOS,punct_interior,5,25,5,4.965,12.0,1.0,12.46,11.35,3.1,5.59,8.68,1.0,6.0,19.0,15.0,12.0,-69.0,-66.0,-57.0,-59.0,-62.0
2026-06-10 11:26:26.223,1781079986.223,MK8000,60,LOS,punct_interior,5,26,5,4.965,12.0,1.0,12.26,11.51,3.51,5.62,8.69,-1.0,9.0,17.0,18.0,12.0,-64.0,-66.0,-59.0,-57.0,-62.0
2026-06-10 11:26:34.143,1781079994.144,MK8000,60,LOS,punct_interior,5,27,5,4.965,12.0,1.0,12.3,11.36,3.59,5.62,8.36,1.0,9.0,16.0,18.0,7.0,-66.0,-69.0,-56.0,-56.0,-62.0
2026-06-10 11:26:42.167,1781080002.168,MK8000,60,LOS,punct_interior,5,28,5,4.965,12.0,1.0,12.2,11.15,3.29,5.59,8.16,-1.0,8.0,11.0,16.0,10.0,-64.0,-68.0,-54.0,-56.0,-62.0
2026-06-10 11:26:50.208,1781080010.209,MK8000,60,LOS,punct_interior,5,29,5,4.965,12.0,1.0,12.39,11.37,3.81,5.6,8.57,1.0,8.0,18.0,19.0,9.0,-69.0,-68.0,-57.0,-56.0,-62.0
2026-06-10 11:26:58.310,1781080018.311,MK8000,60,LOS,punct_interior,5,30,5,4.965,12.0,1.0,12.32,11.19,3.27,5.61,8.41,2.0,10.0,18.0,19.0,11.0,-69.0,-68.0,-52.0,-56.0,-62.0
2026-06-10 11:28:35.926,1781080115.926,MK8000,63,LOS,punct_interior,5,1,4,2.965,13.0,1.0,12.72,12.45,1.73,5.36,,1.0,7.0,15.0,18.0,,-64.0,-62.0,-58.0,-58.0,
2026-06-10 11:28:43.480,1781080123.48,MK8000,63,LOS,punct_interior,5,2,5,2.965,13.0,1.0,12.77,12.42,1.73,5.26,9.78,,,,14.0,10.0,,,,-54.0,-79.0
2026-06-10 11:28:51.061,1781080131.061,MK8000,63,LOS,punct_interior,5,3,5,2.965,13.0,1.0,12.73,12.21,1.75,5.35,13.86,2.0,9.0,16.0,19.0,8.0,-68.0,-67.0,-56.0,-58.0,-81.0
2026-06-10 11:28:59.158,1781080139.159,MK8000,63,LOS,punct_interior,5,4,5,2.965,13.0,1.0,12.74,12.58,1.43,5.5,12.05,1.0,10.0,17.0,13.0,7.0,-69.0,-62.0,-58.0,-60.0,-81.0
2026-06-10 11:29:06.791,1781080146.792,MK8000,63,LOS,punct_interior,5,5,5,2.965,13.0,1.0,12.99,12.62,1.86,5.5,11.48,2.0,7.0,13.0,13.0,9.0,-77.0,-66.0,-52.0,-56.0,-82.0
2026-06-10 11:29:14.939,1781080154.94,MK8000,63,LOS,punct_interior,5,6,5,2.965,13.0,1.0,12.9,12.38,1.64,5.11,10.45,4.0,5.0,19.0,15.0,8.0,-65.0,-66.0,-56.0,-56.0,-66.0
2026-06-10 11:29:22.616,1781080162.616,MK8000,63,LOS,punct_interior,5,7,5,2.965,13.0,1.0,12.73,12.44,1.76,5.68,10.27,2.0,8.0,16.0,15.0,5.0,-68.0,-66.0,-55.0,-60.0,-66.0
2026-06-10 11:29:30.318,1781080170.319,MK8000,63,LOS,punct_interior,5,8,5,2.965,13.0,1.0,12.79,12.4,1.51,6.95,13.68,3.0,8.0,15.0,16.0,6.0,-67.0,-67.0,-56.0,-56.0,-66.0
2026-06-10 11:29:38.049,1781080178.049,MK8000,63,LOS,punct_interior,5,9,5,2.965,13.0,1.0,12.87,12.34,1.83,7.7,11.27,0.0,10.0,19.0,13.0,8.0,-69.0,-68.0,-58.0,-56.0,-66.0
2026-06-10 11:29:45.801,1781080185.802,MK8000,63,LOS,punct_interior,5,10,5,2.965,13.0,1.0,13.02,12.42,1.8,7.23,12.47,-2.0,9.0,16.0,15.0,3.0,-64.0,-62.0,-57.0,-56.0,-82.0
2026-06-10 11:29:53.582,1781080193.582,MK8000,63,LOS,punct_interior,5,11,5,2.965,13.0,1.0,12.96,12.38,1.86,5.55,11.35,2.0,10.0,17.0,18.0,6.0,-68.0,-66.0,-57.0,-59.0,-66.0
2026-06-10 11:30:01.390,1781080201.39,MK8000,63,LOS,punct_interior,5,12,5,2.965,13.0,1.0,13.1,12.38,1.79,7.71,11.27,2.0,9.0,21.0,19.0,10.0,-68.0,-67.0,-56.0,-59.0,-66.0
2026-06-10 11:30:09.212,1781080209.213,MK8000,63,LOS,punct_interior,5,13,5,2.965,13.0,1.0,13.01,12.3,1.84,7.61,11.67,2.0,9.0,19.0,14.0,8.0,-69.0,-66.0,-55.0,-58.0,-81.0
2026-06-10 11:30:17.067,1781080217.068,MK8000,63,LOS,punct_interior,5,14,5,2.965,13.0,1.0,12.82,12.4,1.87,7.27,10.52,0.0,10.0,18.0,13.0,6.0,-70.0,-62.0,-56.0,-56.0,-66.0
2026-06-10 11:30:25.443,1781080225.444,MK8000,63,LOS,punct_interior,5,15,5,2.965,13.0,1.0,12.79,12.41,1.73,7.49,10.88,1.0,7.0,15.0,18.0,7.0,-82.0,-66.0,-57.0,-59.0,-66.0
2026-06-10 11:30:33.337,1781080233.338,MK8000,63,LOS,punct_interior,5,16,5,2.965,13.0,1.0,12.77,12.33,1.7,7.13,10.17,-5.0,7.0,19.0,17.0,8.0,-65.0,-62.0,-57.0,-59.0,-66.0
2026-06-10 11:30:41.265,1781080241.266,MK8000,63,LOS,punct_interior,5,17,5,2.965,13.0,1.0,12.82,12.32,1.81,5.42,10.31,2.0,6.0,19.0,18.0,9.0,-64.0,-67.0,-57.0,-59.0,-66.0
2026-06-10 11:30:48.846,1781080248.847,MK8000,63,LOS,punct_interior,5,18,5,2.965,13.0,1.0,12.87,12.49,1.75,5.62,10.14,1.0,8.0,22.0,18.0,6.0,-68.0,-68.0,-57.0,-58.0,-66.0
2026-06-10 11:30:56.401,1781080256.402,MK8000,63,LOS,punct_interior,5,19,5,2.965,13.0,1.0,12.81,12.37,1.79,5.63,10.0,0.0,7.0,17.0,10.0,8.0,-69.0,-68.0,-55.0,-54.0,-66.0
2026-06-10 11:31:03.977,1781080263.978,MK8000,63,LOS,punct_interior,5,20,5,2.965,13.0,1.0,12.85,12.45,1.68,7.73,11.25,1.0,10.0,17.0,17.0,8.0,-69.0,-67.0,-58.0,-58.0,-66.0
2026-06-10 11:31:11.589,1781080271.589,MK8000,63,LOS,punct_interior,5,21,5,2.965,13.0,1.0,12.74,12.42,1.69,5.39,12.38,1.0,11.0,20.0,15.0,5.0,-79.0,-63.0,-56.0,-60.0,-82.0
2026-06-10 11:31:19.222,1781080279.222,MK8000,63,LOS,punct_interior,5,22,5,2.965,13.0,1.0,12.96,12.47,1.72,5.28,10.14,-3.0,9.0,17.0,17.0,10.0,-66.0,-67.0,-57.0,-58.0,-62.0
2026-06-10 11:31:27.891,1781080287.892,MK8000,63,LOS,punct_interior,5,23,4,2.965,13.0,1.0,12.79,12.32,1.74,5.36,,1.0,6.0,14.0,13.0,,-66.0,-69.0,-57.0,-54.0,
2026-06-10 11:31:35.564,1781080295.564,MK8000,63,LOS,punct_interior,5,24,5,2.965,13.0,1.0,12.65,12.26,1.72,5.25,10.06,2.0,11.0,17.0,15.0,6.0,-79.0,-64.0,-56.0,-54.0,-62.0
2026-06-10 11:31:43.261,1781080303.261,MK8000,63,LOS,punct_interior,5,25,5,2.965,13.0,1.0,12.72,12.34,1.81,5.41,10.36,0.0,7.0,16.0,14.0,6.0,-70.0,-64.0,-56.0,-54.0,-64.0
2026-06-10 11:31:50.987,1781080310.988,MK8000,63,LOS,punct_interior,5,26,5,2.965,13.0,1.0,12.72,12.48,1.74,5.33,9.75,0.0,9.0,16.0,16.0,7.0,-78.0,-62.0,-57.0,-54.0,-68.0
2026-06-10 11:31:58.740,1781080318.74,MK8000,63,LOS,punct_interior,5,27,5,2.965,13.0,1.0,12.74,12.25,1.74,5.43,11.06,0.0,8.0,21.0,16.0,8.0,-68.0,-64.0,-57.0,-54.0,-64.0
2026-06-10 11:32:06.521,1781080326.522,MK8000,63,LOS,punct_interior,5,28,5,2.965,13.0,1.0,12.71,12.35,1.76,5.49,10.07,-1.0,8.0,18.0,13.0,9.0,-70.0,-67.0,-57.0,-52.0,-64.0
2026-06-10 11:32:15.299,1781080335.299,MK8000,63,LOS,punct_interior,5,29,4,2.965,13.0,1.0,12.75,12.32,1.76,,10.97,1.0,11.0,16.0,,9.0,-78.0,-68.0,-57.0,,-67.0
2026-06-10 11:32:23.138,1781080343.138,MK8000,63,LOS,punct_interior,5,30,5,2.965,13.0,1.0,12.82,12.36,1.74,5.28,11.01,1.0,10.0,20.0,16.0,8.0,-70.0,-67.0,-56.0,-54.0,-64.0
2026-06-10 11:33:12.654,1781080392.655,MK8000,64,LOS,punct_interior,5,1,5,3.965,13.0,1.0,13.41,12.43,2.28,4.84,8.25,-3.0,8.0,15.0,17.0,9.0,-66.0,-68.0,-57.0,-57.0,-62.0
2026-06-10 11:33:20.583,1781080400.584,MK8000,64,LOS,punct_interior,5,2,5,3.965,13.0,1.0,12.81,12.58,2.32,4.83,8.59,-3.0,8.0,16.0,16.0,10.0,-66.0,-67.0,-57.0,-57.0,-62.0
2026-06-10 11:33:28.592,1781080408.592,MK8000,64,LOS,punct_interior,5,3,5,3.965,13.0,1.0,12.63,12.65,2.28,4.8,8.43,-5.0,9.0,16.0,18.0,13.0,-66.0,-68.0,-57.0,-56.0,-62.0
2026-06-10 11:33:36.602,1781080416.603,MK8000,64,LOS,punct_interior,5,4,5,3.965,13.0,1.0,12.91,12.7,2.55,4.71,8.4,-1.0,8.0,13.0,15.0,12.0,-79.0,-68.0,-54.0,-54.0,-62.0
2026-06-10 11:33:44.669,1781080424.67,MK8000,64,LOS,punct_interior,5,5,5,3.965,13.0,1.0,12.79,12.62,2.3,4.79,8.47,-3.0,8.0,17.0,15.0,12.0,-66.0,-68.0,-58.0,-58.0,-59.0
2026-06-10 11:33:52.779,1781080432.779,MK8000,64,LOS,punct_interior,5,6,5,3.965,13.0,1.0,12.92,12.62,2.55,4.87,8.44,-4.0,9.0,10.0,17.0,12.0,-66.0,-67.0,-54.0,-57.0,-59.0
2026-06-10 11:34:00.909,1781080440.909,MK8000,64,LOS,punct_interior,5,7,5,3.965,13.0,1.0,14.11,12.64,2.52,4.88,8.35,-4.0,9.0,18.0,18.0,12.0,-66.0,-67.0,-58.0,-58.0,-62.0
2026-06-10 11:34:08.469,1781080448.469,MK8000,64,LOS,punct_interior,5,8,5,3.965,13.0,1.0,14.12,12.67,2.41,4.84,8.4,,,,16.0,10.0,,,,-58.0,-59.0
2026-06-10 11:34:16.052,1781080456.053,MK8000,64,LOS,punct_interior,5,9,5,3.965,13.0,1.0,13.27,12.77,2.32,4.64,8.32,,11.0,16.0,13.0,11.0,,-67.0,-58.0,-57.0,-62.0
2026-06-10 11:34:23.663,1781080463.663,MK8000,64,LOS,punct_interior,5,10,5,3.965,13.0,1.0,12.94,12.71,2.66,4.8,8.38,1.0,10.0,11.0,15.0,12.0,-82.0,-66.0,-54.0,-57.0,-62.0
2026-06-10 11:34:31.297,1781080471.297,MK8000,64,LOS,punct_interior,5,11,5,3.965,13.0,1.0,13.01,12.77,2.56,4.99,8.54,2.0,9.0,13.0,16.0,11.0,-81.0,-67.0,-54.0,-58.0,-59.0
2026-06-10 11:34:38.957,1781080478.958,MK8000,64,LOS,punct_interior,5,12,5,3.965,13.0,1.0,12.79,12.55,2.54,4.69,8.6,0.0,10.0,24.0,16.0,12.0,-69.0,-68.0,-57.0,-54.0,-60.0
2026-06-10 11:34:46.641,1781080486.642,MK8000,64,LOS,punct_interior,5,13,5,3.965,13.0,1.0,12.85,12.71,2.3,4.72,8.45,-3.0,8.0,18.0,16.0,12.0,-66.0,-64.0,-58.0,-56.0,-60.0
2026-06-10 11:34:54.344,1781080494.344,MK8000,64,LOS,punct_interior,5,14,5,3.965,13.0,1.0,13.65,12.64,2.32,4.72,8.35,0.0,11.0,15.0,15.0,15.0,-70.0,-67.0,-58.0,-54.0,-60.0
2026-06-10 11:35:02.077,1781080502.077,MK8000,64,LOS,punct_interior,5,15,5,3.965,13.0,1.0,13.53,12.51,2.5,4.77,8.36,0.0,7.0,13.0,13.0,11.0,-70.0,-64.0,-54.0,-57.0,-59.0
2026-06-10 11:35:09.831,1781080509.832,MK8000,64,LOS,punct_interior,5,16,5,3.965,13.0,1.0,12.98,12.49,2.28,4.92,8.46,-3.0,10.0,16.0,17.0,14.0,-66.0,-67.0,-57.0,-58.0,-60.0
2026-06-10 11:35:17.615,1781080517.616,MK8000,64,LOS,punct_interior,5,17,5,3.965,13.0,1.0,14.29,12.74,2.53,4.78,8.35,-2.0,8.0,11.0,14.0,12.0,-80.0,-68.0,-54.0,-54.0,-59.0
2026-06-10 11:35:25.428,1781080525.429,MK8000,64,LOS,punct_interior,5,18,5,3.965,13.0,1.0,14.39,12.62,2.55,4.85,8.39,-1.0,10.0,21.0,18.0,12.0,-68.0,-67.0,-58.0,-56.0,-59.0
2026-06-10 11:35:33.256,1781080533.257,MK8000,64,LOS,punct_interior,5,19,5,3.965,13.0,1.0,13.61,12.64,2.3,4.76,8.53,0.0,9.0,14.0,16.0,12.0,-66.0,-68.0,-57.0,-54.0,-60.0
2026-06-10 11:35:41.114,1781080541.114,MK8000,64,LOS,punct_interior,5,20,5,3.965,13.0,1.0,13.12,12.67,2.29,5.06,8.37,1.0,9.0,15.0,17.0,10.0,-70.0,-66.0,-54.0,-58.0,-62.0
2026-06-10 11:35:48.997,1781080548.998,MK8000,64,LOS,punct_interior,5,21,5,3.965,13.0,1.0,13.71,12.69,2.54,4.84,8.34,-1.0,9.0,18.0,15.0,12.0,-79.0,-67.0,-57.0,-57.0,-59.0
2026-06-10 11:35:56.896,1781080556.897,MK8000,64,LOS,punct_interior,5,22,5,3.965,13.0,1.0,13.01,12.68,2.28,4.73,8.52,-3.0,8.0,16.0,13.0,13.0,-66.0,-67.0,-57.0,-56.0,-60.0
2026-06-10 11:36:04.829,1781080564.83,MK8000,64,LOS,punct_interior,5,23,5,3.965,13.0,1.0,13.41,12.7,2.4,4.8,8.49,1.0,8.0,19.0,15.0,11.0,-70.0,-68.0,-57.0,-58.0,-59.0
2026-06-10 11:36:12.421,1781080572.421,MK8000,64,LOS,punct_interior,5,24,5,3.965,13.0,1.0,12.7,12.71,2.34,4.78,8.45,-3.0,13.0,14.0,18.0,13.0,-66.0,-67.0,-57.0,-58.0,-60.0
2026-06-10 11:36:19.985,1781080579.986,MK8000,64,LOS,punct_interior,5,25,5,3.965,13.0,1.0,14.17,12.64,2.29,4.77,8.3,-1.0,9.0,13.0,17.0,9.0,-70.0,-68.0,-54.0,-58.0,-62.0
2026-06-10 11:36:27.566,1781080587.567,MK8000,64,LOS,punct_interior,5,26,5,3.965,13.0,1.0,13.88,12.68,2.53,4.93,8.43,-1.0,10.0,23.0,13.0,9.0,-81.0,-67.0,-57.0,-58.0,-62.0
2026-06-10 11:36:35.182,1781080595.183,MK8000,64,LOS,punct_interior,5,27,5,3.965,13.0,1.0,13.11,12.57,2.31,4.92,8.82,0.0,9.0,16.0,15.0,10.0,-66.0,-64.0,-58.0,-54.0,-62.0
2026-06-10 11:36:42.822,1781080602.822,MK8000,64,LOS,punct_interior,5,28,5,3.965,13.0,1.0,13.03,12.74,2.31,4.97,8.33,2.0,10.0,16.0,16.0,13.0,-66.0,-68.0,-56.0,-57.0,-60.0
2026-06-10 11:36:50.484,1781080610.485,MK8000,64,LOS,punct_interior,5,29,5,3.965,13.0,1.0,13.42,12.57,2.53,4.98,8.31,-3.0,10.0,18.0,14.0,10.0,-66.0,-68.0,-57.0,-56.0,-62.0
2026-06-10 11:36:58.674,1781080618.675,MK8000,64,LOS,punct_interior,5,30,5,3.965,13.0,1.0,12.72,12.77,2.39,5.81,8.82,-1.0,10.0,13.0,18.0,9.0,-71.0,-67.0,-56.0,-59.0,-59.0
2026-06-10 11:37:27.850,1781080647.85,MK8000,65,LOS,punct_interior,5,1,5,4.965,13.0,1.0,14.05,12.87,3.57,4.54,7.6,1.0,5.0,16.0,15.0,10.0,-82.0,-78.0,-55.0,-54.0,-65.0
2026-06-10 11:37:35.587,1781080655.588,MK8000,65,LOS,punct_interior,5,2,5,4.965,13.0,1.0,13.97,12.64,3.55,4.5,7.73,-1.0,9.0,14.0,19.0,11.0,-76.0,-82.0,-55.0,-55.0,-64.0
2026-06-10 11:37:43.346,1781080663.346,MK8000,65,LOS,punct_interior,5,3,5,4.965,13.0,1.0,13.17,12.42,3.55,4.5,7.72,-3.0,3.0,14.0,14.0,9.0,-66.0,-83.0,-56.0,-55.0,-65.0
2026-06-10 11:37:51.125,1781080671.126,MK8000,65,LOS,punct_interior,5,4,5,4.965,13.0,1.0,13.61,12.65,3.58,4.53,7.63,-2.0,7.0,15.0,12.0,8.0,-66.0,-82.0,-54.0,-50.0,-65.0
2026-06-10 11:37:58.927,1781080678.927,MK8000,65,LOS,punct_interior,5,5,5,4.965,13.0,1.0,14.22,12.34,3.55,4.51,7.63,2.0,7.0,16.0,14.0,10.0,-80.0,-83.0,-55.0,-50.0,-65.0
2026-06-10 11:38:06.778,1781080686.778,MK8000,65,LOS,punct_interior,5,6,5,4.965,13.0,1.0,13.88,12.53,3.55,4.52,7.59,-1.0,7.0,18.0,18.0,9.0,-77.0,-80.0,-54.0,-54.0,-66.0
2026-06-10 11:38:15.071,1781080695.072,MK8000,65,LOS,punct_interior,5,7,5,4.965,13.0,1.0,13.61,12.44,3.6,4.5,7.68,0.0,5.0,18.0,14.0,10.0,-83.0,-81.0,-56.0,-50.0,-66.0
2026-06-10 11:38:22.986,1781080702.987,MK8000,65,LOS,punct_interior,5,8,5,4.965,13.0,1.0,13.62,12.59,3.56,4.5,7.59,-1.0,9.0,19.0,20.0,11.0,-77.0,-79.0,-56.0,-54.0,-62.0
2026-06-10 11:38:30.982,1781080710.983,MK8000,65,LOS,punct_interior,5,9,5,4.965,13.0,1.0,13.72,12.59,3.53,4.51,7.62,-2.0,8.0,19.0,20.0,11.0,-66.0,-79.0,-55.0,-53.0,-62.0
2026-06-10 11:38:39.035,1781080719.036,MK8000,65,LOS,punct_interior,5,10,5,4.965,13.0,1.0,13.45,12.63,3.53,4.52,7.56,-1.0,6.0,18.0,18.0,11.0,-77.0,-82.0,-54.0,-54.0,-62.0
2026-06-10 11:38:47.120,1781080727.121,MK8000,65,LOS,punct_interior,5,11,5,4.965,13.0,1.0,13.51,12.62,3.52,4.52,7.82,-1.0,7.0,18.0,16.0,12.0,-77.0,-81.0,-55.0,-54.0,-60.0
2026-06-10 11:38:55.235,1781080735.236,MK8000,65,LOS,punct_interior,5,12,5,4.965,13.0,1.0,13.39,12.52,3.53,4.53,7.62,-1.0,1.0,15.0,17.0,10.0,-77.0,-61.0,-56.0,-53.0,-64.0
2026-06-10 11:39:03.168,1781080743.169,MK8000,65,LOS,punct_interior,5,13,5,4.965,13.0,1.0,14.08,12.66,3.56,4.53,7.62,-2.0,6.0,,12.0,12.0,-80.0,-82.0,,-50.0,-65.0
2026-06-10 11:39:11.571,1781080751.572,MK8000,65,LOS,punct_interior,5,14,5,4.965,13.0,1.0,13.86,12.69,3.55,4.54,7.62,,4.0,,17.0,9.0,,-81.0,,-54.0,-65.0
2026-06-10 11:39:19.156,1781080759.156,MK8000,65,LOS,punct_interior,5,15,5,4.965,13.0,1.0,13.17,12.63,3.57,4.54,7.79,-3.0,6.0,16.0,19.0,10.0,-66.0,-66.0,-55.0,-53.0,-65.0
2026-06-10 11:39:26.764,1781080766.764,MK8000,65,LOS,punct_interior,5,16,5,4.965,13.0,1.0,13.79,12.74,3.57,4.53,7.63,-2.0,4.0,17.0,20.0,10.0,-66.0,-81.0,-54.0,-54.0,-65.0
2026-06-10 11:39:35.249,1781080775.25,MK8000,65,LOS,punct_interior,5,17,5,4.965,13.0,1.0,13.48,13.02,3.55,4.52,7.57,-1.0,5.0,14.0,12.0,13.0,-77.0,-83.0,-55.0,-50.0,-62.0
2026-06-10 11:39:43.101,1781080783.101,MK8000,65,LOS,punct_interior,5,18,5,4.965,13.0,1.0,13.73,12.75,3.56,4.54,7.58,-2.0,8.0,21.0,17.0,8.0,-81.0,-82.0,-55.0,-54.0,-65.0
2026-06-10 11:39:50.791,1781080790.792,MK8000,65,LOS,punct_interior,5,19,5,4.965,13.0,1.0,13.6,12.67,3.56,4.54,7.62,-2.0,3.0,15.0,19.0,8.0,-66.0,-82.0,-55.0,-53.0,-65.0
2026-06-10 11:39:59.098,1781080799.098,MK8000,65,LOS,punct_interior,5,20,5,4.965,13.0,1.0,14.46,12.74,3.57,4.54,7.62,-3.0,3.0,15.0,16.0,9.0,-66.0,-66.0,-55.0,-54.0,-65.0
2026-06-10 11:40:06.832,1781080806.833,MK8000,65,LOS,punct_interior,5,21,5,4.965,13.0,1.0,14.01,12.78,3.55,4.54,7.49,-1.0,8.0,17.0,16.0,12.0,-76.0,-83.0,-54.0,-54.0,-62.0
2026-06-10 11:40:14.587,1781080814.588,MK8000,65,LOS,punct_interior,5,22,5,4.965,13.0,1.0,13.37,12.86,3.53,4.51,7.49,-2.0,7.0,15.0,14.0,9.0,-66.0,-84.0,-55.0,-50.0,-66.0
2026-06-10 11:40:22.564,1781080822.565,MK8000,65,LOS,punct_interior,5,23,5,4.965,13.0,1.0,13.57,12.8,3.57,4.54,7.59,-3.0,6.0,17.0,15.0,14.0,-66.0,-82.0,-55.0,-53.0,-60.0
2026-06-10 11:40:30.971,1781080830.972,MK8000,65,LOS,punct_interior,5,24,5,4.965,13.0,1.0,14.09,13.04,3.55,4.54,7.55,-3.0,0.0,15.0,17.0,10.0,-66.0,-77.0,-54.0,-54.0,-62.0
2026-06-10 11:40:38.805,1781080838.805,MK8000,65,LOS,punct_interior,5,25,5,4.965,13.0,1.0,13.83,12.64,3.56,4.54,7.5,-1.0,-10.0,19.0,17.0,11.0,-78.0,-82.0,-54.0,-54.0,-62.0
2026-06-10 11:40:46.668,1781080846.668,MK8000,65,LOS,punct_interior,5,26,5,4.965,13.0,1.0,14.43,12.64,3.54,4.54,7.53,-2.0,8.0,19.0,14.0,12.0,-81.0,-83.0,-54.0,-50.0,-62.0
2026-06-10 11:40:54.556,1781080854.556,MK8000,65,LOS,punct_interior,5,27,5,4.965,13.0,1.0,13.44,12.92,3.53,4.56,7.63,-3.0,7.0,13.0,19.0,8.0,-66.0,-81.0,-55.0,-53.0,-65.0
2026-06-10 11:41:02.466,1781080862.467,MK8000,65,LOS,punct_interior,5,28,5,4.965,13.0,1.0,13.82,12.53,3.55,4.53,7.6,-2.0,3.0,22.0,13.0,8.0,-66.0,-82.0,-54.0,-50.0,-65.0
2026-06-10 11:41:10.261,1781080870.261,MK8000,65,LOS,punct_interior,5,29,5,4.965,13.0,1.0,13.59,12.56,3.55,4.53,7.55,-1.0,-3.0,16.0,15.0,11.0,-77.0,-83.0,-55.0,-54.0,-62.0
2026-06-10 11:41:17.807,1781080877.808,MK8000,65,LOS,punct_interior,5,30,5,4.965,13.0,1.0,13.49,12.61,3.53,4.53,7.5,-1.0,5.0,16.0,12.0,12.0,-76.0,-81.0,-54.0,-50.0,-62.0
2026-06-10 11:42:17.779,1781080937.78,MK8000,74,LOS,punct_interior,5,1,5,3.965,14.0,1.0,14.29,13.49,3.21,4.08,9.08,1.0,7.0,14.0,18.0,6.0,-66.0,-64.0,-55.0,-55.0,-64.0
2026-06-10 11:42:25.362,1781080945.363,MK8000,74,LOS,punct_interior,5,2,5,3.965,14.0,1.0,14.23,13.51,3.2,4.06,8.95,0.0,8.0,15.0,18.0,6.0,-66.0,-67.0,-58.0,-55.0,-64.0
2026-06-10 11:42:32.982,1781080952.982,MK8000,74,LOS,punct_interior,5,3,5,3.965,14.0,1.0,14.24,13.46,3.01,4.08,8.86,-1.0,10.0,15.0,16.0,9.0,-76.0,-69.0,-56.0,-54.0,-67.0
2026-06-10 11:42:40.626,1781080960.627,MK8000,74,LOS,punct_interior,5,4,5,3.965,14.0,1.0,14.19,13.45,3.23,4.1,9.03,2.0,9.0,14.0,17.0,7.0,-79.0,-68.0,-58.0,-53.0,-64.0
2026-06-10 11:42:48.294,1781080968.294,MK8000,74,LOS,punct_interior,5,5,5,3.965,14.0,1.0,14.24,13.47,3.25,4.11,9.03,1.0,9.0,13.0,19.0,13.0,-81.0,-67.0,-58.0,-54.0,-61.0
2026-06-10 11:42:55.982,1781080975.983,MK8000,74,LOS,punct_interior,5,6,5,3.965,14.0,1.0,14.26,13.45,3.21,4.11,8.89,-3.0,9.0,14.0,16.0,10.0,-66.0,-67.0,-56.0,-55.0,-66.0
2026-06-10 11:43:03.695,1781080983.696,MK8000,74,LOS,punct_interior,5,7,5,3.965,14.0,1.0,14.25,13.52,3.26,4.1,9.1,1.0,7.0,14.0,17.0,7.0,-81.0,-67.0,-60.0,-54.0,-64.0
2026-06-10 11:43:11.436,1781080991.437,MK8000,74,LOS,punct_interior,5,8,5,3.965,14.0,1.0,14.24,13.48,3.27,4.13,8.8,-2.0,8.0,15.0,17.0,9.0,-78.0,-68.0,-56.0,-54.0,-67.0
2026-06-10 11:43:19.206,1781080999.207,MK8000,74,LOS,punct_interior,5,9,5,3.965,14.0,1.0,14.05,13.44,3.21,4.09,9.01,1.0,8.0,13.0,18.0,8.0,-69.0,-69.0,-58.0,-54.0,-62.0
2026-06-10 11:43:26.998,1781081006.998,MK8000,74,LOS,punct_interior,5,10,5,3.965,14.0,1.0,14.15,13.49,3.13,4.13,8.86,-2.0,8.0,16.0,17.0,5.0,-66.0,-67.0,-58.0,-54.0,-62.0
2026-06-10 11:43:34.805,1781081014.805,MK8000,74,LOS,punct_interior,5,11,5,3.965,14.0,1.0,14.23,13.48,3.2,4.1,8.81,1.0,8.0,15.0,18.0,10.0,-81.0,-67.0,-56.0,-54.0,-67.0
2026-06-10 11:43:42.654,1781081022.654,MK8000,74,LOS,punct_interior,5,12,5,3.965,14.0,1.0,14.25,13.45,3.19,4.08,8.8,2.0,8.0,13.0,19.0,7.0,-78.0,-68.0,-58.0,-55.0,-62.0
2026-06-10 11:43:50.578,1781081030.578,MK8000,74,LOS,punct_interior,5,13,5,3.965,14.0,1.0,14.25,13.45,3.2,4.1,8.84,1.0,8.0,15.0,17.0,10.0,-80.0,-68.0,-55.0,-53.0,-66.0
2026-06-10 11:43:58.517,1781081038.518,MK8000,74,LOS,punct_interior,5,14,5,3.965,14.0,1.0,14.25,13.47,2.97,4.1,8.9,1.0,7.0,15.0,19.0,10.0,-69.0,-67.0,-56.0,-54.0,-67.0
2026-06-10 11:44:06.493,1781081046.493,MK8000,74,LOS,punct_interior,5,15,5,3.965,14.0,1.0,14.21,13.45,3.18,4.08,8.74,-3.0,8.0,16.0,22.0,10.0,-66.0,-68.0,-60.0,-54.0,-64.0
2026-06-10 11:44:14.525,1781081054.526,MK8000,74,LOS,punct_interior,5,16,5,3.965,14.0,1.0,14.23,13.46,3.19,4.12,8.87,2.0,9.0,13.0,16.0,9.0,-80.0,-67.0,-58.0,-53.0,-66.0
2026-06-10 11:44:22.613,1781081062.613,MK8000,74,LOS,punct_interior,5,17,5,3.965,14.0,1.0,14.22,13.41,3.12,4.14,8.82,1.0,10.0,15.0,15.0,5.0,-79.0,-68.0,-60.0,-54.0,-64.0
2026-06-10 11:44:30.727,1781081070.727,MK8000,74,LOS,punct_interior,5,18,5,3.965,14.0,1.0,14.16,13.43,3.15,4.13,8.97,1.0,10.0,15.0,17.0,10.0,-64.0,-68.0,-60.0,-54.0,-67.0
2026-06-10 11:44:38.473,1781081078.474,MK8000,74,LOS,punct_interior,5,19,5,3.965,14.0,1.0,14.18,13.45,3.07,4.11,8.95,-3.0,,,17.0,7.0,-66.0,,,-54.0,-62.0
2026-06-10 11:44:46.044,1781081086.044,MK8000,74,LOS,punct_interior,5,20,5,3.965,14.0,1.0,14.2,13.47,3.1,4.11,8.85,,,14.0,19.0,10.0,,,-56.0,-54.0,-66.0
2026-06-10 11:44:53.638,1781081093.639,MK8000,74,LOS,punct_interior,5,21,5,3.965,14.0,1.0,14.2,13.42,3.1,4.1,8.86,-1.0,10.0,16.0,19.0,11.0,-75.0,-68.0,-60.0,-54.0,-62.0
2026-06-10 11:45:01.257,1781081101.258,MK8000,74,LOS,punct_interior,5,22,5,3.965,14.0,1.0,14.16,13.48,3.45,4.11,8.99,-3.0,9.0,15.0,17.0,10.0,-66.0,-67.0,-60.0,-54.0,-67.0
2026-06-10 11:45:08.896,1781081108.896,MK8000,74,LOS,punct_interior,5,23,5,3.965,14.0,1.0,14.21,13.51,3.13,4.1,8.79,2.0,10.0,14.0,16.0,12.0,-81.0,-67.0,-58.0,-54.0,-62.0
2026-06-10 11:45:16.565,1781081116.565,MK8000,74,LOS,punct_interior,5,24,5,3.965,14.0,1.0,14.21,13.47,3.16,4.17,8.92,-2.0,8.0,16.0,17.0,10.0,-80.0,-68.0,-58.0,-55.0,-62.0
2026-06-10 11:45:24.252,1781081124.253,MK8000,74,LOS,punct_interior,5,25,5,3.965,14.0,1.0,14.25,13.45,3.35,3.99,9.21,1.0,8.0,13.0,20.0,11.0,-70.0,-69.0,-58.0,-55.0,-64.0
2026-06-10 11:45:31.971,1781081131.972,MK8000,74,LOS,punct_interior,5,26,5,3.965,14.0,1.0,14.18,13.45,3.38,3.94,8.85,2.0,7.0,17.0,15.0,8.0,-78.0,-69.0,-59.0,-54.0,-64.0
2026-06-10 11:45:39.716,1781081139.717,MK8000,74,LOS,punct_interior,5,27,5,3.965,14.0,1.0,14.2,13.55,3.36,4.25,8.8,0.0,8.0,14.0,16.0,11.0,-82.0,-68.0,-58.0,-59.0,-64.0
2026-06-10 11:45:47.484,1781081147.485,MK8000,74,LOS,punct_interior,5,28,5,3.965,14.0,1.0,14.03,13.55,3.18,4.14,9.32,1.0,8.0,14.0,14.0,9.0,-81.0,-68.0,-56.0,-56.0,-64.0
2026-06-10 11:45:55.285,1781081155.286,MK8000,74,LOS,punct_interior,5,29,5,3.965,14.0,1.0,14.07,13.54,3.16,4.09,8.9,1.0,9.0,14.0,18.0,10.0,-70.0,-66.0,-56.0,-58.0,-61.0
2026-06-10 11:46:03.301,1781081163.302,MK8000,74,LOS,punct_interior,5,30,5,3.965,14.0,1.0,14.3,13.46,3.16,4.0,8.9,2.0,9.0,14.0,19.0,10.0,-69.0,-68.0,-61.0,-58.0,-64.0
2026-06-10 11:47:29.381,1781081249.381,MK8000,75,LOS,punct_interior,5,1,5,4.965,14.0,1.0,14.53,15.03,3.84,3.6,7.46,-1.0,6.0,16.0,22.0,13.0,-79.0,-83.0,-59.0,-52.0,-60.0
2026-06-10 11:47:38.198,1781081258.198,MK8000,75,LOS,punct_interior,5,2,5,4.965,14.0,1.0,14.48,15.11,4.02,3.63,7.56,-2.0,7.0,19.0,19.0,11.0,-83.0,-80.0,-59.0,-53.0,-59.0
2026-06-10 11:47:46.588,1781081266.589,MK8000,75,LOS,punct_interior,5,3,5,4.965,14.0,1.0,14.3,15.03,3.78,3.57,7.69,-3.0,6.0,17.0,20.0,13.0,-81.0,-82.0,-58.0,-53.0,-62.0
2026-06-10 11:47:55.515,1781081275.515,MK8000,75,LOS,punct_interior,5,4,4,4.965,14.0,1.0,14.46,15.07,4.04,3.68,,-3.0,7.0,21.0,15.0,,-81.0,-81.0,-59.0,-54.0,
2026-06-10 11:48:03.090,1781081283.09,MK8000,75,LOS,punct_interior,5,5,5,4.965,14.0,1.0,14.43,15.16,3.8,3.63,7.39,1.0,4.0,12.0,17.0,13.0,-81.0,-79.0,-56.0,-53.0,-59.0
2026-06-10 11:48:10.833,1781081290.834,MK8000,75,LOS,punct_interior,5,6,5,4.965,14.0,1.0,14.23,15.15,3.88,3.61,7.49,-3.0,5.0,18.0,22.0,11.0,-79.0,-78.0,-59.0,-53.0,-59.0
2026-06-10 11:48:18.803,1781081298.803,MK8000,75,LOS,punct_interior,5,7,5,4.965,14.0,1.0,14.41,16.16,3.89,3.6,7.7,1.0,3.0,15.0,25.0,12.0,-81.0,-81.0,-58.0,-53.0,-60.0
2026-06-10 11:48:27.680,1781081307.68,MK8000,75,LOS,punct_interior,5,8,4,4.965,14.0,1.0,,15.92,3.97,3.66,8.21,,4.0,13.0,19.0,13.0,,-82.0,-56.0,-53.0,-60.0
2026-06-10 11:48:36.979,1781081316.98,MK8000,75,LOS,punct_interior,5,9,4,4.965,14.0,1.0,14.39,14.98,3.85,3.65,,0.0,6.0,18.0,17.0,,-83.0,-81.0,-59.0,-54.0,
2026-06-10 11:48:44.625,1781081324.625,MK8000,75,LOS,punct_interior,5,10,5,4.965,14.0,1.0,14.42,15.52,3.83,3.57,7.52,-1.0,6.0,16.0,18.0,11.0,-75.0,-83.0,-59.0,-53.0,-62.0
2026-06-10 11:48:52.299,1781081332.3,MK8000,75,LOS,punct_interior,5,11,5,4.965,14.0,1.0,14.39,15.06,3.86,3.58,7.57,-3.0,6.0,13.0,17.0,12.0,-80.0,-81.0,-54.0,-54.0,-62.0
2026-06-10 11:48:59.998,1781081339.999,MK8000,75,LOS,punct_interior,5,12,5,4.965,14.0,1.0,14.42,15.5,3.87,3.62,7.51,-3.0,4.0,13.0,16.0,13.0,-81.0,-81.0,-54.0,-54.0,-60.0
2026-06-10 11:49:07.720,1781081347.72,MK8000,75,LOS,punct_interior,5,13,5,4.965,14.0,1.0,14.37,15.57,3.93,3.62,7.47,-3.0,4.0,16.0,17.0,12.0,-81.0,-82.0,-59.0,-53.0,-62.0
2026-06-10 11:49:15.469,1781081355.47,MK8000,75,LOS,punct_interior,5,14,5,4.965,14.0,1.0,14.31,15.49,4.08,3.59,7.57,-4.0,6.0,16.0,16.0,11.0,-79.0,-82.0,-59.0,-53.0,-62.0
2026-06-10 11:49:23.242,1781081363.242,MK8000,75,LOS,punct_interior,5,15,5,4.965,14.0,1.0,14.44,15.52,3.84,3.62,7.57,0.0,7.0,16.0,19.0,12.0,-82.0,-83.0,-58.0,-53.0,-60.0
2026-06-10 11:49:31.440,1781081371.441,MK8000,75,LOS,punct_interior,5,16,5,4.965,14.0,1.0,14.22,14.99,3.88,3.63,7.71,-4.0,3.0,13.0,18.0,9.0,-66.0,-80.0,-54.0,-54.0,-62.0
2026-06-10 11:49:39.264,1781081379.264,MK8000,75,LOS,punct_interior,5,17,5,4.965,14.0,1.0,14.16,15.08,3.87,3.63,8.1,-2.0,3.0,13.0,16.0,14.0,-80.0,-81.0,-56.0,-54.0,-60.0
2026-06-10 11:49:47.323,1781081387.324,MK8000,75,LOS,punct_interior,5,18,5,4.965,14.0,1.0,14.55,14.27,3.87,3.63,7.83,0.0,5.0,12.0,18.0,12.0,-82.0,-81.0,-54.0,-54.0,-60.0
2026-06-10 11:49:55.629,1781081395.63,MK8000,75,LOS,punct_interior,5,19,5,4.965,14.0,1.0,14.47,15.04,3.88,3.63,7.57,-3.0,4.0,14.0,17.0,13.0,-81.0,-81.0,-54.0,-54.0,-60.0
2026-06-10 11:50:03.577,1781081403.577,MK8000,75,LOS,punct_interior,5,20,5,4.965,14.0,1.0,14.44,15.19,3.85,3.58,7.34,0.0,6.0,18.0,16.0,13.0,-81.0,-84.0,-59.0,-52.0,-60.0
2026-06-10 11:50:11.557,1781081411.557,MK8000,75,LOS,punct_interior,5,21,5,4.965,14.0,1.0,14.39,15.14,3.97,3.64,7.31,-2.0,5.0,18.0,17.0,12.0,-79.0,-83.0,-59.0,-54.0,-60.0
2026-06-10 11:50:19.607,1781081419.607,MK8000,75,LOS,punct_interior,5,22,5,4.965,14.0,1.0,14.36,14.99,3.82,3.58,7.47,0.0,6.0,18.0,16.0,11.0,-84.0,-82.0,-59.0,-52.0,-60.0
2026-06-10 11:50:27.677,1781081427.677,MK8000,75,LOS,punct_interior,5,23,5,4.965,14.0,1.0,14.46,15.07,3.86,3.58,7.34,0.0,5.0,20.0,21.0,11.0,-84.0,-83.0,-59.0,-53.0,-59.0
2026-06-10 11:50:35.788,1781081435.788,MK8000,75,LOS,punct_interior,5,24,5,4.965,14.0,1.0,14.43,14.96,4.0,3.6,7.66,-1.0,3.0,13.0,21.0,12.0,-82.0,-81.0,-54.0,-53.0,-59.0
2026-06-10 11:50:43.339,1781081443.34,MK8000,75,LOS,punct_interior,5,25,5,4.965,14.0,1.0,14.3,14.92,3.86,3.61,7.46,,,,14.0,9.0,,,,-54.0,-62.0
2026-06-10 11:50:50.913,1781081450.914,MK8000,75,LOS,punct_interior,5,26,5,4.965,14.0,1.0,14.24,15.26,3.93,3.6,7.42,,5.0,19.0,17.0,13.0,,-80.0,-59.0,-53.0,-60.0
2026-06-10 11:50:58.913,1781081458.914,MK8000,75,LOS,punct_interior,5,27,5,4.965,14.0,1.0,14.41,14.92,3.79,3.66,7.89,-4.0,7.0,16.0,17.0,13.0,-66.0,-82.0,-54.0,-53.0,-60.0
2026-06-10 11:51:06.540,1781081466.54,MK8000,75,LOS,punct_interior,5,28,5,4.965,14.0,1.0,14.42,15.36,3.95,3.66,7.45,-3.0,5.0,19.0,19.0,11.0,-81.0,-81.0,-58.0,-53.0,-59.0
2026-06-10 11:51:14.388,1781081474.389,MK8000,75,LOS,punct_interior,5,29,5,4.965,14.0,1.0,14.56,15.34,3.94,3.66,8.11,-3.0,6.0,12.0,18.0,11.0,-81.0,-81.0,-56.0,-54.0,-62.0
2026-06-10 11:51:22.070,1781081482.071,MK8000,75,LOS,punct_interior,5,30,5,4.965,14.0,1.0,14.31,15.18,3.84,3.6,7.4,-2.0,2.0,19.0,18.0,10.0,-79.0,-83.0,-58.0,-53.0,-62.0
2026-06-10 12:11:18.121,1781082678.122,MK8000,85,LOS,punct_interior,5,1,5,4.965,15.0,1.0,15.18,15.12,5.38,2.68,7.33,0.0,7.0,19.0,16.0,11.0,-82.0,-70.0,-59.0,-54.0,-64.0
2026-06-10 12:11:26.016,1781082686.016,MK8000,85,LOS,punct_interior,5,2,5,4.965,15.0,1.0,15.3,15.11,5.37,2.68,7.33,-4.0,9.0,16.0,20.0,11.0,-66.0,-70.0,-61.0,-54.0,-64.0
2026-06-10 12:11:34.430,1781082694.43,MK8000,85,LOS,punct_interior,5,3,5,4.965,15.0,1.0,15.27,15.19,5.39,2.65,7.23,-1.0,6.0,16.0,12.0,11.0,-66.0,-71.0,-61.0,-50.0,-64.0
2026-06-10 12:11:42.009,1781082702.01,MK8000,85,LOS,punct_interior,5,4,5,4.965,15.0,1.0,15.33,15.24,5.43,2.66,7.43,-4.0,5.0,15.0,15.0,11.0,-66.0,-66.0,-61.0,-54.0,-61.0
2026-06-10 12:11:49.565,1781082709.566,MK8000,85,LOS,punct_interior,5,5,5,4.965,15.0,1.0,15.48,15.16,5.41,2.76,7.58,-4.0,5.0,14.0,20.0,11.0,-66.0,-70.0,-60.0,-54.0,-61.0
2026-06-10 12:11:57.744,1781082717.744,MK8000,85,LOS,punct_interior,5,6,5,4.965,15.0,1.0,15.64,15.22,5.5,2.61,7.45,-1.0,5.0,16.0,12.0,10.0,-66.0,-71.0,-60.0,-50.0,-62.0
2026-06-10 12:12:05.340,1781082725.34,MK8000,85,LOS,punct_interior,5,7,5,4.965,15.0,1.0,15.45,15.22,5.37,2.73,7.28,1.0,8.0,18.0,17.0,12.0,-80.0,-69.0,-61.0,-54.0,-66.0
2026-06-10 12:12:13.164,1781082733.164,MK8000,85,LOS,punct_interior,5,8,5,4.965,15.0,1.0,14.97,15.25,5.45,2.7,7.12,-2.0,6.0,17.0,16.0,11.0,-66.0,-80.0,-61.0,-55.0,-64.0
2026-06-10 12:12:21.463,1781082741.464,MK8000,85,LOS,punct_interior,5,9,5,4.965,15.0,1.0,15.54,15.14,5.45,2.67,7.77,-2.0,7.0,14.0,12.0,11.0,-80.0,-66.0,-61.0,-52.0,-61.0
2026-06-10 12:12:29.142,1781082749.142,MK8000,85,LOS,punct_interior,5,10,5,4.965,15.0,1.0,14.95,15.16,5.48,2.57,7.61,1.0,7.0,17.0,17.0,11.0,-66.0,-70.0,-60.0,-54.0,-64.0
2026-06-10 12:12:36.838,1781082756.839,MK8000,85,LOS,punct_interior,5,11,5,4.965,15.0,1.0,15.4,15.31,5.48,2.7,7.56,-2.0,6.0,16.0,17.0,8.0,-68.0,-70.0,-61.0,-54.0,-61.0
2026-06-10 12:12:44.559,1781082764.56,MK8000,85,LOS,punct_interior,5,12,5,4.965,15.0,1.0,14.82,15.17,5.45,2.68,7.36,-2.0,7.0,16.0,16.0,11.0,-82.0,-70.0,-61.0,-53.0,-62.0
2026-06-10 12:12:52.312,1781082772.313,MK8000,85,LOS,punct_interior,5,13,5,4.965,15.0,1.0,15.36,15.23,5.35,2.67,7.17,0.0,6.0,16.0,16.0,12.0,-83.0,-81.0,-61.0,-53.0,-61.0
2026-06-10 12:13:00.091,1781082780.092,MK8000,85,LOS,punct_interior,5,14,5,4.965,15.0,1.0,15.5,15.18,5.38,2.64,7.19,-2.0,7.0,19.0,14.0,12.0,-80.0,-81.0,-61.0,-50.0,-61.0
2026-06-10 12:13:07.894,1781082787.895,MK8000,85,LOS,punct_interior,5,15,5,4.965,15.0,1.0,15.47,15.14,5.46,2.61,7.28,-4.0,7.0,17.0,14.0,9.0,-66.0,-70.0,-61.0,-50.0,-64.0
2026-06-10 12:13:15.722,1781082795.722,MK8000,85,LOS,punct_interior,5,16,5,4.965,15.0,1.0,15.44,15.1,5.37,2.73,7.41,0.0,7.0,15.0,12.0,5.0,-84.0,-70.0,-61.0,-50.0,-57.0
2026-06-10 12:13:23.613,1781082803.614,MK8000,85,LOS,punct_interior,5,17,5,4.965,15.0,1.0,15.37,15.22,5.4,2.68,7.36,-3.0,7.0,17.0,12.0,10.0,-82.0,-81.0,-61.0,-50.0,-60.0
2026-06-10 12:13:31.521,1781082811.522,MK8000,85,LOS,punct_interior,5,18,5,4.965,15.0,1.0,15.53,15.14,5.22,2.69,7.16,0.0,7.0,18.0,18.0,12.0,-83.0,-70.0,-60.0,-53.0,-64.0
2026-06-10 12:13:39.457,1781082819.457,MK8000,85,LOS,punct_interior,5,19,5,4.965,15.0,1.0,15.09,15.22,5.21,2.63,7.2,-3.0,6.0,15.0,16.0,8.0,-80.0,-81.0,-60.0,-50.0,-62.0
2026-06-10 12:13:48.448,1781082828.448,MK8000,85,LOS,punct_interior,5,20,4,4.965,15.0,1.0,15.39,15.31,5.37,2.63,,-3.0,6.0,17.0,16.0,,-82.0,-70.0,-60.0,-54.0,
2026-06-10 12:13:57.016,1781082837.017,MK8000,85,LOS,punct_interior,5,21,5,4.965,15.0,1.0,15.02,15.26,5.19,2.6,7.4,-3.0,7.0,19.0,17.0,13.0,-85.0,-81.0,-60.0,-54.0,-64.0
2026-06-10 12:14:05.112,1781082845.113,MK8000,85,LOS,punct_interior,5,22,5,4.965,15.0,1.0,15.48,15.31,5.4,2.65,7.2,-3.0,7.0,19.0,17.0,9.0,-79.0,-70.0,-61.0,-53.0,-62.0
2026-06-10 12:14:13.936,1781082853.936,MK8000,85,LOS,punct_interior,5,23,5,4.965,15.0,1.0,15.06,15.19,5.48,2.62,7.27,-3.0,5.0,18.0,16.0,10.0,-85.0,-66.0,-61.0,-54.0,-62.0
2026-06-10 12:14:21.994,1781082861.995,MK8000,85,LOS,punct_interior,5,24,5,4.965,15.0,1.0,15.15,15.4,5.63,2.74,8.85,,,,20.0,11.0,,,,-54.0,-61.0
2026-06-10 12:14:30.566,1781082870.566,MK8000,85,LOS,punct_interior,5,25,4,4.965,15.0,1.0,15.02,15.26,5.41,2.71,,,6.0,17.0,17.0,,,-70.0,-60.0,-53.0,
2026-06-10 12:14:39.110,1781082879.11,MK8000,85,LOS,punct_interior,5,26,4,4.965,15.0,1.0,15.13,15.29,5.38,2.65,,1.0,7.0,17.0,17.0,,-84.0,-79.0,-60.0,-53.0,
2026-06-10 12:14:46.735,1781082886.736,MK8000,85,LOS,punct_interior,5,27,5,4.965,15.0,1.0,15.2,15.22,5.2,2.72,7.43,1.0,5.0,17.0,11.0,11.0,-80.0,-80.0,-60.0,-50.0,-62.0
2026-06-10 12:14:55.311,1781082895.312,MK8000,85,LOS,punct_interior,5,28,4,4.965,15.0,1.0,15.34,15.15,5.13,2.67,,-4.0,6.0,19.0,12.0,,-82.0,-79.0,-60.0,-50.0,
2026-06-10 12:15:02.998,1781082902.998,MK8000,85,LOS,punct_interior,5,29,5,4.965,15.0,1.0,15.17,15.2,5.34,2.7,7.45,0.0,5.0,14.0,18.0,11.0,-84.0,-66.0,-61.0,-53.0,-62.0
2026-06-10 12:15:10.701,1781082910.702,MK8000,85,LOS,punct_interior,5,30,5,4.965,15.0,1.0,15.39,15.14,5.38,2.67,8.21,-3.0,7.0,17.0,12.0,11.0,-83.0,-82.0,-60.0,-50.0,-64.0
2026-06-10 13:22:37.670,1781086957.67,MK8000,95,LOS,punct_interior,5,1,5,4.965,16.0,1.0,16.8,15.58,6.09,1.76,6.28,1.0,7.0,15.0,19.0,13.0,-82.0,-71.0,-62.0,-49.0,-58.0
2026-06-10 13:22:45.410,1781086965.41,MK8000,95,LOS,punct_interior,5,2,5,4.965,16.0,1.0,16.28,15.54,5.97,1.76,5.94,-1.0,6.0,17.0,18.0,13.0,-80.0,-71.0,-62.0,-49.0,-62.0
2026-06-10 13:22:53.175,1781086973.175,MK8000,95,LOS,punct_interior,5,3,5,4.965,16.0,1.0,17.32,15.51,6.12,1.8,6.22,0.0,6.0,14.0,16.0,14.0,-81.0,-82.0,-62.0,-49.0,-63.0
2026-06-10 13:23:00.966,1781086980.966,MK8000,95,LOS,punct_interior,5,4,5,4.965,16.0,1.0,16.39,15.64,6.28,1.78,6.15,0.0,5.0,15.0,16.0,15.0,-81.0,-71.0,-62.0,-49.0,-63.0
2026-06-10 13:23:08.795,1781086988.795,MK8000,95,LOS,punct_interior,5,5,5,4.965,16.0,1.0,15.88,15.48,6.3,1.8,5.86,0.0,6.0,16.0,18.0,13.0,-82.0,-80.0,-62.0,-49.0,-63.0
2026-06-10 13:23:16.648,1781086996.648,MK8000,95,LOS,punct_interior,5,6,5,4.965,16.0,1.0,17.33,15.49,5.98,1.75,6.05,1.0,7.0,13.0,16.0,15.0,-80.0,-80.0,-58.0,-49.0,-62.0
2026-06-10 13:23:24.531,1781087004.532,MK8000,95,LOS,punct_interior,5,7,5,4.965,16.0,1.0,15.86,15.55,6.28,1.74,6.25,2.0,8.0,15.0,18.0,17.0,-80.0,-82.0,-62.0,-49.0,-63.0
2026-06-10 13:23:32.442,1781087012.442,MK8000,95,LOS,punct_interior,5,8,5,4.965,16.0,1.0,16.9,15.57,6.34,1.75,6.17,0.0,5.0,13.0,20.0,16.0,-80.0,-71.0,-62.0,-49.0,-63.0
2026-06-10 13:23:40.360,1781087020.36,MK8000,95,LOS,punct_interior,5,9,5,4.965,16.0,1.0,15.87,15.56,6.05,1.74,6.09,0.0,6.0,16.0,17.0,13.0,-70.0,-79.0,-61.0,-49.0,-60.0
2026-06-10 13:23:47.942,1781087027.943,MK8000,95,LOS,punct_interior,5,10,5,4.965,16.0,1.0,15.88,15.58,6.36,1.73,6.19,0.0,5.0,16.0,17.0,12.0,-70.0,-80.0,-62.0,-49.0,-63.0
2026-06-10 13:23:55.503,1781087035.504,MK8000,95,LOS,punct_interior,5,11,5,4.965,16.0,1.0,15.87,15.6,6.14,1.79,6.21,-1.0,6.0,15.0,18.0,15.0,-71.0,-70.0,-61.0,-49.0,-63.0
2026-06-10 13:24:03.085,1781087043.086,MK8000,95,LOS,punct_interior,5,12,5,4.965,16.0,1.0,15.92,15.52,6.03,1.8,5.88,-1.0,4.0,14.0,16.0,13.0,-70.0,-75.0,-62.0,-49.0,-63.0
2026-06-10 13:24:10.694,1781087050.694,MK8000,95,LOS,punct_interior,5,13,5,4.965,16.0,1.0,17.3,15.53,5.99,1.77,6.19,0.0,9.0,16.0,15.0,13.0,-80.0,-70.0,-62.0,-49.0,-58.0
2026-06-10 13:24:18.323,1781087058.323,MK8000,95,LOS,punct_interior,5,14,5,4.965,16.0,1.0,16.33,15.5,6.17,1.76,6.23,0.0,6.0,14.0,18.0,14.0,-70.0,-81.0,-62.0,-49.0,-58.0
2026-06-10 13:24:25.982,1781087065.982,MK8000,95,LOS,punct_interior,5,15,5,4.965,16.0,1.0,15.9,15.5,6.36,1.74,6.03,0.0,6.0,13.0,22.0,17.0,-70.0,-82.0,-62.0,-48.0,-63.0
2026-06-10 13:24:33.667,1781087073.667,MK8000,95,LOS,punct_interior,5,16,5,4.965,16.0,1.0,15.88,15.57,6.23,1.77,6.18,0.0,8.0,13.0,16.0,13.0,-79.0,-75.0,-62.0,-49.0,-62.0
2026-06-10 13:24:41.371,1781087081.371,MK8000,95,LOS,punct_interior,5,17,5,4.965,16.0,1.0,16.37,15.52,6.36,1.75,6.05,0.0,5.0,16.0,16.0,15.0,-70.0,-81.0,-62.0,-49.0,-63.0
2026-06-10 13:24:49.100,1781087089.1,MK8000,95,LOS,punct_interior,5,18,5,4.965,16.0,1.0,15.86,15.5,6.1,1.77,6.21,1.0,6.0,16.0,16.0,16.0,-66.0,-71.0,-62.0,-49.0,-63.0
2026-06-10 13:24:56.856,1781087096.857,MK8000,95,LOS,punct_interior,5,19,5,4.965,16.0,1.0,15.85,15.59,6.27,1.74,6.27,1.0,6.0,12.0,16.0,14.0,-71.0,-80.0,-60.0,-49.0,-58.0
2026-06-10 13:25:04.635,1781087104.635,MK8000,95,LOS,punct_interior,5,20,5,4.965,16.0,1.0,15.89,15.52,6.2,1.75,6.0,0.0,8.0,16.0,18.0,15.0,-71.0,-70.0,-62.0,-49.0,-63.0
2026-06-10 13:25:12.440,1781087112.441,MK8000,95,LOS,punct_interior,5,21,5,4.965,16.0,1.0,16.34,15.51,6.27,1.77,6.2,0.0,6.0,12.0,19.0,14.0,-81.0,-79.0,-62.0,-49.0,-63.0
2026-06-10 13:25:20.259,1781087120.259,MK8000,95,LOS,punct_interior,5,22,5,4.965,16.0,1.0,16.84,15.52,6.19,1.71,6.25,1.0,8.0,14.0,16.0,13.0,-70.0,-75.0,-62.0,-49.0,-62.0
2026-06-10 13:25:28.124,1781087128.125,MK8000,95,LOS,punct_interior,5,23,5,4.965,16.0,1.0,16.07,15.53,6.17,1.78,5.94,1.0,5.0,16.0,17.0,14.0,-75.0,-76.0,-61.0,-49.0,-63.0
2026-06-10 13:25:36.052,1781087136.053,MK8000,95,LOS,punct_interior,5,24,5,4.965,16.0,1.0,16.46,15.52,6.18,1.8,6.17,0.0,6.0,13.0,18.0,15.0,-79.0,-80.0,-62.0,-50.0,-63.0
2026-06-10 13:25:44.056,1781087144.057,MK8000,95,LOS,punct_interior,5,25,5,4.965,16.0,1.0,16.87,15.55,6.33,1.75,6.08,0.0,6.0,14.0,16.0,14.0,-71.0,-80.0,-62.0,-49.0,-63.0
2026-06-10 13:25:52.123,1781087152.124,MK8000,95,LOS,punct_interior,5,26,5,4.965,16.0,1.0,16.86,15.56,6.33,1.78,6.11,0.0,7.0,18.0,18.0,13.0,-81.0,-80.0,-61.0,-49.0,-58.0
2026-06-10 13:26:00.202,1781087160.202,MK8000,95,LOS,punct_interior,5,27,5,4.965,16.0,1.0,16.28,15.52,6.13,1.77,6.0,0.0,6.0,13.0,17.0,16.0,-71.0,-71.0,-62.0,-49.0,-63.0
2026-06-10 13:26:08.318,1781087168.318,MK8000,95,LOS,punct_interior,5,28,5,4.965,16.0,1.0,16.82,15.5,6.18,1.76,6.12,1.0,5.0,14.0,22.0,14.0,-80.0,-79.0,-62.0,-49.0,-62.0
2026-06-10 13:26:16.454,1781087176.455,MK8000,95,LOS,punct_interior,5,29,5,4.965,16.0,1.0,16.45,15.55,6.34,1.76,6.0,0.0,5.0,12.0,17.0,16.0,-71.0,-71.0,-60.0,-49.0,-63.0
2026-06-10 13:26:24.013,1781087184.013,MK8000,95,LOS,punct_interior,5,30,5,4.965,16.0,1.0,15.97,18.87,6.14,1.73,6.08,,,,19.0,16.0,,,,-49.0,-63.0
2026-06-10 13:34:06.762,1781087646.763,MK8000,66,LOS,punct_interior,5,1,5,6.965,13.0,1.0,14.02,14.58,4.52,4.43,6.41,-5.0,4.0,17.0,16.0,13.0,-82.0,-83.0,-56.0,-58.0,-58.0
2026-06-10 13:34:14.373,1781087654.373,MK8000,66,LOS,punct_interior,5,2,5,6.965,13.0,1.0,15.81,17.49,4.51,4.5,6.33,-5.0,4.0,13.0,15.0,12.0,-79.0,-80.0,-57.0,-54.0,-58.0
2026-06-10 13:34:22.006,1781087662.006,MK8000,66,LOS,punct_interior,5,3,5,6.965,13.0,1.0,16.45,17.4,4.49,4.55,7.04,-6.0,6.0,15.0,17.0,13.0,-83.0,-81.0,-56.0,-58.0,-57.0
2026-06-10 13:34:29.666,1781087669.667,MK8000,66,LOS,punct_interior,5,4,5,6.965,13.0,1.0,16.38,17.51,4.45,4.5,6.49,-5.0,2.0,10.0,18.0,14.0,-80.0,-81.0,-52.0,-58.0,-62.0
2026-06-10 13:34:37.357,1781087677.358,MK8000,66,LOS,punct_interior,5,5,5,6.965,13.0,1.0,15.8,17.48,4.49,4.72,6.89,-5.0,7.0,18.0,17.0,10.0,-79.0,-80.0,-56.0,-58.0,-58.0
2026-06-10 13:34:45.072,1781087685.072,MK8000,66,LOS,punct_interior,5,6,5,6.965,13.0,1.0,15.81,17.49,4.54,4.62,7.03,-5.0,5.0,15.0,14.0,15.0,-80.0,-81.0,-57.0,-54.0,-62.0
2026-06-10 13:34:53.720,1781087693.721,MK8000,66,LOS,punct_interior,5,7,4,6.965,13.0,1.0,16.39,17.41,4.47,4.69,,-5.0,6.0,14.0,14.0,,-81.0,-83.0,-57.0,-54.0,
2026-06-10 13:35:01.479,1781087701.48,MK8000,66,LOS,punct_interior,5,8,5,6.965,13.0,1.0,15.19,17.53,4.51,4.32,6.76,-3.0,5.0,15.0,17.0,12.0,-82.0,-83.0,-56.0,-56.0,-58.0
2026-06-10 13:35:09.755,1781087709.756,MK8000,66,LOS,punct_interior,5,9,5,6.965,13.0,1.0,16.43,17.51,4.46,4.64,6.97,-7.0,5.0,17.0,17.0,10.0,-82.0,-83.0,-57.0,-58.0,-58.0
2026-06-10 13:35:17.553,1781087717.554,MK8000,66,LOS,punct_interior,5,10,5,6.965,13.0,1.0,16.46,17.5,4.47,4.37,6.79,-5.0,4.0,16.0,16.0,13.0,-79.0,-81.0,-56.0,-54.0,-57.0
2026-06-10 13:35:25.388,1781087725.388,MK8000,66,LOS,punct_interior,5,11,5,6.965,13.0,1.0,16.44,17.53,4.48,4.62,6.85,-7.0,6.0,17.0,15.0,12.0,-83.0,-80.0,-56.0,-54.0,-60.0
2026-06-10 13:35:33.239,1781087733.24,MK8000,66,LOS,punct_interior,5,12,5,6.965,13.0,1.0,16.43,17.48,4.46,4.48,6.79,-4.0,5.0,16.0,16.0,13.0,-83.0,-81.0,-57.0,-56.0,-57.0
2026-06-10 13:35:41.125,1781087741.126,MK8000,66,LOS,punct_interior,5,13,5,6.965,13.0,1.0,16.43,17.52,4.48,4.75,6.29,-5.0,5.0,17.0,19.0,14.0,-80.0,-83.0,-56.0,-58.0,-62.0
2026-06-10 13:35:49.028,1781087749.028,MK8000,66,LOS,punct_interior,5,14,5,6.965,13.0,1.0,15.12,17.51,4.53,4.69,6.8,-6.0,5.0,15.0,15.0,13.0,-82.0,-80.0,-56.0,-58.0,-58.0
2026-06-10 13:35:56.961,1781087756.962,MK8000,66,LOS,punct_interior,5,15,5,6.965,13.0,1.0,16.43,17.52,4.45,4.5,7.17,-5.0,6.0,17.0,16.0,13.0,-80.0,-83.0,-56.0,-54.0,-57.0
2026-06-10 13:36:04.551,1781087764.552,MK8000,66,LOS,punct_interior,5,16,5,6.965,13.0,1.0,15.75,17.5,4.47,4.46,6.65,-5.0,5.0,18.0,15.0,15.0,-81.0,-80.0,-56.0,-54.0,-58.0
2026-06-10 13:36:12.108,1781087772.109,MK8000,66,LOS,punct_interior,5,17,5,6.965,13.0,1.0,15.85,17.48,4.53,4.55,6.6,-2.0,5.0,19.0,15.0,10.0,-83.0,-80.0,-55.0,-58.0,-58.0
2026-06-10 13:36:19.697,1781087779.698,MK8000,66,LOS,punct_interior,5,18,5,6.965,13.0,1.0,16.41,17.53,4.46,4.48,6.07,-5.0,6.0,14.0,16.0,13.0,-84.0,-81.0,-57.0,-58.0,-57.0
2026-06-10 13:36:27.313,1781087787.313,MK8000,66,LOS,punct_interior,5,19,5,6.965,13.0,1.0,16.44,17.49,4.49,4.47,6.71,-7.0,6.0,14.0,16.0,14.0,-81.0,-81.0,-56.0,-54.0,-58.0
2026-06-10 13:36:34.952,1781087794.952,MK8000,66,LOS,punct_interior,5,20,5,6.965,13.0,1.0,16.43,17.49,4.5,4.6,6.81,-5.0,6.0,16.0,19.0,12.0,-82.0,-81.0,-56.0,-58.0,-58.0
2026-06-10 13:36:42.609,1781087802.609,MK8000,66,LOS,punct_interior,5,21,5,6.965,13.0,1.0,16.19,17.52,4.5,4.58,7.18,-7.0,4.0,14.0,15.0,13.0,-82.0,-78.0,-56.0,-58.0,-58.0
2026-06-10 13:36:50.297,1781087810.298,MK8000,66,LOS,punct_interior,5,22,5,6.965,13.0,1.0,14.46,15.91,4.48,4.4,6.68,-3.0,4.0,15.0,16.0,13.0,-83.0,-80.0,-57.0,-57.0,-58.0
2026-06-10 13:36:58.003,1781087818.004,MK8000,66,LOS,punct_interior,5,23,5,6.965,13.0,1.0,15.08,17.54,4.47,4.5,6.92,-5.0,7.0,16.0,16.0,13.0,-81.0,-82.0,-56.0,-57.0,-58.0
2026-06-10 13:37:05.742,1781087825.742,MK8000,66,LOS,punct_interior,5,24,5,6.965,13.0,1.0,16.45,17.47,4.46,4.56,6.95,-7.0,6.0,16.0,17.0,12.0,-83.0,-81.0,-56.0,-57.0,-57.0
2026-06-10 13:37:13.504,1781087833.505,MK8000,66,LOS,punct_interior,5,25,5,6.965,13.0,1.0,15.2,17.56,4.52,4.55,6.41,-5.0,2.0,13.0,17.0,13.0,-84.0,-80.0,-57.0,-54.0,-58.0
2026-06-10 13:37:21.285,1781087841.286,MK8000,66,LOS,punct_interior,5,26,5,6.965,13.0,1.0,16.35,17.39,4.51,4.99,6.74,-6.0,6.0,15.0,16.0,13.0,-80.0,-82.0,-56.0,-58.0,-58.0
2026-06-10 13:37:29.097,1781087849.098,MK8000,66,LOS,punct_interior,5,27,5,6.965,13.0,1.0,16.37,17.48,4.51,4.46,7.15,-7.0,5.0,16.0,18.0,13.0,-80.0,-82.0,-55.0,-58.0,-58.0
2026-06-10 13:37:36.935,1781087856.935,MK8000,66,LOS,punct_interior,5,28,5,6.965,13.0,1.0,16.45,17.48,4.48,4.54,6.85,-7.0,5.0,15.0,18.0,14.0,-83.0,-81.0,-56.0,-57.0,-58.0
2026-06-10 13:37:44.823,1781087864.823,MK8000,66,LOS,punct_interior,5,29,5,6.965,13.0,1.0,16.43,17.27,4.47,4.69,7.03,-5.0,6.0,13.0,13.0,15.0,-79.0,-81.0,-58.0,-54.0,-58.0
2026-06-10 13:37:52.756,1781087872.757,MK8000,66,LOS,punct_interior,5,30,5,6.965,13.0,1.0,16.46,17.51,4.47,4.6,6.51,-7.0,4.0,16.0,18.0,16.0,-83.0,-81.0,-57.0,-58.0,-62.0
2026-06-10 13:38:38.941,1781087918.942,MK8000,67,LOS,punct_interior,5,1,5,7.965,13.0,1.0,18.06,18.33,5.44,5.55,5.67,-4.0,1.0,14.0,13.0,11.0,-84.0,-86.0,-59.0,-58.0,-58.0
2026-06-10 13:38:46.975,1781087926.975,MK8000,67,LOS,punct_interior,5,2,5,7.965,13.0,1.0,18.21,18.05,5.44,5.65,5.72,-5.0,1.0,16.0,17.0,14.0,-83.0,-82.0,-59.0,-61.0,-54.0
2026-06-10 13:38:55.047,1781087935.047,MK8000,67,LOS,punct_interior,5,3,5,7.965,13.0,1.0,18.09,18.14,5.45,5.65,5.7,-4.0,3.0,19.0,17.0,11.0,-82.0,-84.0,-57.0,-62.0,-54.0
2026-06-10 13:39:03.148,1781087943.149,MK8000,67,LOS,punct_interior,5,4,5,7.965,13.0,1.0,18.15,16.21,5.48,5.53,5.76,-2.0,-15.0,19.0,19.0,15.0,-84.0,-84.0,-58.0,-61.0,-54.0
2026-06-10 13:39:11.740,1781087951.741,MK8000,67,LOS,punct_interior,5,5,5,7.965,13.0,1.0,16.79,16.0,5.41,5.75,5.76,-5.0,2.0,,15.0,15.0,-82.0,-83.0,,-62.0,-54.0
2026-06-10 13:39:19.299,1781087959.3,MK8000,67,LOS,punct_interior,5,6,5,7.965,13.0,1.0,18.16,18.3,5.47,5.77,5.75,,,,18.0,11.0,,,,-62.0,-54.0
2026-06-10 13:39:26.892,1781087966.893,MK8000,67,LOS,punct_interior,5,7,5,7.965,13.0,1.0,18.1,18.31,5.45,5.62,5.7,-3.0,2.0,15.0,11.0,13.0,-83.0,-83.0,-59.0,-58.0,-54.0
2026-06-10 13:39:34.508,1781087974.509,MK8000,67,LOS,punct_interior,5,8,5,7.965,13.0,1.0,18.44,17.97,5.43,5.64,5.8,-7.0,2.0,18.0,17.0,11.0,-80.0,-87.0,-59.0,-61.0,-54.0
2026-06-10 13:39:42.142,1781087982.143,MK8000,67,LOS,punct_interior,5,9,5,7.965,13.0,1.0,18.17,18.08,5.46,5.6,5.74,-7.0,-4.0,16.0,13.0,16.0,-82.0,-81.0,-58.0,-58.0,-54.0
2026-06-10 13:39:49.809,1781087989.809,MK8000,67,LOS,punct_interior,5,10,5,7.965,13.0,1.0,18.1,17.94,5.47,5.68,5.67,-3.0,2.0,17.0,16.0,12.0,-84.0,-84.0,-58.0,-61.0,-59.0
2026-06-10 13:39:57.500,1781087997.501,MK8000,67,LOS,punct_interior,5,11,5,7.965,13.0,1.0,18.11,18.22,5.42,5.67,5.75,-6.0,1.0,15.0,19.0,15.0,-80.0,-82.0,-59.0,-63.0,-54.0
2026-06-10 13:40:05.607,1781088005.608,MK8000,67,LOS,punct_interior,5,12,5,7.965,13.0,1.0,18.12,18.17,5.45,5.65,5.7,-5.0,-5.0,18.0,21.0,12.0,-83.0,-85.0,-59.0,-61.0,-59.0
2026-06-10 13:40:13.336,1781088013.337,MK8000,67,LOS,punct_interior,5,13,5,7.965,13.0,1.0,18.04,18.36,5.42,5.6,5.81,-7.0,1.0,18.0,18.0,13.0,-82.0,-83.0,-58.0,-61.0,-59.0
2026-06-10 13:40:21.097,1781088021.097,MK8000,67,LOS,punct_interior,5,14,5,7.965,13.0,1.0,18.16,15.71,5.46,5.6,5.95,-6.0,2.0,15.0,13.0,11.0,-82.0,-81.0,-58.0,-63.0,-59.0
2026-06-10 13:40:28.888,1781088028.888,MK8000,67,LOS,punct_interior,5,15,5,7.965,13.0,1.0,18.17,17.73,5.44,5.75,7.39,-4.0,1.0,15.0,15.0,10.0,-80.0,-82.0,-57.0,-62.0,-62.0
2026-06-10 13:40:36.908,1781088036.908,MK8000,67,LOS,punct_interior,5,16,5,7.965,13.0,1.0,18.21,18.18,5.41,5.59,6.61,-7.0,3.0,17.0,18.0,9.0,-78.0,-82.0,-60.0,-61.0,-61.0
2026-06-10 13:40:44.742,1781088044.743,MK8000,67,LOS,punct_interior,5,17,5,7.965,13.0,1.0,18.08,18.03,5.37,5.55,6.28,-5.0,-2.0,16.0,13.0,14.0,-78.0,-82.0,-59.0,-58.0,-58.0
2026-06-10 13:40:52.607,1781088052.608,MK8000,67,LOS,punct_interior,5,18,5,7.965,13.0,1.0,18.05,17.5,5.46,5.57,6.59,-2.0,3.0,19.0,16.0,13.0,-82.0,-82.0,-58.0,-61.0,-58.0
2026-06-10 13:41:00.496,1781088060.496,MK8000,67,LOS,punct_interior,5,19,5,7.965,13.0,1.0,18.07,17.89,5.4,5.57,6.16,-6.0,-1.0,16.0,16.0,17.0,-82.0,-86.0,-59.0,-63.0,-56.0
2026-06-10 13:41:09.262,1781088069.262,MK8000,67,LOS,punct_interior,5,20,5,7.965,13.0,1.0,18.19,17.87,5.52,6.21,6.03,-5.0,2.0,17.0,15.0,15.0,-84.0,-83.0,-59.0,-62.0,-56.0
2026-06-10 13:41:17.057,1781088077.057,MK8000,67,LOS,punct_interior,5,21,5,7.965,13.0,1.0,18.2,18.11,5.47,5.73,6.12,-4.0,3.0,18.0,13.0,15.0,-85.0,-81.0,-57.0,-58.0,-56.0
2026-06-10 13:41:24.602,1781088084.602,MK8000,67,LOS,punct_interior,5,22,5,7.965,13.0,1.0,18.25,18.08,5.48,5.55,5.82,-7.0,3.0,15.0,18.0,14.0,-79.0,-82.0,-57.0,-60.0,-56.0
2026-06-10 13:41:32.819,1781088092.82,MK8000,67,LOS,punct_interior,5,23,5,7.965,13.0,1.0,18.1,18.5,5.47,5.71,5.74,-4.0,3.0,16.0,15.0,12.0,-84.0,-84.0,-58.0,-60.0,-53.0
2026-06-10 13:41:41.635,1781088101.635,MK8000,67,LOS,punct_interior,5,24,4,7.965,13.0,1.0,17.95,,5.46,5.7,5.75,-2.0,,17.0,16.0,11.0,-85.0,,-58.0,-62.0,-56.0
2026-06-10 13:41:49.251,1781088109.251,MK8000,67,LOS,punct_interior,5,25,5,7.965,13.0,1.0,16.56,18.2,5.41,6.15,5.8,-5.0,2.0,14.0,15.0,16.0,-82.0,-84.0,-58.0,-62.0,-54.0
2026-06-10 13:41:57.491,1781088117.491,MK8000,67,LOS,punct_interior,5,26,5,7.965,13.0,1.0,18.1,17.96,5.45,5.67,5.57,-5.0,3.0,17.0,22.0,16.0,-83.0,-85.0,-58.0,-61.0,-54.0
2026-06-10 13:42:05.813,1781088125.814,MK8000,67,LOS,punct_interior,5,27,5,7.965,13.0,1.0,18.09,17.96,5.43,5.7,5.75,-3.0,3.0,14.0,17.0,12.0,-84.0,-83.0,-59.0,-61.0,-58.0
2026-06-10 13:42:13.502,1781088133.503,MK8000,67,LOS,punct_interior,5,28,5,7.965,13.0,1.0,17.21,18.02,5.44,5.67,6.13,-3.0,3.0,17.0,16.0,16.0,-69.0,-83.0,-58.0,-62.0,-54.0
2026-06-10 13:42:21.868,1781088141.869,MK8000,67,LOS,punct_interior,5,29,5,7.965,13.0,1.0,15.84,16.91,5.46,5.65,5.74,-8.0,0.0,19.0,15.0,12.0,-84.0,-85.0,-57.0,-62.0,-54.0
2026-06-10 13:42:29.613,1781088149.614,MK8000,67,LOS,punct_interior,5,30,5,7.965,13.0,1.0,18.14,17.99,5.41,5.67,5.74,-6.0,3.0,16.0,13.0,17.0,-81.0,-85.0,-59.0,-58.0,-54.0
2026-06-10 13:50:17.101,1781088617.102,MK8000,68,LOS,punct_interior,5,1,5,8.965,13.0,1.0,18.71,16.88,6.77,6.95,6.31,-6.0,0.0,14.0,13.0,18.0,-82.0,-81.0,-60.0,-60.0,-56.0
2026-06-10 13:50:24.888,1781088624.888,MK8000,68,LOS,punct_interior,5,2,5,8.965,13.0,1.0,18.32,18.77,6.92,6.92,6.13,-6.0,4.0,16.0,14.0,17.0,-82.0,-81.0,-62.0,-60.0,-56.0
2026-06-10 13:50:33.398,1781088633.398,MK8000,68,LOS,punct_interior,5,3,5,8.965,13.0,1.0,18.42,16.88,6.79,6.36,6.28,-6.0,1.0,12.0,12.0,14.0,-81.0,-80.0,-58.0,-60.0,-58.0
2026-06-10 13:50:41.229,1781088641.23,MK8000,68,LOS,punct_interior,5,4,5,8.965,13.0,1.0,18.45,16.74,6.59,5.36,5.4,-6.0,1.0,12.0,14.0,18.0,-80.0,-81.0,-58.0,-63.0,-54.0
2026-06-10 13:50:49.119,1781088649.12,MK8000,68,LOS,punct_interior,5,5,5,8.965,13.0,1.0,18.59,16.58,6.86,5.31,5.23,-6.0,2.0,16.0,9.0,16.0,-83.0,-80.0,-63.0,-62.0,-54.0
2026-06-10 13:50:57.019,1781088657.019,MK8000,68,LOS,punct_interior,5,6,5,8.965,13.0,1.0,18.71,16.54,6.7,5.31,5.48,-6.0,1.0,12.0,11.0,14.0,-82.0,-84.0,-60.0,-60.0,-54.0
2026-06-10 13:51:04.990,1781088664.991,MK8000,68,LOS,punct_interior,5,7,5,8.965,13.0,1.0,18.57,16.6,6.7,5.33,5.54,-6.0,2.0,13.0,12.0,16.0,-82.0,-80.0,-60.0,-60.0,-54.0
2026-06-10 13:51:13.016,1781088673.016,MK8000,68,LOS,punct_interior,5,8,5,8.965,13.0,1.0,18.5,16.62,6.55,5.4,5.27,-6.0,2.0,15.0,13.0,19.0,-81.0,-83.0,-63.0,-60.0,-54.0
2026-06-10 13:51:21.091,1781088681.092,MK8000,68,LOS,punct_interior,5,9,5,8.965,13.0,1.0,18.59,17.41,6.52,5.3,5.28,-6.0,1.0,13.0,12.0,16.0,-81.0,-85.0,-60.0,-60.0,-54.0
2026-06-10 13:51:29.191,1781088689.192,MK8000,68,LOS,punct_interior,5,10,5,8.965,13.0,1.0,18.66,16.58,6.53,5.44,5.45,-6.0,2.0,14.0,14.0,17.0,-80.0,-80.0,-60.0,-64.0,-56.0
2026-06-10 13:51:36.725,1781088696.726,MK8000,68,LOS,punct_interior,5,11,5,8.965,13.0,1.0,18.58,16.61,6.61,5.31,5.53,,,,12.0,15.0,,,,-60.0,-54.0
2026-06-10 13:51:44.491,1781088704.491,MK8000,68,LOS,punct_interior,5,12,5,8.965,13.0,1.0,18.72,16.64,6.57,5.38,5.43,-6.0,,13.0,13.0,15.0,-82.0,,-60.0,-58.0,-54.0
2026-06-10 13:51:52.578,1781088712.579,MK8000,68,LOS,punct_interior,5,13,5,8.965,13.0,1.0,18.36,16.57,6.68,5.56,5.52,-6.0,1.0,13.0,11.0,15.0,-80.0,-82.0,-63.0,-60.0,-54.0
2026-06-10 13:52:00.201,1781088720.202,MK8000,68,LOS,punct_interior,5,14,5,8.965,13.0,1.0,18.59,16.64,6.68,6.52,5.52,-7.0,1.0,15.0,14.0,17.0,-83.0,-80.0,-63.0,-60.0,-56.0
2026-06-10 13:52:07.853,1781088727.853,MK8000,68,LOS,punct_interior,5,15,5,8.965,13.0,1.0,18.66,17.34,6.52,5.36,5.2,-6.0,0.0,12.0,11.0,11.0,-80.0,-86.0,-60.0,-60.0,-54.0
2026-06-10 13:52:16.434,1781088736.435,MK8000,68,LOS,punct_interior,5,16,4,8.965,13.0,1.0,18.61,16.61,6.71,,5.5,-6.0,2.0,11.0,,17.0,-81.0,-80.0,-60.0,,-56.0
2026-06-10 13:52:24.628,1781088744.629,MK8000,68,LOS,punct_interior,5,17,5,8.965,13.0,1.0,18.51,16.69,6.67,5.26,5.26,-7.0,2.0,12.0,15.0,11.0,-83.0,-82.0,-60.0,-63.0,-54.0
2026-06-10 13:52:32.348,1781088752.349,MK8000,68,LOS,punct_interior,5,18,5,8.965,13.0,1.0,18.57,16.69,6.7,5.17,5.24,-6.0,2.0,13.0,15.0,11.0,-82.0,-81.0,-60.0,-62.0,-54.0
2026-06-10 13:52:40.091,1781088760.092,MK8000,68,LOS,punct_interior,5,19,5,8.965,13.0,1.0,18.72,16.59,6.64,5.75,5.26,-6.0,1.0,14.0,13.0,10.0,-82.0,-80.0,-60.0,-60.0,-54.0
2026-06-10 13:52:47.856,1781088767.857,MK8000,68,LOS,punct_interior,5,20,5,8.965,13.0,1.0,18.44,17.02,6.62,5.3,5.41,-7.0,1.0,15.0,14.0,15.0,-79.0,-81.0,-63.0,-63.0,-54.0
2026-06-10 13:52:55.645,1781088775.646,MK8000,68,LOS,punct_interior,5,21,5,8.965,13.0,1.0,18.5,16.62,6.81,5.29,5.23,-7.0,1.0,11.0,13.0,13.0,-83.0,-83.0,-58.0,-60.0,-56.0
2026-06-10 13:53:03.958,1781088783.958,MK8000,68,LOS,punct_interior,5,22,5,8.965,13.0,1.0,18.75,16.95,6.69,5.47,5.5,-5.0,1.0,16.0,15.0,16.0,-81.0,-81.0,-63.0,-60.0,-54.0
2026-06-10 13:53:11.801,1781088791.802,MK8000,68,LOS,punct_interior,5,23,5,8.965,13.0,1.0,18.71,16.6,6.78,5.32,5.4,-6.0,1.0,16.0,12.0,15.0,-81.0,-81.0,-63.0,-60.0,-56.0
2026-06-10 13:53:19.664,1781088799.665,MK8000,68,LOS,punct_interior,5,24,5,8.965,13.0,1.0,18.59,16.6,6.73,5.29,5.32,-6.0,2.0,15.0,12.0,16.0,-80.0,-81.0,-63.0,-60.0,-54.0
2026-06-10 13:53:27.554,1781088807.554,MK8000,68,LOS,punct_interior,5,25,5,8.965,13.0,1.0,18.46,16.64,6.53,5.46,5.39,-6.0,2.0,12.0,12.0,16.0,-81.0,-81.0,-60.0,-60.0,-54.0
2026-06-10 13:53:35.465,1781088815.466,MK8000,68,LOS,punct_interior,5,26,5,8.965,13.0,1.0,18.48,17.33,6.6,5.37,5.23,-6.0,2.0,13.0,12.0,11.0,-82.0,-80.0,-60.0,-60.0,-54.0
2026-06-10 13:53:43.556,1781088823.557,MK8000,68,LOS,punct_interior,5,27,5,8.965,13.0,1.0,18.49,16.66,6.77,5.63,5.3,-6.0,2.0,18.0,13.0,15.0,-82.0,-81.0,-63.0,-60.0,-54.0
2026-06-10 13:53:51.101,1781088831.102,MK8000,68,LOS,punct_interior,5,28,5,8.965,13.0,1.0,18.73,16.68,6.62,5.37,5.57,-8.0,1.0,13.0,9.0,14.0,-81.0,-80.0,-60.0,-60.0,-58.0
2026-06-10 13:53:58.673,1781088838.674,MK8000,68,LOS,punct_interior,5,29,5,8.965,13.0,1.0,18.55,16.61,6.58,5.27,5.28,-6.0,1.0,12.0,13.0,12.0,-82.0,-81.0,-60.0,-60.0,-54.0
2026-06-10 13:54:07.338,1781088847.339,MK8000,68,LOS,punct_interior,5,30,4,8.965,13.0,1.0,18.59,16.54,6.69,,5.43,-6.0,1.0,12.0,,16.0,-80.0,-81.0,-60.0,,-54.0
2026-06-10 14:01:55.826,1781089315.827,MK8000,87,LOS,punct_interior,5,1,5,7.965,15.0,1.0,19.91,18.7,7.25,3.31,3.8,-7.0,0.0,10.0,17.0,15.0,-81.0,-85.0,-62.0,-56.0,-50.0
2026-06-10 14:02:04.626,1781089324.626,MK8000,87,LOS,punct_interior,5,2,4,7.965,15.0,1.0,,19.06,7.2,3.31,3.71,,1.0,11.0,16.0,18.0,,-83.0,-67.0,-55.0,-49.0
2026-06-10 14:02:12.295,1781089332.295,MK8000,87,LOS,punct_interior,5,3,5,7.965,15.0,1.0,19.65,18.82,7.21,3.34,3.79,-7.0,-1.0,12.0,16.0,18.0,-79.0,-84.0,-67.0,-54.0,-49.0
2026-06-10 14:02:21.143,1781089341.144,MK8000,87,LOS,punct_interior,5,4,4,7.965,15.0,1.0,,18.89,7.13,3.29,3.82,,1.0,14.0,18.0,14.0,,-84.0,-67.0,-55.0,-50.0
2026-06-10 14:02:28.862,1781089348.862,MK8000,87,LOS,punct_interior,5,5,5,7.965,15.0,1.0,19.72,19.11,7.27,3.31,3.87,-7.0,0.0,13.0,17.0,17.0,-80.0,-85.0,-66.0,-55.0,-51.0
2026-06-10 14:02:36.804,1781089356.805,MK8000,87,LOS,punct_interior,5,6,5,7.965,15.0,1.0,19.23,19.08,6.99,3.32,3.72,-8.0,1.0,8.0,13.0,15.0,-82.0,-83.0,-64.0,-55.0,-49.0
2026-06-10 14:02:45.367,1781089365.367,MK8000,87,LOS,punct_interior,5,7,5,7.965,15.0,1.0,19.64,18.78,7.27,3.32,3.79,-6.0,0.0,12.0,15.0,17.0,-80.0,-80.0,-67.0,-55.0,-48.0
2026-06-10 14:02:53.166,1781089373.167,MK8000,87,LOS,punct_interior,5,8,5,7.965,15.0,1.0,19.82,19.07,7.16,3.31,3.55,-7.0,1.0,12.0,20.0,14.0,-80.0,-84.0,-67.0,-54.0,-49.0
2026-06-10 14:03:02.048,1781089382.049,MK8000,87,LOS,punct_interior,5,9,4,7.965,15.0,1.0,,18.83,7.11,3.29,3.48,,2.0,9.0,16.0,15.0,,-80.0,-64.0,-56.0,-49.0
2026-06-10 14:03:09.891,1781089389.892,MK8000,87,LOS,punct_interior,5,10,5,7.965,15.0,1.0,19.63,18.8,7.24,3.31,3.83,-7.0,1.0,13.0,17.0,16.0,-81.0,-84.0,-67.0,-55.0,-50.0
2026-06-10 14:03:17.977,1781089397.977,MK8000,87,LOS,punct_interior,5,11,5,7.965,15.0,1.0,19.59,19.08,7.32,3.33,3.83,-8.0,1.0,10.0,16.0,15.0,-79.0,-83.0,-67.0,-55.0,-50.0
2026-06-10 14:03:26.069,1781089406.07,MK8000,87,LOS,punct_interior,5,12,5,7.965,15.0,1.0,19.5,18.79,7.25,3.31,3.81,-6.0,0.0,13.0,15.0,16.0,-81.0,-83.0,-67.0,-55.0,-49.0
2026-06-10 14:03:34.039,1781089414.039,MK8000,87,LOS,punct_interior,5,13,5,7.965,15.0,1.0,19.5,18.79,7.2,3.31,4.04,-8.0,1.0,9.0,17.0,17.0,-84.0,-84.0,-62.0,-54.0,-50.0
2026-06-10 14:03:43.122,1781089423.123,MK8000,87,LOS,punct_interior,5,14,4,7.965,15.0,1.0,,19.06,7.23,3.32,4.11,,1.0,9.0,15.0,15.0,,-80.0,-67.0,-56.0,-47.0
2026-06-10 14:03:51.217,1781089431.217,MK8000,87,LOS,punct_interior,5,15,5,7.965,15.0,1.0,20.38,19.1,7.21,3.33,3.69,-8.0,0.0,10.0,15.0,20.0,-80.0,-81.0,-67.0,-55.0,-52.0
2026-06-10 14:03:59.337,1781089439.338,MK8000,87,LOS,punct_interior,5,16,5,7.965,15.0,1.0,19.45,19.17,7.26,3.32,3.63,-7.0,1.0,13.0,13.0,15.0,-82.0,-84.0,-67.0,-56.0,-50.0
2026-06-10 14:04:08.129,1781089448.13,MK8000,87,LOS,punct_interior,5,17,4,7.965,15.0,1.0,,19.08,7.23,3.3,3.48,,,,18.0,16.0,,,,-55.0,-49.0
2026-06-10 14:04:15.698,1781089455.699,MK8000,87,LOS,punct_interior,5,18,5,7.965,15.0,1.0,20.48,18.99,7.24,3.33,3.74,,-1.0,11.0,15.0,19.0,,-82.0,-67.0,-56.0,-49.0
2026-06-10 14:04:24.247,1781089464.248,MK8000,87,LOS,punct_interior,5,19,5,7.965,15.0,1.0,19.43,18.82,7.31,3.31,3.83,-7.0,2.0,9.0,14.0,18.0,-80.0,-84.0,-62.0,-56.0,-49.0
2026-06-10 14:04:32.667,1781089472.667,MK8000,87,LOS,punct_interior,5,20,5,7.965,15.0,1.0,19.76,18.74,7.19,3.29,3.79,-8.0,0.0,13.0,21.0,16.0,-81.0,-85.0,-67.0,-54.0,-48.0
2026-06-10 14:04:41.506,1781089481.507,MK8000,87,LOS,punct_interior,5,21,4,7.965,15.0,1.0,,18.82,7.29,3.3,3.46,,1.0,10.0,16.0,14.0,,-85.0,-62.0,-55.0,-49.0
2026-06-10 14:04:49.374,1781089489.374,MK8000,87,LOS,punct_interior,5,22,5,7.965,15.0,1.0,23.5,18.7,7.19,3.29,3.77,-8.0,-1.0,11.0,22.0,19.0,-86.0,-87.0,-65.0,-55.0,-49.0
2026-06-10 14:04:57.071,1781089497.072,MK8000,87,LOS,punct_interior,5,23,5,7.965,15.0,1.0,20.15,19.77,7.51,3.32,3.82,-8.0,0.0,11.0,16.0,16.0,-85.0,-84.0,-64.0,-55.0,-50.0
2026-06-10 14:05:04.793,1781089504.793,MK8000,87,LOS,punct_interior,5,24,5,7.965,15.0,1.0,19.13,18.63,7.04,3.33,3.79,-8.0,1.0,11.0,17.0,17.0,-86.0,-85.0,-64.0,-56.0,-49.0
2026-06-10 14:05:12.537,1781089512.538,MK8000,87,LOS,punct_interior,5,25,5,7.965,15.0,1.0,18.25,18.88,7.11,3.32,3.85,-7.0,-2.0,8.0,17.0,17.0,-83.0,-80.0,-66.0,-55.0,-49.0
2026-06-10 14:05:21.157,1781089521.158,MK8000,87,LOS,punct_interior,5,26,5,7.965,15.0,1.0,18.84,19.61,7.59,3.32,3.55,-8.0,-13.0,8.0,15.0,15.0,-80.0,-82.0,-64.0,-56.0,-50.0
2026-06-10 14:05:30.344,1781089530.345,MK8000,87,LOS,punct_interior,5,27,4,7.965,15.0,1.0,19.29,,7.48,3.32,3.7,-6.0,,11.0,15.0,15.0,-81.0,,-64.0,-56.0,-49.0
2026-06-10 14:05:39.427,1781089539.428,MK8000,87,LOS,punct_interior,5,28,4,7.965,15.0,1.0,,18.75,7.27,3.31,3.47,,0.0,9.0,17.0,19.0,,-83.0,-68.0,-55.0,-49.0
2026-06-10 14:05:47.477,1781089547.477,MK8000,87,LOS,punct_interior,5,29,5,7.965,15.0,1.0,19.23,18.73,7.6,3.3,3.62,-7.0,1.0,7.0,15.0,17.0,-79.0,-83.0,-68.0,-56.0,-50.0
2026-06-10 14:05:56.299,1781089556.299,MK8000,87,LOS,punct_interior,5,30,5,7.965,15.0,1.0,20.41,19.28,7.81,3.63,3.39,-8.0,2.0,12.0,14.0,22.0,-83.0,-85.0,-64.0,-57.0,-49.0
2026-06-10 14:07:08.861,1781089628.861,MK8000,88,LOS,punct_interior,5,1,5,8.965,15.0,1.0,20.07,18.75,8.22,3.93,2.95,-7.0,1.0,7.0,12.0,13.0,-80.0,-83.0,-66.0,-60.0,-53.0
2026-06-10 14:07:18.108,1781089638.108,MK8000,88,LOS,punct_interior,5,2,4,8.965,15.0,1.0,20.13,,8.01,3.67,2.95,-8.0,,7.0,16.0,13.0,-85.0,,-68.0,-63.0,-53.0
2026-06-10 14:07:26.891,1781089646.891,MK8000,88,LOS,punct_interior,5,3,4,8.965,15.0,1.0,20.34,,8.05,3.84,2.94,-8.0,,10.0,11.0,15.0,-84.0,,-64.0,-60.0,-53.0
2026-06-10 14:07:34.440,1781089654.441,MK8000,88,LOS,punct_interior,5,4,5,8.965,15.0,1.0,20.33,18.05,7.99,3.92,2.99,-9.0,-3.0,7.0,12.0,15.0,-85.0,-81.0,-68.0,-58.0,-52.0
2026-06-10 14:07:42.654,1781089662.654,MK8000,88,LOS,punct_interior,5,5,5,8.965,15.0,1.0,19.99,18.17,7.96,4.02,2.98,-8.0,0.0,6.0,12.0,14.0,-86.0,-84.0,-66.0,-60.0,-53.0
2026-06-10 14:07:50.246,1781089670.246,MK8000,88,LOS,punct_interior,5,6,5,8.965,15.0,1.0,19.7,18.73,8.08,4.11,2.98,-8.0,2.0,10.0,12.0,13.0,-84.0,-83.0,-64.0,-60.0,-52.0
2026-06-10 14:07:58.612,1781089678.612,MK8000,88,LOS,punct_interior,5,7,5,8.965,15.0,1.0,20.36,18.76,8.01,3.96,3.0,-8.0,-4.0,9.0,11.0,14.0,-88.0,-85.0,-64.0,-60.0,-48.0
2026-06-10 14:08:07.468,1781089687.468,MK8000,88,LOS,punct_interior,5,8,4,8.965,15.0,1.0,20.43,,7.98,4.05,2.96,-8.0,,9.0,12.0,13.0,-81.0,,-64.0,-60.0,-54.0
2026-06-10 14:08:15.334,1781089695.335,MK8000,88,LOS,punct_interior,5,9,5,8.965,15.0,1.0,20.45,18.14,7.99,3.84,2.95,-7.0,-3.0,9.0,14.0,13.0,-82.0,-80.0,-64.0,-60.0,-53.0
2026-06-10 14:08:24.278,1781089704.279,MK8000,88,LOS,punct_interior,5,10,4,8.965,15.0,1.0,20.37,,8.05,3.83,2.98,-8.0,,7.0,11.0,14.0,-87.0,,-66.0,-58.0,-52.0
2026-06-10 14:08:33.454,1781089713.454,MK8000,88,LOS,punct_interior,5,11,4,8.965,15.0,1.0,20.39,,8.08,4.0,3.0,-8.0,,9.0,11.0,13.0,-87.0,,-63.0,-60.0,-52.0
2026-06-10 14:08:41.795,1781089721.796,MK8000,88,LOS,punct_interior,5,12,5,8.965,15.0,1.0,20.37,17.87,8.11,4.04,2.96,-8.0,-2.0,8.0,13.0,16.0,-87.0,-82.0,-63.0,-60.0,-53.0
2026-06-10 14:08:50.769,1781089730.769,MK8000,88,LOS,punct_interior,5,13,4,8.965,15.0,1.0,20.36,,8.02,3.95,2.96,-8.0,,7.0,15.0,12.0,-87.0,,-66.0,-60.0,-53.0
2026-06-10 14:08:59.710,1781089739.71,MK8000,88,LOS,punct_interior,5,14,4,8.965,15.0,1.0,20.3,,8.04,4.18,2.98,-7.0,,7.0,13.0,14.0,-81.0,,-68.0,-62.0,-53.0
2026-06-10 14:09:08.579,1781089748.579,MK8000,88,LOS,punct_interior,5,15,4,8.965,15.0,1.0,20.33,,7.97,4.12,2.99,-8.0,,8.0,13.0,13.0,-88.0,,-64.0,-60.0,-53.0
2026-06-10 14:09:17.593,1781089757.594,MK8000,88,LOS,punct_interior,5,16,4,8.965,15.0,1.0,20.36,,7.99,3.69,2.99,-7.0,,9.0,12.0,13.0,-80.0,,-64.0,-58.0,-53.0
2026-06-10 14:09:25.478,1781089765.479,MK8000,88,LOS,punct_interior,5,17,5,8.965,15.0,1.0,20.37,17.83,7.98,4.17,2.99,-8.0,-3.0,10.0,16.0,14.0,-79.0,-81.0,-64.0,-62.0,-54.0
2026-06-10 14:09:34.595,1781089774.596,MK8000,88,LOS,punct_interior,5,18,4,8.965,15.0,1.0,,18.66,7.84,4.11,3.0,,2.0,7.0,14.0,16.0,,-83.0,-62.0,-62.0,-54.0
2026-06-10 14:09:42.588,1781089782.589,MK8000,88,LOS,punct_interior,5,19,5,8.965,15.0,1.0,19.38,18.54,8.1,3.95,2.95,-8.0,1.0,9.0,12.0,14.0,-84.0,-83.0,-64.0,-58.0,-54.0
2026-06-10 14:09:50.652,1781089790.653,MK8000,88,LOS,punct_interior,5,20,5,8.965,15.0,1.0,19.12,18.71,7.98,3.89,2.95,-7.0,2.0,9.0,13.0,12.0,-83.0,-80.0,-64.0,-58.0,-53.0
2026-06-10 14:09:59.791,1781089799.791,MK8000,88,LOS,punct_interior,5,21,4,8.965,15.0,1.0,20.32,,8.15,4.36,2.98,-7.0,,10.0,13.0,14.0,-86.0,,-64.0,-60.0,-53.0
2026-06-10 14:10:08.821,1781089808.822,MK8000,88,LOS,punct_interior,5,22,5,8.965,15.0,1.0,20.07,18.4,7.96,4.16,2.97,-7.0,-3.0,8.0,13.0,12.0,-85.0,-81.0,-64.0,-60.0,-54.0
2026-06-10 14:10:16.377,1781089816.377,MK8000,88,LOS,punct_interior,5,23,5,8.965,15.0,1.0,20.4,18.61,8.15,4.0,2.95,,,,14.0,14.0,,,,-60.0,-53.0
2026-06-10 14:10:24.165,1781089824.166,MK8000,88,LOS,punct_interior,5,24,5,8.965,15.0,1.0,20.48,18.04,8.0,3.95,2.95,-6.0,-3.0,8.0,14.0,14.0,-80.0,-83.0,-69.0,-60.0,-53.0
2026-06-10 14:10:31.771,1781089831.772,MK8000,88,LOS,punct_interior,5,25,5,8.965,15.0,1.0,20.4,18.07,8.16,3.87,2.98,-6.0,0.0,11.0,12.0,13.0,-84.0,-84.0,-68.0,-63.0,-52.0
2026-06-10 14:10:40.593,1781089840.594,MK8000,88,LOS,punct_interior,5,26,4,8.965,15.0,1.0,20.03,,8.1,4.08,2.97,-7.0,,9.0,13.0,14.0,-83.0,,-64.0,-60.0,-53.0
2026-06-10 14:10:49.510,1781089849.511,MK8000,88,LOS,punct_interior,5,27,4,8.965,15.0,1.0,19.74,,7.96,3.93,2.97,-8.0,,9.0,13.0,16.0,-81.0,,-64.0,-60.0,-52.0
2026-06-10 14:10:58.667,1781089858.667,MK8000,88,LOS,punct_interior,5,28,4,8.965,15.0,1.0,20.32,,8.15,4.05,3.01,-8.0,,9.0,13.0,13.0,-85.0,,-63.0,-60.0,-53.0
2026-06-10 14:11:07.695,1781089867.696,MK8000,88,LOS,punct_interior,5,29,4,8.965,15.0,1.0,20.33,,7.98,3.92,2.96,-7.0,,10.0,13.0,14.0,-81.0,,-64.0,-60.0,-53.0
2026-06-10 14:11:16.976,1781089876.976,MK8000,88,LOS,punct_interior,5,30,4,8.965,15.0,1.0,20.1,,8.08,3.9,3.0,-7.0,,7.0,11.0,14.0,-85.0,,-66.0,-60.0,-54.0
2026-06-10 14:12:10.204,1781089930.205,MK8000,89,LOS,punct_interior,5,1,5,9.965,15.0,1.0,18.88,16.87,8.92,4.68,2.34,-8.0,-1.0,9.0,14.0,15.0,-84.0,-82.0,-64.0,-62.0,-51.0
2026-06-10 14:12:17.985,1781089937.985,MK8000,89,LOS,punct_interior,5,2,5,9.965,15.0,1.0,22.84,17.56,8.94,4.63,2.34,-9.0,0.0,11.0,12.0,14.0,-85.0,-83.0,-68.0,-63.0,-51.0
2026-06-10 14:12:25.789,1781089945.79,MK8000,89,LOS,punct_interior,5,3,5,9.965,15.0,1.0,18.12,17.9,9.01,4.65,2.35,-7.0,1.0,11.0,13.0,14.0,-79.0,-84.0,-68.0,-60.0,-50.0
2026-06-10 14:12:33.619,1781089953.62,MK8000,89,LOS,punct_interior,5,4,5,9.965,15.0,1.0,22.16,16.58,8.96,4.72,2.42,-7.0,1.0,14.0,14.0,16.0,-86.0,-82.0,-68.0,-62.0,-46.0
2026-06-10 14:12:41.479,1781089961.479,MK8000,89,LOS,punct_interior,5,5,5,9.965,15.0,1.0,21.73,16.14,8.97,4.59,2.35,-7.0,0.0,9.0,14.0,13.0,-84.0,-83.0,-64.0,-63.0,-50.0
2026-06-10 14:12:49.365,1781089969.365,MK8000,89,LOS,punct_interior,5,6,5,9.965,15.0,1.0,22.61,17.83,9.0,4.78,2.35,-6.0,-1.0,14.0,15.0,15.0,-85.0,-86.0,-67.0,-60.0,-50.0
2026-06-10 14:12:57.467,1781089977.467,MK8000,89,LOS,punct_interior,5,7,5,9.965,15.0,1.0,21.12,17.0,8.97,4.65,2.34,-7.0,1.0,8.0,16.0,13.0,-86.0,-82.0,-64.0,-63.0,-51.0
2026-06-10 14:13:05.397,1781089985.398,MK8000,89,LOS,punct_interior,5,8,5,9.965,15.0,1.0,20.27,17.41,8.99,4.68,2.35,-6.0,1.0,15.0,14.0,14.0,-79.0,-83.0,-68.0,-60.0,-50.0
2026-06-10 14:13:12.988,1781089992.988,MK8000,89,LOS,punct_interior,5,9,5,9.965,15.0,1.0,21.44,17.43,8.96,4.64,2.34,-8.0,1.0,12.0,16.0,14.0,-85.0,-83.0,-68.0,-63.0,-51.0
2026-06-10 14:13:20.548,1781090000.549,MK8000,89,LOS,punct_interior,5,10,5,9.965,15.0,1.0,20.2,16.97,9.01,4.72,2.35,-6.0,0.0,14.0,12.0,13.0,-79.0,-86.0,-67.0,-60.0,-50.0
2026-06-10 14:13:28.134,1781090008.135,MK8000,89,LOS,punct_interior,5,11,5,9.965,15.0,1.0,22.28,17.02,8.99,4.71,2.35,-8.0,1.0,9.0,13.0,13.0,-84.0,-82.0,-62.0,-58.0,-50.0
2026-06-10 14:13:35.744,1781090015.745,MK8000,89,LOS,punct_interior,5,12,5,9.965,15.0,1.0,20.79,17.78,9.01,4.69,2.38,-6.0,-1.0,10.0,13.0,13.0,-81.0,-83.0,-68.0,-60.0,-50.0
2026-06-10 14:13:43.372,1781090023.373,MK8000,89,LOS,punct_interior,5,13,5,9.965,15.0,1.0,21.24,17.06,8.96,4.65,2.36,-6.0,1.0,10.0,13.0,16.0,-80.0,-83.0,-68.0,-62.0,-50.0
2026-06-10 14:13:51.038,1781090031.039,MK8000,89,LOS,punct_interior,5,14,5,9.965,15.0,1.0,19.53,17.47,8.96,4.64,2.34,-7.0,0.0,11.0,15.0,15.0,-79.0,-82.0,-68.0,-62.0,-50.0
2026-06-10 14:13:58.723,1781090038.724,MK8000,89,LOS,punct_interior,5,15,5,9.965,15.0,1.0,22.29,16.98,9.02,4.81,2.36,-8.0,1.0,9.0,15.0,15.0,-84.0,-82.0,-66.0,-60.0,-49.0
2026-06-10 14:14:06.433,1781090046.434,MK8000,89,LOS,punct_interior,5,16,5,9.965,15.0,1.0,21.87,17.81,8.97,4.69,2.34,-7.0,0.0,7.0,15.0,14.0,-81.0,-83.0,-64.0,-62.0,-51.0
2026-06-10 14:14:14.167,1781090054.168,MK8000,89,LOS,punct_interior,5,17,5,9.965,15.0,1.0,20.91,17.35,9.01,4.63,2.35,-7.0,2.0,11.0,15.0,14.0,-80.0,-83.0,-67.0,-63.0,-50.0
2026-06-10 14:14:21.924,1781090061.925,MK8000,89,LOS,punct_interior,5,18,5,9.965,15.0,1.0,20.41,17.84,8.92,4.7,2.35,-7.0,0.0,11.0,14.0,13.0,-80.0,-82.0,-68.0,-62.0,-50.0
2026-06-10 14:14:29.708,1781090069.708,MK8000,89,LOS,punct_interior,5,19,5,9.965,15.0,1.0,20.98,16.56,9.01,4.63,2.36,-6.0,1.0,13.0,11.0,16.0,-78.0,-83.0,-67.0,-60.0,-46.0
2026-06-10 14:14:37.522,1781090077.523,MK8000,89,LOS,punct_interior,5,20,5,9.965,15.0,1.0,21.59,17.37,8.96,4.8,2.31,-10.0,2.0,9.0,13.0,10.0,-83.0,-83.0,-68.0,-60.0,-46.0
2026-06-10 14:14:45.562,1781090085.563,MK8000,89,LOS,punct_interior,5,21,5,9.965,15.0,1.0,21.5,16.08,8.96,4.71,2.35,-8.0,2.0,9.0,12.0,14.0,-83.0,-82.0,-64.0,-58.0,-50.0
2026-06-10 14:14:53.673,1781090093.673,MK8000,89,LOS,punct_interior,5,22,5,9.965,15.0,1.0,20.43,17.86,9.01,4.62,2.36,-6.0,0.0,12.0,13.0,15.0,-83.0,-83.0,-67.0,-60.0,-50.0
2026-06-10 14:15:01.620,1781090101.621,MK8000,89,LOS,punct_interior,5,23,5,9.965,15.0,1.0,20.49,16.54,8.99,5.06,2.36,-6.0,-1.0,10.0,13.0,14.0,-80.0,-81.0,-66.0,-60.0,-50.0
2026-06-10 14:15:09.558,1781090109.558,MK8000,89,LOS,punct_interior,5,24,5,9.965,15.0,1.0,21.78,18.18,8.98,4.54,2.29,-8.0,-4.0,11.0,14.0,14.0,-86.0,-81.0,-68.0,-63.0,-54.0
2026-06-10 14:15:17.509,1781090117.51,MK8000,89,LOS,punct_interior,5,25,5,9.965,15.0,1.0,19.53,17.33,8.96,4.61,3.88,-7.0,-3.0,13.0,12.0,12.0,-82.0,-82.0,-67.0,-64.0,-50.0
2026-06-10 14:15:25.596,1781090125.597,MK8000,89,LOS,punct_interior,5,26,5,9.965,15.0,1.0,22.96,17.24,9.07,4.59,3.78,-7.0,-1.0,9.0,14.0,15.0,-81.0,-80.0,-69.0,-60.0,-50.0
2026-06-10 14:15:33.695,1781090133.696,MK8000,89,LOS,punct_interior,5,27,5,9.965,15.0,1.0,23.17,16.36,8.91,4.91,2.4,-9.0,1.0,11.0,17.0,14.0,-85.0,-85.0,-64.0,-62.0,-49.0
2026-06-10 14:15:41.823,1781090141.824,MK8000,89,LOS,punct_interior,5,28,5,9.965,15.0,1.0,22.48,20.91,8.93,4.54,3.55,-8.0,1.0,12.0,13.0,15.0,-87.0,-85.0,-67.0,-60.0,-53.0
2026-06-10 14:15:49.385,1781090149.386,MK8000,89,LOS,punct_interior,5,29,5,9.965,15.0,1.0,21.88,16.22,9.08,4.67,2.4,,,,10.0,15.0,,,,-62.0,-52.0
2026-06-10 14:15:56.969,1781090156.97,MK8000,89,LOS,punct_interior,5,30,5,9.965,15.0,1.0,22.78,16.64,8.96,4.77,2.36,-6.0,-1.0,8.0,15.0,13.0,-82.0,-86.0,-65.0,-64.0,-46.0
2026-06-10 14:16:59.536,1781090219.537,MK8000,96,LOS,punct_interior,5,1,4,6.965,16.0,1.0,18.91,,7.41,1.88,4.46,-7.0,,10.0,15.0,14.0,-81.0,,-64.0,-56.0,-53.0
2026-06-10 14:17:08.022,1781090228.022,MK8000,96,LOS,punct_interior,5,2,5,6.965,16.0,1.0,19.05,19.02,7.47,1.87,4.05,-6.0,0.0,8.0,15.0,11.0,-84.0,-83.0,-66.0,-56.0,-50.0
2026-06-10 14:17:15.882,1781090235.883,MK8000,96,LOS,punct_interior,5,3,5,6.965,16.0,1.0,18.8,21.79,7.5,1.86,4.52,-7.0,2.0,10.0,17.0,15.0,-86.0,-82.0,-66.0,-56.0,-53.0
2026-06-10 14:17:23.774,1781090243.775,MK8000,96,LOS,punct_interior,5,4,5,6.965,16.0,1.0,18.37,21.74,7.39,1.87,4.46,-7.0,1.0,10.0,16.0,13.0,-81.0,-82.0,-64.0,-55.0,-48.0
2026-06-10 14:17:31.984,1781090251.984,MK8000,96,LOS,punct_interior,5,5,5,6.965,16.0,1.0,18.13,21.69,7.44,1.86,4.05,-7.0,1.0,11.0,22.0,13.0,-81.0,-82.0,-64.0,-55.0,-48.0
2026-06-10 14:17:40.114,1781090260.115,MK8000,96,LOS,punct_interior,5,6,5,6.965,16.0,1.0,18.39,21.64,7.44,1.88,4.39,-6.0,1.0,10.0,14.0,14.0,-82.0,-82.0,-64.0,-55.0,-50.0
2026-06-10 14:17:47.874,1781090267.875,MK8000,96,LOS,punct_interior,5,7,5,6.965,16.0,1.0,18.6,20.18,7.44,1.86,4.21,-9.0,1.0,10.0,18.0,16.0,-85.0,-83.0,-66.0,-56.0,-50.0
2026-06-10 14:17:56.710,1781090276.711,MK8000,96,LOS,punct_interior,5,8,5,6.965,16.0,1.0,19.0,21.84,7.42,1.87,3.63,-6.0,1.0,9.0,19.0,15.0,-84.0,-83.0,-64.0,-55.0,-53.0
2026-06-10 14:18:04.512,1781090284.513,MK8000,96,LOS,punct_interior,5,9,5,6.965,16.0,1.0,18.3,21.66,7.53,1.86,4.45,-7.0,1.0,11.0,18.0,15.0,-83.0,-83.0,-64.0,-56.0,-53.0
2026-06-10 14:18:12.545,1781090292.546,MK8000,96,LOS,punct_interior,5,10,5,6.965,16.0,1.0,19.08,21.81,7.39,1.88,4.01,-6.0,0.0,9.0,20.0,18.0,-85.0,-83.0,-66.0,-56.0,-53.0
2026-06-10 14:18:20.611,1781090300.612,MK8000,96,LOS,punct_interior,5,11,5,6.965,16.0,1.0,18.44,17.94,7.43,1.88,3.89,-7.0,0.0,10.0,16.0,17.0,-83.0,-82.0,-64.0,-55.0,-53.0
2026-06-10 14:18:28.493,1781090308.494,MK8000,96,LOS,punct_interior,5,12,5,6.965,16.0,1.0,18.25,21.69,7.33,1.85,3.69,-6.0,2.0,6.0,19.0,16.0,-84.0,-86.0,-66.0,-55.0,-53.0
2026-06-10 14:18:36.802,1781090316.803,MK8000,96,LOS,punct_interior,5,13,5,6.965,16.0,1.0,18.7,21.83,7.24,1.87,4.46,-7.0,0.0,8.0,15.0,15.0,-85.0,-85.0,-66.0,-56.0,-53.0
2026-06-10 14:18:44.733,1781090324.734,MK8000,96,LOS,punct_interior,5,14,5,6.965,16.0,1.0,18.84,21.85,7.47,1.86,3.81,-6.0,0.0,8.0,18.0,15.0,-84.0,-83.0,-66.0,-55.0,-50.0
2026-06-10 14:18:52.520,1781090332.52,MK8000,96,LOS,punct_interior,5,15,5,6.965,16.0,1.0,18.81,21.81,7.63,1.88,4.03,-6.0,-2.0,9.0,21.0,16.0,-80.0,-82.0,-66.0,-55.0,-53.0
2026-06-10 14:19:00.584,1781090340.585,MK8000,96,LOS,punct_interior,5,16,5,6.965,16.0,1.0,18.61,21.58,7.44,1.86,4.38,-7.0,0.0,9.0,19.0,13.0,-83.0,-83.0,-66.0,-55.0,-48.0
2026-06-10 14:19:08.177,1781090348.178,MK8000,96,LOS,punct_interior,5,17,5,6.965,16.0,1.0,18.48,21.65,7.36,1.88,4.44,-6.0,2.0,9.0,14.0,15.0,-84.0,-82.0,-66.0,-56.0,-53.0
2026-06-10 14:19:16.444,1781090356.444,MK8000,96,LOS,punct_interior,5,18,5,6.965,16.0,1.0,18.56,21.64,7.42,1.86,4.44,-6.0,1.0,8.0,18.0,15.0,-83.0,-82.0,-66.0,-56.0,-53.0
2026-06-10 14:19:24.284,1781090364.285,MK8000,96,LOS,punct_interior,5,19,5,6.965,16.0,1.0,19.03,21.7,7.51,1.87,4.48,-7.0,0.0,10.0,14.0,15.0,-85.0,-84.0,-64.0,-56.0,-53.0
2026-06-10 14:19:33.148,1781090373.149,MK8000,96,LOS,punct_interior,5,20,4,6.965,16.0,1.0,,21.66,7.42,1.86,4.19,,1.0,9.0,16.0,16.0,,-83.0,-66.0,-54.0,-53.0
2026-06-10 14:19:41.489,1781090381.49,MK8000,96,LOS,punct_interior,5,21,5,6.965,16.0,1.0,19.11,21.71,7.41,1.86,4.04,-8.0,1.0,9.0,16.0,12.0,-85.0,-87.0,-66.0,-56.0,-50.0
2026-06-10 14:19:49.999,1781090389.999,MK8000,96,LOS,punct_interior,5,22,5,6.965,16.0,1.0,18.78,18.91,7.44,1.86,4.42,-6.0,1.0,11.0,17.0,13.0,-83.0,-83.0,-64.0,-56.0,-50.0
2026-06-10 14:19:59.144,1781090399.145,MK8000,96,LOS,punct_interior,5,23,4,6.965,16.0,1.0,,21.73,7.42,1.86,3.8,,-1.0,11.0,16.0,15.0,,-84.0,-64.0,-56.0,-52.0
2026-06-10 14:20:09.132,1781090409.133,MK8000,96,LOS,punct_interior,5,24,3,6.965,16.0,1.0,,,7.46,1.87,4.06,,,8.0,19.0,14.0,,,-64.0,-56.0,-52.0
2026-06-10 14:20:17.321,1781090417.322,MK8000,96,LOS,punct_interior,5,25,5,6.965,16.0,1.0,18.29,21.73,7.55,1.87,4.48,-6.0,0.0,10.0,17.0,16.0,-81.0,-84.0,-66.0,-56.0,-53.0
2026-06-10 14:20:27.339,1781090427.34,MK8000,96,LOS,punct_interior,5,26,3,6.965,16.0,1.0,,21.7,7.38,1.89,,,1.0,9.0,14.0,,,-82.0,-64.0,-56.0,
2026-06-10 14:20:35.587,1781090435.587,MK8000,96,LOS,punct_interior,5,27,5,6.965,16.0,1.0,18.79,21.72,7.53,1.89,3.57,-6.0,1.0,7.0,15.0,15.0,-85.0,-86.0,-66.0,-56.0,-52.0
2026-06-10 14:20:43.956,1781090443.956,MK8000,96,LOS,punct_interior,5,28,5,6.965,16.0,1.0,18.33,21.72,7.52,1.88,4.46,-6.0,1.0,11.0,19.0,14.0,-79.0,-83.0,-64.0,-56.0,-53.0
2026-06-10 14:20:52.280,1781090452.28,MK8000,96,LOS,punct_interior,5,29,5,6.965,16.0,1.0,18.45,21.66,7.57,1.87,4.46,-7.0,1.0,11.0,16.0,15.0,-81.0,-82.0,-64.0,-56.0,-53.0
2026-06-10 14:21:00.682,1781090460.683,MK8000,96,LOS,punct_interior,5,30,5,6.965,16.0,1.0,18.48,21.79,7.56,1.87,4.34,-7.0,2.0,10.0,19.0,15.0,-82.0,-83.0,-64.0,-56.0,-53.0
2026-06-10 14:25:15.769,1781090715.77,MK8000,97,LOS,punct_interior,5,1,5,7.965,16.0,1.0,21.29,19.09,8.99,2.72,3.18,-7.0,-1.0,4.0,19.0,11.0,-83.0,-86.0,-61.0,-57.0,-54.0
2026-06-10 14:25:24.008,1781090724.009,MK8000,97,LOS,punct_interior,5,2,5,7.965,16.0,1.0,21.17,19.15,8.94,3.07,3.19,-6.0,-3.0,9.0,11.0,12.0,-80.0,-81.0,-66.0,-52.0,-54.0
2026-06-10 14:25:33.312,1781090733.312,MK8000,97,LOS,punct_interior,5,3,4,7.965,16.0,1.0,20.96,,9.01,2.74,3.2,-7.0,,7.0,16.0,10.0,-83.0,,-70.0,-58.0,-50.0
2026-06-10 14:25:41.648,1781090741.648,MK8000,97,LOS,punct_interior,5,4,5,7.965,16.0,1.0,20.04,19.29,9.02,2.66,3.19,-7.0,2.0,9.0,17.0,14.0,-82.0,-84.0,-64.0,-56.0,-54.0
2026-06-10 14:25:50.065,1781090750.065,MK8000,97,LOS,punct_interior,5,5,5,7.965,16.0,1.0,21.11,19.53,8.87,2.61,3.21,,-1.0,,17.0,12.0,,-86.0,,-57.0,-53.0
2026-06-10 14:25:58.901,1781090758.902,MK8000,97,LOS,punct_interior,5,6,4,7.965,16.0,1.0,21.11,,8.94,2.97,3.18,-7.0,,7.0,16.0,11.0,-80.0,,-66.0,-58.0,-54.0
2026-06-10 14:26:06.527,1781090766.527,MK8000,97,LOS,punct_interior,5,7,5,7.965,16.0,1.0,20.99,19.51,9.02,2.67,3.2,-7.0,0.0,9.0,14.0,13.0,-82.0,-84.0,-64.0,-56.0,-54.0
2026-06-10 14:26:15.717,1781090775.717,MK8000,97,LOS,punct_interior,5,8,4,7.965,16.0,1.0,20.98,,9.01,2.97,3.22,-7.0,,11.0,11.0,13.0,-80.0,,-80.0,-52.0,-50.0
2026-06-10 14:26:23.969,1781090783.969,MK8000,97,LOS,punct_interior,5,9,5,7.965,16.0,1.0,21.5,19.04,8.92,2.9,3.23,-8.0,0.0,9.0,11.0,14.0,-83.0,-85.0,-66.0,-54.0,-54.0
2026-06-10 14:26:32.903,1781090792.903,MK8000,97,LOS,punct_interior,5,10,4,7.965,16.0,1.0,20.96,,8.94,2.89,3.22,-6.0,,6.0,11.0,14.0,-80.0,,-64.0,-54.0,-53.0
2026-06-10 14:26:41.411,1781090801.411,MK8000,97,LOS,punct_interior,5,11,5,7.965,16.0,1.0,21.38,19.2,8.92,3.08,3.18,-7.0,-1.0,7.0,15.0,13.0,-85.0,-84.0,-70.0,-57.0,-54.0
2026-06-10 14:26:50.384,1781090810.385,MK8000,97,LOS,punct_interior,5,12,4,7.965,16.0,1.0,20.81,,8.95,3.16,3.23,-8.0,,7.0,17.0,15.0,-83.0,,-81.0,-58.0,-54.0
2026-06-10 14:26:58.350,1781090818.35,MK8000,97,LOS,punct_interior,5,13,5,7.965,16.0,1.0,20.57,19.61,8.9,2.6,3.2,-8.0,-3.0,6.0,17.0,13.0,-84.0,-81.0,-66.0,-57.0,-54.0
2026-06-10 14:27:06.537,1781090826.537,MK8000,97,LOS,punct_interior,5,14,5,7.965,16.0,1.0,20.94,19.37,8.88,2.65,3.21,-8.0,1.0,8.0,16.0,13.0,-86.0,-85.0,-66.0,-56.0,-54.0
2026-06-10 14:27:14.352,1781090834.352,MK8000,97,LOS,punct_interior,5,15,5,7.965,16.0,1.0,21.45,19.39,8.93,3.1,3.23,-7.0,0.0,9.0,16.0,13.0,-86.0,-83.0,-66.0,-58.0,-54.0
2026-06-10 14:27:23.185,1781090843.186,MK8000,97,LOS,punct_interior,5,16,5,7.965,16.0,1.0,20.95,19.61,8.98,2.95,3.18,-8.0,-4.0,9.0,11.0,14.0,-84.0,-82.0,-69.0,-54.0,-54.0
2026-06-10 14:27:32.333,1781090852.333,MK8000,97,LOS,punct_interior,5,17,4,7.965,16.0,1.0,21.15,,8.93,2.57,3.19,-7.0,,7.0,19.0,15.0,-83.0,,-66.0,-57.0,-54.0
2026-06-10 14:27:41.407,1781090861.408,MK8000,97,LOS,punct_interior,5,18,4,7.965,16.0,1.0,20.87,,8.89,2.8,3.18,-6.0,,9.0,17.0,14.0,-80.0,,-78.0,-57.0,-54.0
2026-06-10 14:27:50.173,1781090870.173,MK8000,97,LOS,punct_interior,5,19,5,7.965,16.0,1.0,21.56,19.37,8.9,3.12,3.18,-8.0,1.0,7.0,12.0,15.0,-85.0,-84.0,-66.0,-54.0,-54.0
2026-06-10 14:27:57.957,1781090877.958,MK8000,97,LOS,punct_interior,5,20,5,7.965,16.0,1.0,21.09,19.54,8.93,2.68,3.2,-7.0,3.0,8.0,14.0,12.0,-80.0,-83.0,-70.0,-56.0,-54.0
2026-06-10 14:28:06.754,1781090886.754,MK8000,97,LOS,punct_interior,5,21,4,7.965,16.0,1.0,21.07,,8.81,2.83,3.24,-8.0,,7.0,14.0,12.0,-83.0,,-66.0,-58.0,-50.0
2026-06-10 14:28:14.970,1781090894.97,MK8000,97,LOS,punct_interior,5,22,5,7.965,16.0,1.0,21.43,19.14,8.88,2.96,3.19,-7.0,2.0,8.0,10.0,14.0,-85.0,-84.0,-66.0,-54.0,-54.0
2026-06-10 14:28:23.154,1781090903.155,MK8000,97,LOS,punct_interior,5,23,5,7.965,16.0,1.0,20.93,19.68,8.96,3.22,3.18,-6.0,1.0,7.0,13.0,13.0,-80.0,-85.0,-70.0,-56.0,-54.0
2026-06-10 14:28:31.625,1781090911.625,MK8000,97,LOS,punct_interior,5,24,5,7.965,16.0,1.0,20.56,19.01,8.97,2.89,3.24,-7.0,-2.0,8.0,15.0,15.0,-81.0,-89.0,-70.0,-58.0,-52.0
2026-06-10 14:28:40.616,1781090920.617,MK8000,97,LOS,punct_interior,5,25,4,7.965,16.0,1.0,21.06,,8.92,2.86,3.25,-7.0,,6.0,14.0,14.0,-80.0,,-66.0,-57.0,-54.0
2026-06-10 14:28:48.481,1781090928.482,MK8000,97,LOS,punct_interior,5,26,5,7.965,16.0,1.0,21.18,19.27,8.95,2.72,3.25,-8.0,-3.0,13.0,15.0,11.0,-87.0,-81.0,-70.0,-57.0,-50.0
2026-06-10 14:28:56.967,1781090936.967,MK8000,97,LOS,punct_interior,5,27,5,7.965,16.0,1.0,20.65,19.72,8.9,3.23,3.18,-7.0,3.0,7.0,17.0,13.0,-79.0,-83.0,-66.0,-57.0,-54.0
2026-06-10 14:29:05.869,1781090945.87,MK8000,97,LOS,punct_interior,5,28,4,7.965,16.0,1.0,21.42,,8.85,2.79,3.2,-7.0,,7.0,16.0,12.0,-85.0,,-66.0,-57.0,-54.0
2026-06-10 14:29:14.852,1781090954.852,MK8000,97,LOS,punct_interior,5,29,4,7.965,16.0,1.0,21.19,,8.93,2.8,3.18,-10.0,,8.0,17.0,14.0,-83.0,,-66.0,-56.0,-54.0
2026-06-10 14:29:23.678,1781090963.678,MK8000,97,LOS,punct_interior,5,30,4,7.965,16.0,1.0,21.43,,8.35,3.06,3.19,-8.0,,2.0,12.0,14.0,-86.0,,-57.0,-54.0,-54.0
2026-06-10 14:39:43.452,1781091583.453,MK8000,98,LOS,punct_interior,5,1,5,8.965,16.0,1.0,20.27,19.68,8.52,3.26,2.24,-7.0,-2.0,9.0,14.0,14.0,-84.0,-83.0,-66.0,-60.0,-46.0
2026-06-10 14:39:52.101,1781091592.102,MK8000,98,LOS,punct_interior,5,2,5,8.965,16.0,1.0,22.66,19.65,10.16,3.33,2.25,-7.0,-2.0,7.0,12.0,17.0,-80.0,-85.0,-66.0,-61.0,-51.0
2026-06-10 14:39:59.771,1781091599.771,MK8000,98,LOS,punct_interior,5,3,5,8.965,16.0,1.0,19.74,19.69,8.53,3.38,2.25,-7.0,0.0,8.0,15.0,14.0,-82.0,-83.0,-64.0,-61.0,-46.0
2026-06-10 14:40:07.669,1781091607.67,MK8000,98,LOS,punct_interior,5,4,5,8.965,16.0,1.0,19.77,19.51,8.53,3.38,2.23,-8.0,0.0,9.0,12.0,14.0,-84.0,-82.0,-64.0,-62.0,-52.0
2026-06-10 14:40:15.594,1781091615.595,MK8000,98,LOS,punct_interior,5,5,5,8.965,16.0,1.0,20.96,19.7,9.24,3.41,2.26,-6.0,0.0,8.0,17.0,15.0,-85.0,-83.0,-68.0,-61.0,-52.0
2026-06-10 14:40:23.348,1781091623.349,MK8000,98,LOS,punct_interior,5,6,5,8.965,16.0,1.0,21.51,19.72,8.49,3.41,2.23,-8.0,1.0,7.0,15.0,19.0,-85.0,-85.0,-64.0,-62.0,-52.0
2026-06-10 14:40:31.122,1781091631.123,MK8000,98,LOS,punct_interior,5,7,5,8.965,16.0,1.0,20.78,19.69,8.69,3.42,2.23,-6.0,-2.0,11.0,13.0,18.0,-80.0,-87.0,-64.0,-62.0,-51.0
2026-06-10 14:40:38.920,1781091638.92,MK8000,98,LOS,punct_interior,5,8,5,8.965,16.0,1.0,20.82,19.01,8.63,3.39,2.19,-7.0,1.0,7.0,17.0,15.0,-84.0,-85.0,-64.0,-61.0,-51.0
2026-06-10 14:40:46.742,1781091646.743,MK8000,98,LOS,punct_interior,5,9,5,8.965,16.0,1.0,24.33,17.73,9.98,3.47,2.31,-7.0,0.0,8.0,14.0,16.0,-84.0,-80.0,-66.0,-61.0,-52.0
2026-06-10 14:40:54.611,1781091654.612,MK8000,98,LOS,punct_interior,5,10,5,8.965,16.0,1.0,20.93,19.54,8.85,3.45,2.49,-8.0,1.0,9.0,16.0,12.0,-81.0,-80.0,-69.0,-61.0,-48.0
2026-06-10 14:41:02.516,1781091662.517,MK8000,98,LOS,punct_interior,5,11,5,8.965,16.0,1.0,25.14,19.61,10.33,3.44,2.26,-9.0,-2.0,10.0,18.0,14.0,-86.0,-86.0,-81.0,-61.0,-46.0
2026-06-10 14:41:11.123,1781091671.124,MK8000,98,LOS,punct_interior,5,12,5,8.965,16.0,1.0,19.99,19.74,8.38,3.39,2.21,-7.0,-2.0,9.0,14.0,17.0,-82.0,-83.0,-64.0,-62.0,-52.0
2026-06-10 14:41:19.130,1781091679.13,MK8000,98,LOS,punct_interior,5,13,5,8.965,16.0,1.0,20.49,19.82,8.5,3.38,2.21,-7.0,0.0,9.0,14.0,16.0,-83.0,-85.0,-64.0,-62.0,-52.0
2026-06-10 14:41:27.185,1781091687.186,MK8000,98,LOS,punct_interior,5,14,5,8.965,16.0,1.0,20.01,19.84,9.41,3.4,2.27,-7.0,1.0,8.0,14.0,12.0,-82.0,-85.0,-66.0,-62.0,-48.0
2026-06-10 14:41:35.455,1781091695.455,MK8000,98,LOS,punct_interior,5,15,5,8.965,16.0,1.0,20.75,19.99,8.76,3.38,2.29,-7.0,-1.0,7.0,17.0,13.0,-85.0,-86.0,-66.0,-62.0,-48.0
2026-06-10 14:41:43.581,1781091703.581,MK8000,98,LOS,punct_interior,5,16,5,8.965,16.0,1.0,20.94,19.67,10.07,3.39,2.19,-7.0,-3.0,6.0,15.0,16.0,-85.0,-82.0,-69.0,-62.0,-50.0
2026-06-10 14:41:51.131,1781091711.132,MK8000,98,LOS,punct_interior,5,17,5,8.965,16.0,1.0,20.89,19.7,8.62,3.4,2.27,,,,15.0,18.0,,,,-62.0,-52.0
2026-06-10 14:41:58.699,1781091718.699,MK8000,98,LOS,punct_interior,5,18,5,8.965,16.0,1.0,20.89,19.61,9.33,3.38,2.27,,,10.0,15.0,12.0,,,-64.0,-58.0,-48.0
2026-06-10 14:42:06.288,1781091726.288,MK8000,98,LOS,punct_interior,5,19,5,8.965,16.0,1.0,21.11,19.72,8.77,3.39,2.22,-6.0,-2.0,8.0,14.0,17.0,-86.0,-81.0,-66.0,-62.0,-52.0
2026-06-10 14:42:13.917,1781091733.917,MK8000,98,LOS,punct_interior,5,20,5,8.965,16.0,1.0,20.99,19.75,8.78,3.4,2.23,-7.0,-1.0,9.0,14.0,16.0,-81.0,-84.0,-66.0,-62.0,-51.0
2026-06-10 14:42:21.563,1781091741.563,MK8000,98,LOS,punct_interior,5,21,5,8.965,16.0,1.0,21.56,19.79,9.7,3.4,2.21,-7.0,0.0,7.0,15.0,16.0,-83.0,-84.0,-66.0,-62.0,-52.0
2026-06-10 14:42:29.436,1781091749.437,MK8000,98,LOS,punct_interior,5,22,5,8.965,16.0,1.0,21.1,20.47,9.24,3.43,2.22,-8.0,-3.0,8.0,18.0,16.0,-86.0,-81.0,-69.0,-60.0,-52.0
2026-06-10 14:42:37.143,1781091757.143,MK8000,98,LOS,punct_interior,5,23,5,8.965,16.0,1.0,20.07,21.34,9.23,3.44,2.26,-6.0,0.0,6.0,18.0,16.0,-79.0,-85.0,-81.0,-61.0,-51.0
2026-06-10 14:42:45.068,1781091765.069,MK8000,98,LOS,punct_interior,5,24,5,8.965,16.0,1.0,19.31,19.68,9.65,3.39,2.23,-6.0,0.0,7.0,14.0,15.0,-81.0,-85.0,-66.0,-62.0,-52.0
2026-06-10 14:42:52.815,1781091772.816,MK8000,98,LOS,punct_interior,5,25,5,8.965,16.0,1.0,20.79,19.79,9.63,3.44,2.27,-7.0,1.0,7.0,17.0,13.0,-87.0,-83.0,-66.0,-61.0,-48.0
2026-06-10 14:43:00.584,1781091780.585,MK8000,98,LOS,punct_interior,5,26,5,8.965,16.0,1.0,20.44,19.64,8.37,3.4,2.2,-7.0,-4.0,9.0,12.0,18.0,-84.0,-83.0,-66.0,-62.0,-52.0
2026-06-10 14:43:09.259,1781091789.26,MK8000,98,LOS,punct_interior,5,27,4,8.965,16.0,1.0,21.19,19.67,10.04,,2.24,-7.0,1.0,8.0,,18.0,-86.0,-83.0,-69.0,,-51.0
2026-06-10 14:43:17.284,1781091797.284,MK8000,98,LOS,punct_interior,5,28,5,8.965,16.0,1.0,20.36,19.67,9.17,3.42,2.19,-9.0,-2.0,8.0,13.0,15.0,-83.0,-84.0,-68.0,-58.0,-52.0
2026-06-10 14:43:25.133,1781091805.133,MK8000,98,LOS,punct_interior,5,29,5,8.965,16.0,1.0,20.34,19.66,9.24,3.45,2.27,-7.0,1.0,7.0,17.0,16.0,-82.0,-83.0,-66.0,-61.0,-50.0
2026-06-10 14:43:33.005,1781091813.006,MK8000,98,LOS,punct_interior,5,30,5,8.965,16.0,1.0,20.51,19.51,8.65,3.39,2.67,-7.0,-3.0,10.0,18.0,13.0,-81.0,-82.0,-66.0,-61.0,-55.0
2026-06-10 14:44:03.222,1781091843.223,MK8000,99,LOS,punct_interior,5,1,5,9.965,16.0,1.0,20.35,21.64,9.36,4.17,1.5,-7.0,0.0,9.0,11.0,13.0,-83.0,-85.0,-66.0,-58.0,-46.0
2026-06-10 14:44:11.345,1781091851.346,MK8000,99,LOS,punct_interior,5,2,5,9.965,16.0,1.0,22.12,20.11,9.37,4.15,1.54,-9.0,0.0,9.0,17.0,12.0,-83.0,-84.0,-66.0,-62.0,-46.0
2026-06-10 14:44:19.133,1781091859.134,MK8000,99,LOS,punct_interior,5,3,5,9.965,16.0,1.0,22.36,20.54,9.21,4.56,1.52,-7.0,-1.0,9.0,12.0,18.0,-80.0,-85.0,-77.0,-58.0,-49.0
2026-06-10 14:44:26.688,1781091866.689,MK8000,99,LOS,punct_interior,5,4,5,9.965,16.0,1.0,23.55,17.86,9.5,4.17,1.52,-7.0,-4.0,10.0,13.0,18.0,-81.0,-83.0,-82.0,-58.0,-50.0
2026-06-10 14:44:34.469,1781091874.469,MK8000,99,LOS,punct_interior,5,5,5,9.965,16.0,1.0,23.87,18.95,9.32,4.65,1.96,-9.0,-2.0,7.0,14.0,12.0,-88.0,-80.0,-69.0,-58.0,-54.0
2026-06-10 14:44:42.066,1781091882.066,MK8000,99,LOS,punct_interior,5,6,5,9.965,16.0,1.0,22.57,19.08,9.63,4.25,1.91,-8.0,0.0,8.0,11.0,18.0,-85.0,-83.0,-84.0,-60.0,-55.0
2026-06-10 14:44:50.955,1781091890.956,MK8000,99,LOS,punct_interior,5,7,4,9.965,16.0,1.0,20.49,,9.14,4.61,1.24,-8.0,,6.0,17.0,16.0,-83.0,,-82.0,-63.0,-55.0
2026-06-10 14:44:58.609,1781091898.609,MK8000,99,LOS,punct_interior,5,8,5,9.965,16.0,1.0,21.4,23.39,9.91,4.38,1.57,-8.0,1.0,8.0,14.0,16.0,-84.0,-85.0,-66.0,-62.0,-51.0
2026-06-10 14:45:06.480,1781091906.481,MK8000,99,LOS,punct_interior,5,9,5,9.965,16.0,1.0,22.78,22.38,9.35,4.62,1.58,-9.0,0.0,7.0,14.0,18.0,-82.0,-84.0,-66.0,-58.0,-49.0
2026-06-10 14:45:14.778,1781091914.779,MK8000,99,LOS,punct_interior,5,10,5,9.965,16.0,1.0,22.52,22.3,9.52,4.21,1.55,-9.0,-3.0,6.0,11.0,16.0,-84.0,-83.0,-66.0,-60.0,-49.0
2026-06-10 14:45:22.494,1781091922.494,MK8000,99,LOS,punct_interior,5,11,5,9.965,16.0,1.0,22.46,18.06,10.02,7.16,1.52,-8.0,-3.0,8.0,16.0,14.0,-80.0,-83.0,-84.0,-64.0,-52.0
2026-06-10 14:45:30.649,1781091930.649,MK8000,99,LOS,punct_interior,5,12,5,9.965,16.0,1.0,21.7,17.77,9.62,4.15,1.56,-8.0,-2.0,4.0,12.0,16.0,-81.0,-82.0,-82.0,-58.0,-51.0
2026-06-10 14:45:38.427,1781091938.427,MK8000,99,LOS,punct_interior,5,13,5,9.965,16.0,1.0,22.28,22.93,9.38,4.18,1.56,-10.0,-2.0,6.0,13.0,19.0,-83.0,-85.0,-66.0,-58.0,-51.0
2026-06-10 14:45:46.831,1781091946.831,MK8000,99,LOS,punct_interior,5,14,5,9.965,16.0,1.0,22.18,19.38,10.01,4.19,1.55,-7.0,-4.0,6.0,13.0,19.0,-82.0,-81.0,-66.0,-60.0,-51.0
2026-06-10 14:45:55.059,1781091955.06,MK8000,99,LOS,punct_interior,5,15,5,9.965,16.0,1.0,22.68,23.78,9.48,4.25,1.51,-9.0,1.0,3.0,15.0,14.0,-87.0,-84.0,-66.0,-58.0,-51.0
2026-06-10 14:46:03.325,1781091963.326,MK8000,99,LOS,punct_interior,5,16,5,9.965,16.0,1.0,22.41,18.88,9.59,4.16,1.58,-8.0,-2.0,8.0,12.0,14.0,-83.0,-81.0,-80.0,-60.0,-46.0
2026-06-10 14:46:11.434,1781091971.435,MK8000,99,LOS,punct_interior,5,17,5,9.965,16.0,1.0,20.89,21.86,9.31,4.1,1.51,-7.0,0.0,7.0,12.0,17.0,-80.0,-85.0,-66.0,-60.0,-52.0
2026-06-10 14:46:19.356,1781091979.356,MK8000,99,LOS,punct_interior,5,18,5,9.965,16.0,1.0,22.86,22.24,9.26,4.35,1.54,-7.0,-1.0,5.0,13.0,15.0,-80.0,-86.0,-78.0,-61.0,-52.0
2026-06-10 14:46:27.967,1781091987.968,MK8000,99,LOS,punct_interior,5,19,5,9.965,16.0,1.0,22.37,21.8,9.47,4.23,1.48,-12.0,1.0,9.0,17.0,13.0,-86.0,-85.0,-64.0,-61.0,-52.0
2026-06-10 14:46:37.075,1781091997.075,MK8000,99,LOS,punct_interior,5,20,4,9.965,16.0,1.0,21.26,,9.15,4.16,1.56,-7.0,,7.0,10.0,17.0,-80.0,,-66.0,-58.0,-49.0
2026-06-10 14:46:45.144,1781092005.144,MK8000,99,LOS,punct_interior,5,21,5,9.965,16.0,1.0,23.64,22.27,9.55,4.48,1.51,-7.0,-1.0,6.0,17.0,13.0,-81.0,-84.0,-66.0,-62.0,-46.0
2026-06-10 14:46:53.467,1781092013.467,MK8000,99,LOS,punct_interior,5,22,5,9.965,16.0,1.0,21.74,19.46,9.35,4.22,1.59,-7.0,-2.0,9.0,16.0,15.0,-80.0,-80.0,-78.0,-61.0,-50.0
2026-06-10 14:47:01.009,1781092021.01,MK8000,99,LOS,punct_interior,5,23,5,9.965,16.0,1.0,25.3,22.02,9.42,4.17,1.5,,,,12.0,15.0,,,,-58.0,-50.0
2026-06-10 14:47:08.978,1781092028.978,MK8000,99,LOS,punct_interior,5,24,5,9.965,16.0,1.0,20.27,20.36,9.26,4.22,1.56,-7.0,-3.0,8.0,12.0,15.0,-81.0,-83.0,-66.0,-58.0,-50.0
2026-06-10 14:47:16.576,1781092036.576,MK8000,99,LOS,punct_interior,5,25,5,9.965,16.0,1.0,21.44,20.53,9.34,4.18,1.59,-5.0,2.0,6.0,14.0,15.0,-81.0,-83.0,-66.0,-58.0,-50.0
2026-06-10 14:47:24.193,1781092044.194,MK8000,99,LOS,punct_interior,5,26,5,9.965,16.0,1.0,20.8,21.41,9.49,4.28,1.57,-7.0,2.0,8.0,11.0,15.0,-82.0,-81.0,-83.0,-58.0,-49.0
2026-06-10 14:47:32.235,1781092052.236,MK8000,99,LOS,punct_interior,5,27,5,9.965,16.0,1.0,22.44,17.98,9.38,4.25,1.5,-8.0,1.0,5.0,14.0,15.0,-88.0,-84.0,-66.0,-58.0,-46.0
2026-06-10 14:47:40.103,1781092060.103,MK8000,99,LOS,punct_interior,5,28,5,9.965,16.0,1.0,22.45,20.39,9.44,4.19,1.59,-11.0,1.0,8.0,12.0,18.0,-86.0,-85.0,-66.0,-58.0,-50.0
2026-06-10 14:47:48.660,1781092068.66,MK8000,99,LOS,punct_interior,5,29,5,9.965,16.0,1.0,22.53,20.78,9.32,4.49,1.54,-7.0,1.0,7.0,14.0,16.0,-82.0,-85.0,-66.0,-58.0,-50.0
2026-06-10 14:47:56.990,1781092076.991,MK8000,99,LOS,punct_interior,5,30,5,9.965,16.0,1.0,22.25,21.8,9.27,4.18,1.48,-7.0,-1.0,10.0,13.0,17.0,-84.0,-86.0,-78.0,-58.0,-51.0